run,capability,n,accuracy,soft_accuracy,nll,brier,confidence,ece_15,score_mae,score_within_one,errors,error_rate,latency_ms_mean,latency_ms_p50,latency_ms_p95,_source_file,_line
jev-1.13.0,hard_reasoning,80,0.65,0.5756,0.7483,0.4429,0.6871,0.1711,,,0,0.0,736.7,722.4,823.0,/Users/admin/Code/typed-decision-bench/output/jev-1.13.0_stats.jsonl,1
jev-1.13.0,math_quantitative_decisions,80,0.825,0.7528,0.418,0.2374,0.8235,0.0782,,,0,0.0,723.5,717.1,774.0,/Users/admin/Code/typed-decision-bench/output/jev-1.13.0_stats.jsonl,2
jev-1.13.0,oos_abstention_ambiguity,80,0.8375,0.7454,1.1359,0.2971,0.8545,0.121,,,0,0.0,734.3,724.2,796.0,/Users/admin/Code/typed-decision-bench/output/jev-1.13.0_stats.jsonl,3
jev-1.13.0,pii_sensitive_data_classification,80,0.9875,0.9563,0.0526,0.0248,0.9575,0.0325,,,0,0.0,729.1,722.1,771.8,/Users/admin/Code/typed-decision-bench/output/jev-1.13.0_stats.jsonl,4
jev-1.13.0,routing_intent_support_priority,80,0.975,0.9411,0.1134,0.0469,0.9584,0.0354,0.1695,1.0,0,0.0,734.3,723.5,801.0,/Users/admin/Code/typed-decision-bench/output/jev-1.13.0_stats.jsonl,5
jev-1.13.0,rule_following_formal_logic,80,1.0,0.9986,0.0014,0.0,0.9986,0.0014,,,0,0.0,726.6,721.3,788.7,/Users/admin/Code/typed-decision-bench/output/jev-1.13.0_stats.jsonl,6
jev-1.13.0,security_policy_risk,80,0.9375,0.858,0.3231,0.1451,0.9062,0.0852,0.3304,0.9583,0,0.0,729.6,720.7,796.4,/Users/admin/Code/typed-decision-bench/output/jev-1.13.0_stats.jsonl,7
jev-1.13.0,structured_schema_decisions,80,1.0,0.9918,0.0095,0.0037,0.9918,0.0083,,,0,0.0,719.1,714.8,776.8,/Users/admin/Code/typed-decision-bench/output/jev-1.13.0_stats.jsonl,8
jev-1.13.0,tool_action_selection,80,0.8625,0.8176,1.0212,0.2216,0.9046,0.0694,,,0,0.0,724.1,717.8,764.7,/Users/admin/Code/typed-decision-bench/output/jev-1.13.0_stats.jsonl,9
jev-1.13.0,typed_jev_native_replay,80,0.8875,0.8459,0.3474,0.1647,0.9,0.0667,0.4692,0.7692,0,0.0,719.1,717.6,763.2,/Users/admin/Code/typed-decision-bench/output/jev-1.13.0_stats.jsonl,10
jev-1.13.0,code_quality_judgements,80,0.95,0.8953,0.1764,0.0942,0.9293,0.0315,0.1075,1.0,0,0.0,731.2,722.1,781.8,/Users/admin/Code/typed-decision-bench/output/jev-1.13.0_stats.jsonl,11
jev-1.13.0,program_behavior_prediction,80,1.0,0.9475,0.0558,0.0097,0.9475,0.0525,,,0,0.0,732.0,724.9,793.9,/Users/admin/Code/typed-decision-bench/output/jev-1.13.0_stats.jsonl,12
jev-1.13.0,code_requirement_satisfaction,80,0.7,0.6711,2.3735,0.4387,0.8394,0.1524,,,0,0.0,732.2,730.7,784.3,/Users/admin/Code/typed-decision-bench/output/jev-1.13.0_stats.jsonl,13
jev-1.13.0,patch_diff_correctness,80,1.0,0.8689,0.1523,0.0554,0.8689,0.1311,,,0,0.0,743.1,723.2,787.4,/Users/admin/Code/typed-decision-bench/output/jev-1.13.0_stats.jsonl,14
jev-1.13.0,test_quality_and_adequacy,80,0.95,0.7594,0.3105,0.1546,0.7614,0.1941,,,0,0.0,733.0,728.2,787.5,/Users/admin/Code/typed-decision-bench/output/jev-1.13.0_stats.jsonl,15
jev-1.13.0,api_contract_compatibility,80,0.925,0.7867,0.2868,0.1606,0.7953,0.1297,,,0,0.0,723.3,718.0,774.7,/Users/admin/Code/typed-decision-bench/output/jev-1.13.0_stats.jsonl,16
jev-1.13.0,dependency_api_existence_judgements,80,0.8625,0.8819,0.199,0.146,0.9425,0.1168,,,0,0.0,734.7,724.2,797.7,/Users/admin/Code/typed-decision-bench/output/jev-1.13.0_stats.jsonl,17
jev-1.13.0,version_compatibility,80,1.0,1.0,0.0,0.0,1.0,0.0,,,0,0.0,770.5,722.2,882.5,/Users/admin/Code/typed-decision-bench/output/jev-1.13.0_stats.jsonl,18
jev-1.13.0,environment_portability_judgements,80,0.9875,0.9525,0.0569,0.0278,0.9535,0.0475,,,0,0.0,720.2,711.5,768.1,/Users/admin/Code/typed-decision-bench/output/jev-1.13.0_stats.jsonl,19
jev-1.13.0,concurrency_correctness,80,1.0,0.9809,0.0195,0.0014,0.9809,0.0191,,,0,0.0,726.5,721.0,774.5,/Users/admin/Code/typed-decision-bench/output/jev-1.13.0_stats.jsonl,20
jev-1.13.0,idempotency_judgements,80,0.95,0.8896,0.1442,0.0896,0.8919,0.0601,,,0,0.0,726.9,725.5,765.3,/Users/admin/Code/typed-decision-bench/output/jev-1.13.0_stats.jsonl,21
jev-1.13.0,error_handling_quality,80,1.0,0.9095,0.1008,0.0336,0.9095,0.0905,,,0,0.0,721.7,712.9,777.0,/Users/admin/Code/typed-decision-bench/output/jev-1.13.0_stats.jsonl,22
jev-1.13.0,algorithm_data_structure_appropriateness,80,0.7375,0.7401,0.9807,0.479,0.9783,0.2408,,,0,0.0,730.4,724.4,789.6,/Users/admin/Code/typed-decision-bench/output/jev-1.13.0_stats.jsonl,23
jev-1.13.0,complexity_estimation,80,1.0,0.9932,0.0069,0.0004,0.9932,0.0068,,,0,0.0,728.6,718.5,793.9,/Users/admin/Code/typed-decision-bench/output/jev-1.13.0_stats.jsonl,24
jev-1.13.0,performance_bottleneck_attribution,80,0.9875,0.9481,0.064,0.0352,0.9486,0.0519,,,0,0.0,727.8,721.9,793.7,/Users/admin/Code/typed-decision-bench/output/jev-1.13.0_stats.jsonl,25
jev-1.13.0,parallelization_suitability,80,1.0,0.8722,0.1426,0.0489,0.8722,0.1278,,,0,0.0,725.6,719.2,777.9,/Users/admin/Code/typed-decision-bench/output/jev-1.13.0_stats.jsonl,26
jev-1.13.0,database_query_reasoning,80,1.0,0.9905,0.0097,0.0006,0.9905,0.0095,,,0,0.0,721.1,716.8,759.1,/Users/admin/Code/typed-decision-bench/output/jev-1.13.0_stats.jsonl,27
jev-1.13.0,regex_pattern_correctness,80,0.7125,0.6769,0.9403,0.4722,0.8672,0.242,,,0,0.0,714.8,709.8,756.6,/Users/admin/Code/typed-decision-bench/output/jev-1.13.0_stats.jsonl,28
jev-1.13.0,state_machine_correctness,80,0.8375,0.7696,0.315,0.208,0.7986,0.0641,,,0,0.0,726.3,719.8,785.1,/Users/admin/Code/typed-decision-bench/output/jev-1.13.0_stats.jsonl,29
jev-1.13.0,serialization_compatibility,80,0.8375,0.8097,0.2736,0.1481,0.8397,0.164,,,0,0.0,721.3,711.7,788.9,/Users/admin/Code/typed-decision-bench/output/jev-1.13.0_stats.jsonl,30
jev-1.13.0,data_migration_correctness,80,0.85,0.7846,0.3263,0.2113,0.8424,0.0746,,,0,0.0,723.7,720.7,781.7,/Users/admin/Code/typed-decision-bench/output/jev-1.13.0_stats.jsonl,31
jev-1.13.0,distributed_systems_consistency,80,0.825,0.7661,0.4058,0.1868,0.7965,0.154,,,0,0.0,725.2,721.1,771.7,/Users/admin/Code/typed-decision-bench/output/jev-1.13.0_stats.jsonl,32
jev-1.13.0,cache_correctness,80,0.8875,0.6349,0.4881,0.2417,0.6492,0.2408,,,0,0.0,721.9,721.2,783.7,/Users/admin/Code/typed-decision-bench/output/jev-1.13.0_stats.jsonl,33
jev-1.13.0,observability_adequacy,80,0.825,0.7795,1.7182,0.2577,0.8771,0.1459,,,0,0.0,727.0,720.6,781.6,/Users/admin/Code/typed-decision-bench/output/jev-1.13.0_stats.jsonl,34
jev-1.13.0,log_event_sequence_diagnosis,80,1.0,0.9349,0.0812,0.0353,0.9349,0.0651,,,0,0.0,731.3,731.0,786.8,/Users/admin/Code/typed-decision-bench/output/jev-1.13.0_stats.jsonl,35
jev-1.13.0,configuration_correctness,80,1.0,0.8938,0.116,0.0301,0.8938,0.1062,,,0,0.0,729.6,722.4,791.5,/Users/admin/Code/typed-decision-bench/output/jev-1.13.0_stats.jsonl,36
jev-1.13.0,command_line_semantics,80,0.875,0.8475,0.238,0.1587,0.9035,0.067,,,0,0.0,731.7,725.1,791.3,/Users/admin/Code/typed-decision-bench/output/jev-1.13.0_stats.jsonl,37
jev-1.13.0,open_source_license_compatibility,80,0.8,0.7754,0.4175,0.288,0.8999,0.1349,,,0,0.0,723.6,718.6,766.6,/Users/admin/Code/typed-decision-bench/output/jev-1.13.0_stats.jsonl,38
jev-1.13.0,accessibility_semantics_from_source,80,0.9875,0.928,0.0885,0.0472,0.9287,0.072,,,0,0.0,729.7,719.1,813.4,/Users/admin/Code/typed-decision-bench/output/jev-1.13.0_stats.jsonl,39
jev-1.13.0,graph_logic,80,0.95,0.8245,0.2313,0.1474,0.8313,0.1188,,,0,0.0,720.1,715.3,759.2,/Users/admin/Code/typed-decision-bench/output/jev-1.13.0_stats.jsonl,40
jev-1.13.0,graph_knowledge,80,1.0,1.0,0.0,0.0,1.0,0.0,,,0,0.0,723.9,721.4,781.6,/Users/admin/Code/typed-decision-bench/output/jev-1.13.0_stats.jsonl,41
jev-1.13.0,ontology_taxonomy_consistency,80,0.65,0.5925,1.013,0.522,0.795,0.2145,,,0,0.0,725.3,713.4,790.9,/Users/admin/Code/typed-decision-bench/output/jev-1.13.0_stats.jsonl,42
jev-1.13.0,graph_path_relevance,80,1.0,0.997,0.003,0.0001,0.997,0.003,,,0,0.0,723.9,719.3,774.0,/Users/admin/Code/typed-decision-bench/output/jev-1.13.0_stats.jsonl,43
jev-1.13.0,temporal_graph_consistency,80,1.0,0.9391,0.0637,0.0102,0.9391,0.0609,,,0,0.0,716.9,709.0,770.5,/Users/admin/Code/typed-decision-bench/output/jev-1.13.0_stats.jsonl,44
jev-1.13.0,causal_chain_validation,80,1.0,0.9336,0.0711,0.0147,0.9336,0.0664,,,0,0.0,733.9,725.5,801.3,/Users/admin/Code/typed-decision-bench/output/jev-1.13.0_stats.jsonl,45
jev-1.13.0,root_cause_attribution,80,1.0,0.9949,0.0052,0.0001,0.9949,0.0051,,,0,0.0,721.7,716.0,762.9,/Users/admin/Code/typed-decision-bench/output/jev-1.13.0_stats.jsonl,46
jev-1.13.0,evidence_provenance,80,1.0,1.0,0.0,0.0,1.0,0.0,,,0,0.0,719.9,714.1,779.3,/Users/admin/Code/typed-decision-bench/output/jev-1.13.0_stats.jsonl,47
jev-1.13.0,source_reliability_in_context,80,1.0,1.0,0.0,0.0,1.0,0.0,,,0,0.0,724.2,715.8,799.3,/Users/admin/Code/typed-decision-bench/output/jev-1.13.0_stats.jsonl,48
jev-1.13.0,semantic_similarity_and_factual_correctness,80,0.7625,0.7709,0.8109,0.4422,0.9916,0.2291,,,0,0.0,717.9,717.4,766.6,/Users/admin/Code/typed-decision-bench/output/jev-1.13.0_stats.jsonl,49
jev-1.13.0,summary_completeness,80,1.0,0.9988,0.0013,0.0,0.9988,0.0012,,,0,0.0,722.8,720.7,770.9,/Users/admin/Code/typed-decision-bench/output/jev-1.13.0_stats.jsonl,50
jev-1.13.0,claim_entailment,80,0.75,0.7484,0.6291,0.4081,0.9484,0.1984,,,0,0.0,719.5,713.9,764.6,/Users/admin/Code/typed-decision-bench/output/jev-1.13.0_stats.jsonl,51
jev-1.13.0,unknown_known_state_classification,80,1.0,0.9946,0.0054,0.0002,0.9946,0.0054,,,0,0.0,729.6,721.9,795.2,/Users/admin/Code/typed-decision-bench/output/jev-1.13.0_stats.jsonl,52
jev-1.13.0,answerability_from_provided_context,80,0.9875,0.885,0.1473,0.09,0.8855,0.102,,,0,0.0,738.2,724.8,805.8,/Users/admin/Code/typed-decision-bench/output/jev-1.13.0_stats.jsonl,53
jev-1.13.0,evidence_sufficiency,80,1.0,0.93,0.0732,0.0121,0.93,0.07,,,0,0.0,728.3,722.8,773.2,/Users/admin/Code/typed-decision-bench/output/jev-1.13.0_stats.jsonl,54
jev-1.13.0,fact_vs_inference_classification,80,0.7625,0.767,0.9623,0.4572,0.9955,0.233,,,0,0.0,733.5,722.8,804.5,/Users/admin/Code/typed-decision-bench/output/jev-1.13.0_stats.jsonl,55
jev-1.13.0,hallucination_detection,80,0.75,0.7622,0.7624,0.4523,0.9877,0.2377,,,0,0.0,733.1,720.7,806.9,/Users/admin/Code/typed-decision-bench/output/jev-1.13.0_stats.jsonl,56
jev-1.13.0,topic_keyword_fidelity,80,1.0,1.0,0.0,0.0,1.0,0.0,,,0,0.0,723.9,715.1,791.7,/Users/admin/Code/typed-decision-bench/output/jev-1.13.0_stats.jsonl,57
jev-1.13.0,information_retrieval_relevance,80,1.0,0.9926,0.0074,0.0002,0.9926,0.0074,,,0,0.0,729.2,718.2,774.3,/Users/admin/Code/typed-decision-bench/output/jev-1.13.0_stats.jsonl,58
jev-1.13.0,recommendation_reranking_quality,80,1.0,0.9994,0.0006,0.0,0.9994,0.0006,,,0,0.0,722.7,718.3,777.4,/Users/admin/Code/typed-decision-bench/output/jev-1.13.0_stats.jsonl,59
jev-1.13.0,entity_resolution,80,1.0,0.8684,0.1555,0.0739,0.8684,0.1316,,,0,0.0,727.4,723.1,787.4,/Users/admin/Code/typed-decision-bench/output/jev-1.13.0_stats.jsonl,60
jev-1.13.0,record_deduplication,80,0.4375,0.4682,4.5326,0.8516,0.8305,0.4097,,,0,0.0,729.3,725.8,781.3,/Users/admin/Code/typed-decision-bench/output/jev-1.13.0_stats.jsonl,61
jev-1.13.0,cross_document_reconciliation,80,1.0,0.995,0.005,0.0002,0.995,0.005,,,0,0.0,730.8,725.1,789.2,/Users/admin/Code/typed-decision-bench/output/jev-1.13.0_stats.jsonl,62
jev-1.13.0,document_consistency,80,0.7875,0.7584,0.4751,0.301,0.8874,0.1119,,,0,0.0,726.9,717.3,797.7,/Users/admin/Code/typed-decision-bench/output/jev-1.13.0_stats.jsonl,63
jev-1.13.0,booking_accounting_mapping,80,1.0,0.9959,0.0042,0.0002,0.9959,0.0041,,,0,0.0,724.1,720.0,778.9,/Users/admin/Code/typed-decision-bench/output/jev-1.13.0_stats.jsonl,64
jev-1.13.0,accounting_reasonableness,80,0.925,0.8806,0.1712,0.0957,0.9091,0.0674,,,0,0.0,728.2,720.2,812.9,/Users/admin/Code/typed-decision-bench/output/jev-1.13.0_stats.jsonl,65
jev-1.13.0,invoice_anomaly_detection,80,0.85,0.84,0.4918,0.259,0.9666,0.1166,,,0,0.0,718.7,712.1,756.2,/Users/admin/Code/typed-decision-bench/output/jev-1.13.0_stats.jsonl,66
jev-1.13.0,fraud_scam_likelihood,80,0.8125,0.6835,0.4586,0.2513,0.7172,0.1548,0.2588,0.9875,0,0.0,726.4,719.9,792.6,/Users/admin/Code/typed-decision-bench/output/jev-1.13.0_stats.jsonl,67
jev-1.13.0,transaction_anomaly_detection,80,1.0,0.9366,0.0715,0.0268,0.9366,0.0634,,,0,0.0,723.7,722.5,790.5,/Users/admin/Code/typed-decision-bench/output/jev-1.13.0_stats.jsonl,68
jev-1.13.0,commercial_price_plausibility,80,1.0,1.0,0.0,0.0,1.0,0.0,,,0,0.0,725.8,716.7,796.7,/Users/admin/Code/typed-decision-bench/output/jev-1.13.0_stats.jsonl,69
jev-1.13.0,budget_consistency,80,0.9,0.685,0.4003,0.2376,0.6915,0.2085,,,0,0.0,725.4,718.3,777.7,/Users/admin/Code/typed-decision-bench/output/jev-1.13.0_stats.jsonl,70
jev-1.13.0,resource_planning,80,0.85,0.821,0.3483,0.2171,0.9099,0.0599,,,0,0.0,724.6,718.4,782.0,/Users/admin/Code/typed-decision-bench/output/jev-1.13.0_stats.jsonl,71
jev-1.13.0,capacity_planning,80,0.6375,0.5088,0.8336,0.4947,0.649,0.0748,,,0,0.0,720.9,716.4,774.8,/Users/admin/Code/typed-decision-bench/output/jev-1.13.0_stats.jsonl,72
jev-1.13.0,inventory_decisions,80,0.775,0.7491,0.4047,0.2698,0.8504,0.1446,,,0,0.0,732.4,731.1,787.8,/Users/admin/Code/typed-decision-bench/output/jev-1.13.0_stats.jsonl,73
jev-1.13.0,scheduling_feasibility,80,0.65,0.6028,0.5604,0.3873,0.6825,0.16,,,0,0.0,719.0,719.2,761.0,/Users/admin/Code/typed-decision-bench/output/jev-1.13.0_stats.jsonl,74
jev-1.13.0,prioritization_under_constraints,80,0.8125,0.7747,0.4226,0.2415,0.8549,0.1021,,,0,0.0,725.5,721.6,796.8,/Users/admin/Code/typed-decision-bench/output/jev-1.13.0_stats.jsonl,75
jev-1.13.0,pareto_optimal_decision_taking,80,1.0,0.6824,0.3963,0.2295,0.6824,0.3176,,,0,0.0,715.5,714.3,764.9,/Users/admin/Code/typed-decision-bench/output/jev-1.13.0_stats.jsonl,76
jev-1.13.0,expected_utility_decisions,80,1.0,0.9841,0.0169,0.0036,0.9841,0.0159,,,0,0.0,722.6,714.8,766.7,/Users/admin/Code/typed-decision-bench/output/jev-1.13.0_stats.jsonl,77
jev-1.13.0,bayesian_evidence_updating,80,0.9,0.8964,0.161,0.1063,0.9296,0.0881,,,0,0.0,726.6,722.0,781.9,/Users/admin/Code/typed-decision-bench/output/jev-1.13.0_stats.jsonl,78
jev-1.13.0,game_theory_judgements,80,1.0,0.9859,0.0143,0.0006,0.9859,0.0141,,,0,0.0,742.2,734.8,810.3,/Users/admin/Code/typed-decision-bench/output/jev-1.13.0_stats.jsonl,79
jev-1.13.0,adversarial_agent_reasoning,80,1.0,0.9646,0.0366,0.0035,0.9646,0.0354,,,0,0.0,742.4,723.1,787.8,/Users/admin/Code/typed-decision-bench/output/jev-1.13.0_stats.jsonl,80
jev-1.13.0,negotiation_judgements,80,0.975,0.8991,0.1259,0.0624,0.9023,0.079,,,0,0.0,754.1,727.2,800.3,/Users/admin/Code/typed-decision-bench/output/jev-1.13.0_stats.jsonl,81
jev-1.13.0,probability_support_judgement,80,1.0,0.8807,0.1382,0.0582,0.8807,0.1192,,,0,0.0,721.1,717.5,765.1,/Users/admin/Code/typed-decision-bench/output/jev-1.13.0_stats.jsonl,82
jev-1.13.0,probability_calibration_language,80,1.0,0.9881,0.012,0.0007,0.9881,0.0119,,,0,0.0,724.9,717.9,776.1,/Users/admin/Code/typed-decision-bench/output/jev-1.13.0_stats.jsonl,83
jev-1.13.0,forecast_consistency,80,0.675,0.6786,0.507,0.364,0.7896,0.2134,,,0,0.0,722.9,717.5,774.1,/Users/admin/Code/typed-decision-bench/output/jev-1.13.0_stats.jsonl,84
jev-1.13.0,counterfactual_plausibility,80,0.7625,0.7425,0.5178,0.357,0.9117,0.2045,,,0,0.0,725.3,722.5,786.6,/Users/admin/Code/typed-decision-bench/output/jev-1.13.0_stats.jsonl,85
jev-1.13.0,base_rate_awareness,80,0.85,0.4617,0.8048,0.4737,0.4907,0.3593,,,0,0.0,722.9,716.1,773.5,/Users/admin/Code/typed-decision-bench/output/jev-1.13.0_stats.jsonl,86
jev-1.13.0,sampling_statistical_interpretation,80,1.0,0.9335,0.0733,0.0195,0.9335,0.0665,,,0,0.0,739.8,726.4,772.0,/Users/admin/Code/typed-decision-bench/output/jev-1.13.0_stats.jsonl,87
jev-1.13.0,unit_understanding,80,1.0,0.8619,0.1628,0.0618,0.8619,0.1381,,,0,0.0,728.1,721.7,795.0,/Users/admin/Code/typed-decision-bench/output/jev-1.13.0_stats.jsonl,88
jev-1.13.0,dimensional_consistency,80,1.0,0.9215,0.0886,0.033,0.9215,0.0785,,,0,0.0,725.2,720.1,765.6,/Users/admin/Code/typed-decision-bench/output/jev-1.13.0_stats.jsonl,89
jev-1.13.0,order_of_magnitude_reasoning,80,0.9875,0.9582,0.0578,0.0313,0.9662,0.0375,,,0,0.0,736.2,725.3,836.5,/Users/admin/Code/typed-decision-bench/output/jev-1.13.0_stats.jsonl,90
jev-1.13.0,scale_plausibility,80,1.0,0.9484,0.0536,0.0075,0.9484,0.0516,,,0,0.0,723.0,717.9,779.4,/Users/admin/Code/typed-decision-bench/output/jev-1.13.0_stats.jsonl,91
jev-1.13.0,geometry_and_embodied_navigation,80,0.55,0.5685,0.7714,0.4948,0.7306,0.1884,,,0,0.0,727.7,721.4,800.1,/Users/admin/Code/typed-decision-bench/output/jev-1.13.0_stats.jsonl,92
jev-1.13.0,spatial_relation_reasoning,80,1.0,0.8848,0.1288,0.0329,0.8848,0.1152,,,0,0.0,729.1,721.9,775.1,/Users/admin/Code/typed-decision-bench/output/jev-1.13.0_stats.jsonl,93
jev-1.13.0,route_feasibility,80,0.8625,0.8988,0.1794,0.1367,0.9534,0.0996,,,0,0.0,728.3,719.2,793.5,/Users/admin/Code/typed-decision-bench/output/jev-1.13.0_stats.jsonl,94
jev-1.13.0,embodied_affordances,80,1.0,0.9269,0.0768,0.0135,0.9269,0.0731,,,0,0.0,714.3,707.5,760.1,/Users/admin/Code/typed-decision-bench/output/jev-1.13.0_stats.jsonl,95
jev-1.13.0,physical_commonsense,80,1.0,0.9346,0.0686,0.0118,0.9346,0.0654,,,0,0.0,731.9,727.7,792.6,/Users/admin/Code/typed-decision-bench/output/jev-1.13.0_stats.jsonl,96
jev-1.13.0,mechanical_system_reasoning,80,0.7625,0.6957,0.6432,0.3799,0.8353,0.1747,,,0,0.0,734.7,729.2,800.5,/Users/admin/Code/typed-decision-bench/output/jev-1.13.0_stats.jsonl,97
jev-1.13.0,object_permanence_state_tracking,80,1.0,1.0,0.0,0.0,1.0,0.0,,,0,0.0,730.9,719.2,806.6,/Users/admin/Code/typed-decision-bench/output/jev-1.13.0_stats.jsonl,98
jev-1.13.0,temporal_ordering,80,1.0,0.9999,0.0001,0.0,0.9999,0.0001,,,0,0.0,727.5,724.8,772.7,/Users/admin/Code/typed-decision-bench/output/jev-1.13.0_stats.jsonl,99
jev-1.13.0,calendar_time_zone_understanding,80,0.9875,0.9484,0.0653,0.0318,0.9536,0.0431,,,0,0.0,723.7,719.1,785.2,/Users/admin/Code/typed-decision-bench/output/jev-1.13.0_stats.jsonl,100
jev-1.13.0,historical_fact_verification,80,1.0,0.9602,0.0408,0.0041,0.9602,0.0398,,,0,0.0,722.5,718.0,786.8,/Users/admin/Code/typed-decision-bench/output/jev-1.13.0_stats.jsonl,101
jev-1.13.0,historical_anachronism_detection,80,1.0,0.8671,0.1474,0.0495,0.8671,0.1329,,,0,0.0,723.4,720.8,768.3,/Users/admin/Code/typed-decision-bench/output/jev-1.13.0_stats.jsonl,102
jev-1.13.0,geographical_consistency,80,0.825,0.7522,0.3354,0.2117,0.7923,0.1138,,,0,0.0,723.4,719.8,767.4,/Users/admin/Code/typed-decision-bench/output/jev-1.13.0_stats.jsonl,103
jev-1.13.0,weather_state_interpretation,80,1.0,0.9611,0.0399,0.0039,0.9611,0.0389,,,0,0.0,726.4,724.3,770.1,/Users/admin/Code/typed-decision-bench/output/jev-1.13.0_stats.jsonl,104
jev-1.13.0,scientific_hypothesis_plausibility,80,1.0,0.929,0.0762,0.018,0.929,0.071,,,0,0.0,721.0,712.2,798.1,/Users/admin/Code/typed-decision-bench/output/jev-1.13.0_stats.jsonl,105
jev-1.13.0,experimental_design_judgement,80,1.0,0.9684,0.0332,0.0046,0.9684,0.0316,,,0,0.0,731.4,722.6,803.3,/Users/admin/Code/typed-decision-bench/output/jev-1.13.0_stats.jsonl,106
jev-1.13.0,measurement_uncertainty_reasoning,80,0.8125,0.6955,0.4362,0.2729,0.753,0.1237,,,0,0.0,730.5,723.2,821.6,/Users/admin/Code/typed-decision-bench/output/jev-1.13.0_stats.jsonl,107
jev-1.13.0,biological_system_reasoning,80,0.8625,0.8818,0.1758,0.1208,0.9233,0.1183,,,0,0.0,723.9,716.9,780.1,/Users/admin/Code/typed-decision-bench/output/jev-1.13.0_stats.jsonl,108
jev-1.13.0,biological_signal_understanding,80,1.0,0.9976,0.0024,0.0001,0.9976,0.0024,,,0,0.0,717.6,712.3,755.1,/Users/admin/Code/typed-decision-bench/output/jev-1.13.0_stats.jsonl,109
jev-1.13.0,medical_differential_reasoning_benchmarks,80,1.0,0.998,0.002,0.0,0.998,0.002,,,0,0.0,722.1,716.8,768.4,/Users/admin/Code/typed-decision-bench/output/jev-1.13.0_stats.jsonl,110
jev-1.13.0,medical_chronology_consistency,80,1.0,0.98,0.0202,0.0009,0.98,0.02,,,0,0.0,718.6,712.0,763.8,/Users/admin/Code/typed-decision-bench/output/jev-1.13.0_stats.jsonl,111
jev-1.13.0,translation_correctness,80,1.0,0.9977,0.0023,0.0,0.9977,0.0023,,,0,0.0,721.1,714.3,764.9,/Users/admin/Code/typed-decision-bench/output/jev-1.13.0_stats.jsonl,112
jev-1.13.0,grammar_judgement,80,1.0,0.9776,0.0236,0.0033,0.9776,0.0224,,,0,0.0,726.9,716.3,783.3,/Users/admin/Code/typed-decision-bench/output/jev-1.13.0_stats.jsonl,113
jev-1.13.0,glossary_adherence,80,1.0,0.9828,0.0175,0.0008,0.9828,0.0172,,,0,0.0,719.5,716.4,767.0,/Users/admin/Code/typed-decision-bench/output/jev-1.13.0_stats.jsonl,114
jev-1.13.0,synonym_semantic_substitution_scoring,80,0.6625,0.6061,0.7108,0.3853,0.706,0.2503,,,0,0.0,715.9,713.0,755.1,/Users/admin/Code/typed-decision-bench/output/jev-1.13.0_stats.jsonl,115
jev-1.13.0,word_sense_disambiguation,80,1.0,0.9999,0.0001,0.0,0.9999,0.0001,,,0,0.0,724.1,723.4,769.1,/Users/admin/Code/typed-decision-bench/output/jev-1.13.0_stats.jsonl,116
jev-1.13.0,language_dialect_identification,80,1.0,1.0,0.0,0.0,1.0,0.0,,,0,0.0,719.1,714.7,767.6,/Users/admin/Code/typed-decision-bench/output/jev-1.13.0_stats.jsonl,117
jev-1.13.0,code_switch_understanding,80,0.625,0.6094,0.5776,0.3815,0.7075,0.1933,,,0,0.0,720.2,713.9,765.2,/Users/admin/Code/typed-decision-bench/output/jev-1.13.0_stats.jsonl,118
jev-1.13.0,pragmatic_intent_understanding,80,0.8375,0.8196,0.2784,0.1826,0.8921,0.1486,,,0,0.0,723.3,718.0,772.3,/Users/admin/Code/typed-decision-bench/output/jev-1.13.0_stats.jsonl,119
jev-1.13.0,sarcasm_and_humor_understanding,80,1.0,0.8979,0.1161,0.0427,0.8979,0.1021,,,0,0.0,731.4,719.5,813.4,/Users/admin/Code/typed-decision-bench/output/jev-1.13.0_stats.jsonl,120
jev-1.13.0,humor_explanation_correctness,80,1.0,1.0,0.0,0.0,1.0,0.0,,,0,0.0,715.8,711.8,760.6,/Users/admin/Code/typed-decision-bench/output/jev-1.13.0_stats.jsonl,121
jev-1.13.0,mood_atmosphere_understanding,80,1.0,0.9896,0.0107,0.0013,0.9896,0.0104,,,0,0.0,715.6,710.0,760.4,/Users/admin/Code/typed-decision-bench/output/jev-1.13.0_stats.jsonl,122
jev-1.13.0,tone_register_classification,80,1.0,0.989,0.0113,0.0009,0.989,0.011,,,0,0.0,722.4,713.2,791.7,/Users/admin/Code/typed-decision-bench/output/jev-1.13.0_stats.jsonl,123
jev-1.13.0,dialogue_coherence,80,1.0,0.9126,0.102,0.0461,0.9126,0.0874,,,0,0.0,729.4,711.4,768.7,/Users/admin/Code/typed-decision-bench/output/jev-1.13.0_stats.jsonl,124
jev-1.13.0,conversation_state_tracking,80,1.0,1.0,0.0,0.0,1.0,0.0,,,0,0.0,716.9,712.6,757.7,/Users/admin/Code/typed-decision-bench/output/jev-1.13.0_stats.jsonl,125
jev-1.13.0,persona_consistency,80,1.0,0.8841,0.1325,0.0472,0.8841,0.1159,,,0,0.0,721.5,715.8,777.8,/Users/admin/Code/typed-decision-bench/output/jev-1.13.0_stats.jsonl,126
jev-1.13.0,theory_of_mind_false_belief_reasoning,80,1.0,0.932,0.0791,0.0283,0.932,0.068,,,0,0.0,715.7,712.2,760.2,/Users/admin/Code/typed-decision-bench/output/jev-1.13.0_stats.jsonl,127
jev-1.13.0,embodied_unknowns,80,1.0,0.833,0.1943,0.083,0.833,0.167,,,0,0.0,726.4,717.8,780.3,/Users/admin/Code/typed-decision-bench/output/jev-1.13.0_stats.jsonl,128
jev-1.13.0,embodied_time_aware_world_views,80,1.0,0.79,0.2539,0.1307,0.79,0.21,,,0,0.0,720.5,715.1,772.7,/Users/admin/Code/typed-decision-bench/output/jev-1.13.0_stats.jsonl,129
jev-1.13.0,embodied_emotions,80,0.85,0.7544,0.3238,0.1918,0.7827,0.1347,,,0,0.0,721.4,713.1,777.2,/Users/admin/Code/typed-decision-bench/output/jev-1.13.0_stats.jsonl,130
jev-1.13.0,emotion_cause_attribution,80,1.0,1.0,0.0,0.0,1.0,0.0,,,0,0.0,720.4,712.0,760.9,/Users/admin/Code/typed-decision-bench/output/jev-1.13.0_stats.jsonl,131
jev-1.13.0,social_norm_reasoning,80,1.0,0.973,0.0281,0.0042,0.973,0.027,,,0,0.0,718.4,714.6,768.7,/Users/admin/Code/typed-decision-bench/output/jev-1.13.0_stats.jsonl,132
jev-1.13.0,relationship_permission_reasoning,80,1.0,0.9489,0.0528,0.0065,0.9489,0.0511,,,0,0.0,733.1,723.7,816.4,/Users/admin/Code/typed-decision-bench/output/jev-1.13.0_stats.jsonl,133
jev-1.13.0,embodied_animal_understanding,80,1.0,0.894,0.1183,0.04,0.894,0.106,,,0,0.0,725.9,720.3,778.4,/Users/admin/Code/typed-decision-bench/output/jev-1.13.0_stats.jsonl,134
jev-1.13.0,animal_affordance_constraint_reasoning,80,1.0,0.9181,0.0872,0.0193,0.9181,0.0819,,,0,0.0,719.3,708.3,774.9,/Users/admin/Code/typed-decision-bench/output/jev-1.13.0_stats.jsonl,135
jev-1.13.0,narrative_next_event_plausibility,80,1.0,1.0,0.0,0.0,1.0,0.0,,,0,0.0,720.5,714.1,775.7,/Users/admin/Code/typed-decision-bench/output/jev-1.13.0_stats.jsonl,136
jev-1.13.0,character_goal_consistency,80,1.0,0.9549,0.0463,0.0046,0.9549,0.0451,,,0,0.0,716.5,706.3,765.0,/Users/admin/Code/typed-decision-bench/output/jev-1.13.0_stats.jsonl,137
jev-1.13.0,ocr_ngram_based_text_recognition,80,1.0,1.0,0.0,0.0,1.0,0.0,,,0,0.0,717.5,713.2,769.1,/Users/admin/Code/typed-decision-bench/output/jev-1.13.0_stats.jsonl,138
jev-1.13.0,noisy_ocr_reconstruction,80,1.0,0.9741,0.0271,0.0035,0.9741,0.0259,,,0,0.0,715.5,711.0,761.4,/Users/admin/Code/typed-decision-bench/output/jev-1.13.0_stats.jsonl,139
jev-1.13.0,document_field_association,80,1.0,1.0,0.0,0.0,1.0,0.0,,,0,0.0,717.9,715.3,747.0,/Users/admin/Code/typed-decision-bench/output/jev-1.13.0_stats.jsonl,140
jev-1.13.0,document_type_classification,80,1.0,1.0,0.0,0.0,1.0,0.0,,,0,0.0,711.7,705.3,758.2,/Users/admin/Code/typed-decision-bench/output/jev-1.13.0_stats.jsonl,141
jev-1.13.0,document_workflow_state,80,1.0,1.0,0.0,0.0,1.0,0.0,,,0,0.0,715.4,713.6,746.0,/Users/admin/Code/typed-decision-bench/output/jev-1.13.0_stats.jsonl,142
jev-1.13.0,table_reasoning_from_linearized_text,80,0.95,0.9388,0.1008,0.0567,0.9577,0.0405,,,0,0.0,711.2,708.3,755.4,/Users/admin/Code/typed-decision-bench/output/jev-1.13.0_stats.jsonl,143
jev-1.13.0,spreadsheet_formula_semantics_from_text,80,1.0,0.9946,0.0055,0.0004,0.9946,0.0054,,,0,0.0,723.8,715.3,789.8,/Users/admin/Code/typed-decision-bench/output/jev-1.13.0_stats.jsonl,144
jev-1.13.0,form_completeness,80,1.0,0.9929,0.0072,0.0003,0.9929,0.0071,,,0,0.0,727.2,720.3,794.8,/Users/admin/Code/typed-decision-bench/output/jev-1.13.0_stats.jsonl,145
jev-1.13.0,contract_clause_consistency,80,0.8125,0.7068,1.857,0.4173,0.8907,0.2791,,,0,0.0,721.2,721.0,765.1,/Users/admin/Code/typed-decision-bench/output/jev-1.13.0_stats.jsonl,146
jev-1.13.0,requirement_traceability,80,0.9875,0.8409,0.1918,0.0783,0.8414,0.1584,,,0,0.0,731.3,724.8,798.3,/Users/admin/Code/typed-decision-bench/output/jev-1.13.0_stats.jsonl,147
jev-1.13.0,business_process_conformance,80,1.0,0.9832,0.0175,0.0026,0.9832,0.0168,,,0,0.0,716.8,710.3,765.4,/Users/admin/Code/typed-decision-bench/output/jev-1.13.0_stats.jsonl,148
jev-1.13.0,email_thread_state_understanding,80,0.775,0.7162,0.4306,0.2624,0.7982,0.1626,,,0,0.0,720.9,715.9,768.0,/Users/admin/Code/typed-decision-bench/output/jev-1.13.0_stats.jsonl,149
jev-1.13.0,action_item_extraction_verification,80,1.0,0.8209,0.2159,0.1093,0.8209,0.1791,,,0,0.0,722.6,715.1,767.6,/Users/admin/Code/typed-decision-bench/output/jev-1.13.0_stats.jsonl,150
jev-1.13.0,product_catalog_matching,80,1.0,0.9986,0.0014,0.0001,0.9986,0.0014,,,0,0.0,724.3,713.9,810.1,/Users/admin/Code/typed-decision-bench/output/jev-1.13.0_stats.jsonl,151
jev-1.13.0,compatibility_matching,80,0.825,0.8079,0.2515,0.1439,0.8404,0.1921,,,0,0.0,724.0,717.4,783.7,/Users/admin/Code/typed-decision-bench/output/jev-1.13.0_stats.jsonl,152
jev-1.13.0,taxonomy_category_assignment,80,1.0,1.0,0.0,0.0,1.0,0.0,,,0,0.0,717.8,710.4,760.1,/Users/admin/Code/typed-decision-bench/output/jev-1.13.0_stats.jsonl,153
jev-1.13.0,multi_label_topic_classification,80,1.0,0.9587,0.0425,0.0047,0.9587,0.0412,,,0,0.0,723.3,717.2,782.9,/Users/admin/Code/typed-decision-bench/output/jev-1.13.0_stats.jsonl,154
jev-1.13.0,domain_identification,80,1.0,0.971,0.0299,0.0035,0.971,0.029,,,0,0.0,715.4,714.5,759.1,/Users/admin/Code/typed-decision-bench/output/jev-1.13.0_stats.jsonl,155
jev-1.13.0,expertise_level_estimation_of_text,80,1.0,0.9943,0.0058,0.0003,0.9943,0.0057,,,0,0.0,719.2,715.5,763.8,/Users/admin/Code/typed-decision-bench/output/jev-1.13.0_stats.jsonl,156
jev-1.13.0,explanation_necessity_judgement,80,1.0,0.9029,0.1027,0.0204,0.9029,0.0971,,,0,0.0,719.5,716.4,767.6,/Users/admin/Code/typed-decision-bench/output/jev-1.13.0_stats.jsonl,157
jev-1.13.0,explanation_quality_judgement,80,0.7875,0.8071,0.275,0.1854,0.8531,0.1369,,,0,0.0,714.7,709.9,762.6,/Users/admin/Code/typed-decision-bench/output/jev-1.13.0_stats.jsonl,158
jev-1.13.0,rationale_to_answer_consistency,80,1.0,0.9375,0.065,0.0092,0.9375,0.0625,,,0,0.0,719.4,714.7,774.8,/Users/admin/Code/typed-decision-bench/output/jev-1.13.0_stats.jsonl,159
jev-1.13.0,constraint_satisfaction_judgement,80,1.0,0.9639,0.0369,0.0028,0.9639,0.0361,,,0,0.0,721.9,714.1,776.0,/Users/admin/Code/typed-decision-bench/output/jev-1.13.0_stats.jsonl,160
jev-1.13.0,soft_vs_hard_constraint_discrimination,80,1.0,0.9974,0.0026,0.0001,0.9974,0.0026,,,0,0.0,717.5,710.4,768.1,/Users/admin/Code/typed-decision-bench/output/jev-1.13.0_stats.jsonl,161
jev-1.13.0,preference_learning_from_explicit_examples,80,1.0,0.9739,0.0272,0.004,0.9739,0.0261,,,0,0.0,742.5,723.3,778.3,/Users/admin/Code/typed-decision-bench/output/jev-1.13.0_stats.jsonl,162
jev-1.13.0,multi_criteria_scoring_consistency,80,0.625,0.5481,0.6509,0.4582,0.6449,0.0961,,,0,0.0,727.6,721.5,774.9,/Users/admin/Code/typed-decision-bench/output/jev-1.13.0_stats.jsonl,163
jev-1.13.0,rubric_based_quality_assessment,80,1.0,0.9476,0.0548,0.0082,0.9476,0.0524,0.0493,1.0,0,0.0,720.1,717.1,786.0,/Users/admin/Code/typed-decision-bench/output/jev-1.13.0_stats.jsonl,164
jev-1.13.0,comparative_judgement_transitivity,80,1.0,0.9315,0.072,0.0129,0.9315,0.0685,,,0,0.0,716.8,709.5,766.0,/Users/admin/Code/typed-decision-bench/output/jev-1.13.0_stats.jsonl,165
jev-1.13.0,pairwise_preference_prediction,80,0.9,0.8965,0.2162,0.1181,0.9323,0.0525,,,0,0.0,724.4,722.1,773.0,/Users/admin/Code/typed-decision-bench/output/jev-1.13.0_stats.jsonl,166
jev-1.13.0,set_coverage_diversity_judgement,80,1.0,1.0,0.0,0.0,1.0,0.0,,,0,0.0,731.7,720.5,818.7,/Users/admin/Code/typed-decision-bench/output/jev-1.13.0_stats.jsonl,167
jev-1.13.0,redundancy_detection,80,0.7625,0.6685,0.4907,0.3384,0.7503,0.1575,,,0,0.0,716.9,715.5,760.7,/Users/admin/Code/typed-decision-bench/output/jev-1.13.0_stats.jsonl,168
jev-1.13.0,information_density_judgement,80,0.9125,0.6621,0.4389,0.213,0.6671,0.2454,0.5293,0.925,0,0.0,725.0,714.8,784.9,/Users/admin/Code/typed-decision-bench/output/jev-1.13.0_stats.jsonl,169
jev-1.13.0,data_quality_validation,80,1.0,0.9848,0.0156,0.0012,0.9848,0.0153,,,0,0.0,718.5,713.6,772.5,/Users/admin/Code/typed-decision-bench/output/jev-1.13.0_stats.jsonl,170
jev-1.13.0,synthetic_data_plausibility,80,1.0,0.9695,0.031,0.0019,0.9695,0.0305,,,0,0.0,721.9,714.6,785.9,/Users/admin/Code/typed-decision-bench/output/jev-1.13.0_stats.jsonl,171
jev-1.13.0,class_label_leakage_detection,80,1.0,0.7448,0.3086,0.163,0.7448,0.2553,,,0,0.0,720.6,716.3,757.4,/Users/admin/Code/typed-decision-bench/output/jev-1.13.0_stats.jsonl,172
jev-1.13.0,dataset_example_quality,80,0.65,0.5028,0.9227,0.5056,0.5988,0.0829,,,0,0.0,723.0,715.1,779.8,/Users/admin/Code/typed-decision-bench/output/jev-1.13.0_stats.jsonl,173
jev-1.13.0,benchmark_contamination_clues,80,0.6875,0.6358,1.2337,0.6,0.892,0.3343,,,0,0.0,723.2,718.9,778.0,/Users/admin/Code/typed-decision-bench/output/jev-1.13.0_stats.jsonl,174
jev-1.13.0,adversarial_example_detection,80,0.9,0.7425,0.3977,0.1857,0.7525,0.1685,,,0,0.0,722.9,719.1,772.7,/Users/admin/Code/typed-decision-bench/output/jev-1.13.0_stats.jsonl,175
jev-1.13.0,spurious_correlation_resistance,80,0.6375,0.4652,0.7959,0.5027,0.5347,0.1604,,,0,0.0,718.0,709.7,772.5,/Users/admin/Code/typed-decision-bench/output/jev-1.13.0_stats.jsonl,176
jev-1.13.0,invariant_detection,80,1.0,0.9606,0.0403,0.0035,0.9606,0.0394,,,0,0.0,724.5,719.0,778.7,/Users/admin/Code/typed-decision-bench/output/jev-1.13.0_stats.jsonl,177
jev-1.13.0,boundary_condition_judgement,80,1.0,0.9027,0.1035,0.0229,0.9027,0.0972,,,0,0.0,720.7,711.7,803.1,/Users/admin/Code/typed-decision-bench/output/jev-1.13.0_stats.jsonl,178
jev-1.13.0,failure_mode_classification,80,1.0,0.997,0.003,0.0001,0.997,0.003,,,0,0.0,720.7,715.5,768.6,/Users/admin/Code/typed-decision-bench/output/jev-1.13.0_stats.jsonl,179
jev-1.13.0,recoverability_judgement,80,0.925,0.9084,0.1209,0.0741,0.9169,0.0569,,,0,0.0,720.2,714.6,766.2,/Users/admin/Code/typed-decision-bench/output/jev-1.13.0_stats.jsonl,180
jev-1.13.0,reversibility_destructiveness,80,0.8375,0.8065,0.2719,0.1626,0.8334,0.0901,,,0,0.0,722.5,714.1,795.9,/Users/admin/Code/typed-decision-bench/output/jev-1.13.0_stats.jsonl,181
jev-1.13.0,operational_urgency,80,0.9375,0.9367,0.1207,0.0828,0.9752,0.0618,0.0614,1.0,0,0.0,716.2,711.8,766.3,/Users/admin/Code/typed-decision-bench/output/jev-1.13.0_stats.jsonl,182
jev-1.13.0,change_risk_judgement,80,0.775,0.7709,0.3843,0.2773,0.8844,0.1161,0.1896,1.0,0,0.0,718.0,711.9,761.9,/Users/admin/Code/typed-decision-bench/output/jev-1.13.0_stats.jsonl,183
jev-1.13.0,regression_likelihood_judgement,80,0.6375,0.5493,0.7296,0.4498,0.6528,0.0851,0.4057,0.8875,0,0.0,715.2,711.2,754.0,/Users/admin/Code/typed-decision-bench/output/jev-1.13.0_stats.jsonl,184
jev-1.13.0,human_vs_machine_task_suitability,80,0.8125,0.7715,0.3127,0.2126,0.7987,0.0683,,,0,0.0,722.0,721.8,764.5,/Users/admin/Code/typed-decision-bench/output/jev-1.13.0_stats.jsonl,185
jev-1.13.0,live_data_requirement,80,1.0,0.8748,0.1362,0.0385,0.8748,0.1252,,,0,0.0,718.9,708.7,765.8,/Users/admin/Code/typed-decision-bench/output/jev-1.13.0_stats.jsonl,186
jev-1.13.0,information_acquisition_value,80,1.0,0.894,0.1248,0.058,0.894,0.106,,,0,0.0,721.6,710.6,769.0,/Users/admin/Code/typed-decision-bench/output/jev-1.13.0_stats.jsonl,187
jev-1.13.0,stopping_decision_sufficiency,80,1.0,0.85,0.1737,0.0732,0.85,0.15,,,0,0.0,722.5,715.5,771.5,/Users/admin/Code/typed-decision-bench/output/jev-1.13.0_stats.jsonl,188
jev-1.13.0,confidence_vs_evidence_consistency,80,0.8625,0.8,0.2691,0.1593,0.8306,0.1509,,,0,0.0,739.2,716.5,768.7,/Users/admin/Code/typed-decision-bench/output/jev-1.13.0_stats.jsonl,189
jev-1.13.0,self_consistency_across_outputs,80,0.9875,0.6776,0.3978,0.2231,0.6776,0.3099,,,0,0.0,719.8,713.2,776.5,/Users/admin/Code/typed-decision-bench/output/jev-1.13.0_stats.jsonl,190
jev-1.13.0,granularity_selection,80,1.0,0.9706,0.0306,0.0042,0.9706,0.0294,,,0,0.0,719.9,713.4,772.9,/Users/admin/Code/typed-decision-bench/output/jev-1.13.0_stats.jsonl,191
jev-1.13.0,abstraction_level_matching,80,1.0,0.9178,0.1006,0.0523,0.9178,0.0822,,,0,0.0,716.3,709.4,762.8,/Users/admin/Code/typed-decision-bench/output/jev-1.13.0_stats.jsonl,192
jev-1.13.0,analogy_validity,80,0.7,0.6089,0.9176,0.4624,0.7657,0.2329,,,0,0.0,860.7,742.4,1458.2,/Users/admin/Code/typed-decision-bench/output/jev-1.13.0_stats.jsonl,193
jev-1.13.0,category_error_detection,80,1.0,0.998,0.002,0.0,0.998,0.002,,,0,0.0,720.2,710.5,772.8,/Users/admin/Code/typed-decision-bench/output/jev-1.13.0_stats.jsonl,194
jev-1.13.0,cognitive_bias_illogic_detection,80,0.95,0.9501,0.0695,0.0478,0.9568,0.0217,,,0,0.0,719.1,713.3,767.3,/Users/admin/Code/typed-decision-bench/output/jev-1.13.0_stats.jsonl,195
jev-1.13.0,contradiction_resolution,80,1.0,0.9765,0.0241,0.0019,0.9765,0.0235,,,0,0.0,719.8,720.1,761.8,/Users/admin/Code/typed-decision-bench/output/jev-1.13.0_stats.jsonl,196
jev-1.13.0,scope_reasoning,80,1.0,0.89,0.1271,0.0524,0.89,0.11,,,0,0.0,720.6,713.5,770.5,/Users/admin/Code/typed-decision-bench/output/jev-1.13.0_stats.jsonl,197
jev-1.13.0,quantifier_reasoning_in_natural_text,80,0.775,0.7784,0.8266,0.4193,0.9876,0.2126,,,0,0.0,716.8,712.0,761.3,/Users/admin/Code/typed-decision-bench/output/jev-1.13.0_stats.jsonl,198
jev-1.13.0,negation_polarity_tracking,80,0.7625,0.7679,0.916,0.4538,0.9946,0.2321,,,0,0.0,721.5,715.3,798.1,/Users/admin/Code/typed-decision-bench/output/jev-1.13.0_stats.jsonl,199
jev-1.13.0,reference_coreference_resolution,80,1.0,0.9886,0.0115,0.0005,0.9886,0.0114,,,0,0.0,722.4,717.1,780.9,/Users/admin/Code/typed-decision-bench/output/jev-1.13.0_stats.jsonl,200
jev-1.13.0,comparative_language_reasoning,80,0.7625,0.7933,0.4737,0.3502,0.9633,0.2065,,,0,0.0,722.1,718.7,768.0,/Users/admin/Code/typed-decision-bench/output/jev-1.13.0_stats.jsonl,201
jev-1.13.0,definition_adherence,80,1.0,0.9698,0.0308,0.0021,0.9698,0.0302,,,0,0.0,716.9,708.5,762.5,/Users/admin/Code/typed-decision-bench/output/jev-1.13.0_stats.jsonl,202
jev-1.13.0,local_rule_over_world_knowledge_judgement,80,1.0,0.9555,0.0456,0.0044,0.9555,0.0445,,,0,0.0,713.2,707.3,756.6,/Users/admin/Code/typed-decision-bench/output/jev-1.13.0_stats.jsonl,203
jev-1.13.0,world_model_consistency,80,1.0,0.9701,0.0304,0.002,0.9701,0.0299,,,0,0.0,720.8,712.2,771.4,/Users/admin/Code/typed-decision-bench/output/jev-1.13.0_stats.jsonl,204
jev-1.13.0,long_context_distractor_resistance,80,1.0,1.0,0.0,0.0,1.0,0.0,,,0,0.0,717.8,715.1,759.8,/Users/admin/Code/typed-decision-bench/output/jev-1.13.0_stats.jsonl,205
jev-1.13.0,needle_set_retrieval,80,1.0,0.9623,0.043,0.0146,0.9623,0.0377,,,0,0.0,721.5,713.5,766.5,/Users/admin/Code/typed-decision-bench/output/jev-1.13.0_stats.jsonl,206
jev-1.13.0,cross_domain_synthesis,80,1.0,0.8675,0.1429,0.0374,0.8675,0.1325,,,0,0.0,716.6,711.8,761.3,/Users/admin/Code/typed-decision-bench/output/jev-1.13.0_stats.jsonl,207
jev-1.13.0,minimal_sufficient_explanation_selection,80,1.0,1.0,0.0,0.0,1.0,0.0,,,0,0.0,721.3,712.9,771.0,/Users/admin/Code/typed-decision-bench/output/jev-1.13.0_stats.jsonl,208
jev-1.13.0,competing_hypothesis_discrimination,80,1.0,0.9512,0.0502,0.0054,0.9512,0.0488,,,0,0.0,718.6,708.6,771.4,/Users/admin/Code/typed-decision-bench/output/jev-1.13.0_stats.jsonl,209
jev-1.13.0,mechanism_vs_pattern_distinction,80,0.775,0.6554,0.5901,0.395,0.7824,0.1946,,,0,0.0,720.8,716.4,756.1,/Users/admin/Code/typed-decision-bench/output/jev-1.13.0_stats.jsonl,210
jev-1.13.0,decision_robustness,80,1.0,0.9311,0.0725,0.0134,0.9311,0.0689,,,0,0.0,712.2,711.3,747.9,/Users/admin/Code/typed-decision-bench/output/jev-1.13.0_stats.jsonl,211
jev-1.13.0,sensitivity_analysis,80,0.8625,0.7897,0.3523,0.2113,0.8554,0.0716,,,0,0.0,723.8,715.0,777.9,/Users/admin/Code/typed-decision-bench/output/jev-1.13.0_stats.jsonl,212
jev-1.13.0,dominated_information_detection,80,1.0,0.8174,0.2052,0.0758,0.8174,0.1826,,,0,0.0,724.7,722.5,783.7,/Users/admin/Code/typed-decision-bench/output/jev-1.13.0_stats.jsonl,213
jev-1.13.0,consistency_under_paraphrase,80,0.975,0.8252,0.2147,0.1126,0.8267,0.1483,,,0,0.0,720.2,716.6,779.8,/Users/admin/Code/typed-decision-bench/output/jev-1.13.0_stats.jsonl,214
jev-1.13.0,consistency_under_irrelevant_context_insertion,80,1.0,0.9449,0.0571,0.0073,0.9449,0.0551,,,0,0.0,724.7,716.8,781.4,/Users/admin/Code/typed-decision-bench/output/jev-1.13.0_stats.jsonl,215
jev-1.13.0,consistency_under_option_permutation,80,1.0,0.8954,0.1115,0.0251,0.8954,0.1046,,,0,0.0,723.9,714.1,775.9,/Users/admin/Code/typed-decision-bench/output/jev-1.13.0_stats.jsonl,216
jev-1.13.0,calibration_under_ambiguity,80,0.725,0.7336,0.3899,0.2618,0.8219,0.2664,0.2903,1.0,0,0.0,725.3,708.8,784.2,/Users/admin/Code/typed-decision-bench/output/jev-1.13.0_stats.jsonl,217
jev-1.13.0,support_department,80,0.9625,0.9331,0.096,0.0631,0.9491,0.0514,,,0,0.0,718.6,712.9,767.9,/Users/admin/Code/typed-decision-bench/output/jev-1.13.0_stats.jsonl,218
jev-1.13.0,email_intent,80,1.0,0.998,0.002,0.0001,0.998,0.002,,,0,0.0,716.7,712.2,775.1,/Users/admin/Code/typed-decision-bench/output/jev-1.13.0_stats.jsonl,219
jev-1.13.0,refund_eligible,80,1.0,0.8179,0.2045,0.0752,0.8179,0.1821,,,0,0.0,713.7,710.8,762.9,/Users/admin/Code/typed-decision-bench/output/jev-1.13.0_stats.jsonl,220
jev-1.13.0,urgency,80,1.0,0.9581,0.0452,0.0105,0.9581,0.0419,,,0,0.0,716.2,710.4,779.4,/Users/admin/Code/typed-decision-bench/output/jev-1.13.0_stats.jsonl,221
jev-1.13.0,secret_leak,80,1.0,0.9088,0.1036,0.0396,0.9088,0.0912,,,0,0.0,718.8,711.2,775.2,/Users/admin/Code/typed-decision-bench/output/jev-1.13.0_stats.jsonl,222
jev-1.13.0,frustration_level,80,0.825,0.8274,0.2735,0.2084,0.8969,0.1561,0.1726,1.0,0,0.0,717.5,714.7,756.3,/Users/admin/Code/typed-decision-bench/output/jev-1.13.0_stats.jsonl,223
jev-1.13.0,incident_severity,80,0.8875,0.8787,0.1887,0.1187,0.9109,0.0926,0.1224,0.9875,0,0.0,716.9,710.4,766.5,/Users/admin/Code/typed-decision-bench/output/jev-1.13.0_stats.jsonl,224
jev-1.13.0,review_sentiment,80,1.0,0.9584,0.0453,0.0115,0.9584,0.0416,0.0316,1.0,0,0.0,716.0,706.8,782.6,/Users/admin/Code/typed-decision-bench/output/jev-1.13.0_stats.jsonl,225
jev-1.13.0,support_department_hard,80,1.0,0.9241,0.092,0.0485,0.9241,0.0759,,,0,0.0,713.1,710.0,755.9,/Users/admin/Code/typed-decision-bench/output/jev-1.13.0_stats.jsonl,226
jev-1.13.0,email_intent_hard,80,0.9875,0.992,0.0113,0.008,0.9935,0.008,,,0,0.0,714.0,709.9,758.2,/Users/admin/Code/typed-decision-bench/output/jev-1.13.0_stats.jsonl,227
jev-1.13.0,refund_eligible_hard,80,0.95,0.7729,0.2764,0.1381,0.7819,0.1706,,,0,0.0,712.9,708.7,747.3,/Users/admin/Code/typed-decision-bench/output/jev-1.13.0_stats.jsonl,228
jev-1.13.0,urgency_hard,80,1.0,0.9649,0.036,0.0033,0.9649,0.0351,,,0,0.0,718.3,713.0,764.3,/Users/admin/Code/typed-decision-bench/output/jev-1.13.0_stats.jsonl,229
jev-1.13.0,secret_leak_hard,80,1.0,0.9256,0.0792,0.0172,0.9256,0.0744,,,0,0.0,726.7,722.0,791.6,/Users/admin/Code/typed-decision-bench/output/jev-1.13.0_stats.jsonl,230
jev-1.13.0,frustration_level_hard,80,0.7875,0.7857,0.3056,0.2154,0.8337,0.1025,0.2142,1.0,0,0.0,719.5,710.6,766.0,/Users/admin/Code/typed-decision-bench/output/jev-1.13.0_stats.jsonl,231
jev-1.13.0,incident_severity_hard,80,0.925,0.9193,0.1078,0.0649,0.9295,0.0678,0.0829,1.0,0,0.0,725.7,717.7,800.0,/Users/admin/Code/typed-decision-bench/output/jev-1.13.0_stats.jsonl,232
jev-1.13.0,review_sentiment_hard,80,0.9875,0.9492,0.058,0.0189,0.951,0.0507,0.0339,1.0,0,0.0,717.6,715.3,750.6,/Users/admin/Code/typed-decision-bench/output/jev-1.13.0_stats.jsonl,233
jev-1.13.0,expense_category,80,1.0,0.9931,0.0081,0.0039,0.9931,0.0069,,,0,0.0,718.0,709.2,781.6,/Users/admin/Code/typed-decision-bench/output/jev-1.13.0_stats.jsonl,234
jev-1.13.0,oncall_route,80,1.0,0.9915,0.0091,0.0016,0.9915,0.0085,,,0,0.0,710.5,706.5,746.4,/Users/admin/Code/typed-decision-bench/output/jev-1.13.0_stats.jsonl,235
jev-1.13.0,churn_risk,80,1.0,0.979,0.0227,0.006,0.979,0.021,0.022,1.0,0,0.0,713.8,712.2,744.9,/Users/admin/Code/typed-decision-bench/output/jev-1.13.0_stats.jsonl,236
jev-1.13.0,lead_qualification,80,0.9875,0.9046,0.1191,0.0666,0.9059,0.0816,0.0906,1.0,0,0.0,713.9,707.0,759.4,/Users/admin/Code/typed-decision-bench/output/jev-1.13.0_stats.jsonl,237
jev-1.13.0,app_review_intent,80,1.0,0.998,0.002,0.0001,0.998,0.002,,,0,0.0,712.1,707.2,749.6,/Users/admin/Code/typed-decision-bench/output/jev-1.13.0_stats.jsonl,238
jev-1.13.0,content_moderation,80,1.0,0.9829,0.0183,0.0037,0.9829,0.0171,,,0,0.0,710.1,705.5,761.1,/Users/admin/Code/typed-decision-bench/output/jev-1.13.0_stats.jsonl,239
jev-1.13.0,code_review_intent,80,0.9625,0.9527,0.0718,0.0443,0.9621,0.0209,,,0,0.0,721.6,715.7,778.6,/Users/admin/Code/typed-decision-bench/output/jev-1.13.0_stats.jsonl,240
jev-1.13.0,commit_intent,80,0.95,0.9165,0.1684,0.0983,0.9533,0.0755,,,0,0.0,710.1,705.5,747.2,/Users/admin/Code/typed-decision-bench/output/jev-1.13.0_stats.jsonl,241
jev-1.13.0,recipe_cuisine,80,1.0,0.9982,0.0019,0.0005,0.9982,0.0018,,,0,0.0,714.9,711.9,755.0,/Users/admin/Code/typed-decision-bench/output/jev-1.13.0_stats.jsonl,242
jev-1.13.0,question_duplicate,80,1.0,0.9403,0.064,0.0145,0.9403,0.0598,,,0,0.0,714.2,708.7,758.7,/Users/admin/Code/typed-decision-bench/output/jev-1.13.0_stats.jsonl,243
jev-1.13.0,sql_injection_risk,80,1.0,0.9408,0.0676,0.0259,0.9408,0.0593,,,0,0.0,714.1,704.5,765.4,/Users/admin/Code/typed-decision-bench/output/jev-1.13.0_stats.jsonl,244
jev-1.13.0,travel_policy_violation,80,1.0,0.8361,0.1818,0.0616,0.8361,0.1639,,,0,0.0,710.1,705.8,746.0,/Users/admin/Code/typed-decision-bench/output/jev-1.13.0_stats.jsonl,245
jev-1.13.0,contains_pii,80,1.0,0.9644,0.0389,0.0095,0.9644,0.0356,,,0,0.0,709.1,703.7,762.8,/Users/admin/Code/typed-decision-bench/output/jev-1.13.0_stats.jsonl,246
jev-1.13.0,contains_spoiler,80,0.9875,0.9517,0.0543,0.0164,0.9535,0.0375,,,0,0.0,711.5,703.1,749.8,/Users/admin/Code/typed-decision-bench/output/jev-1.13.0_stats.jsonl,247
jev-1.13.0,formality_level,80,0.8875,0.8851,0.1625,0.1046,0.9176,0.0989,0.1069,1.0,0,0.0,716.0,713.7,754.8,/Users/admin/Code/typed-decision-bench/output/jev-1.13.0_stats.jsonl,248
jev-1.13.0,phishing_email,80,1.0,0.9175,0.0895,0.0242,0.9175,0.0825,,,0,0.0,717.6,707.2,796.7,/Users/admin/Code/typed-decision-bench/output/jev-1.13.0_stats.jsonl,249
jev-1.13.0,meeting_conflict,80,1.0,0.9774,0.0231,0.0019,0.9774,0.0226,,,0,0.0,714.6,711.7,757.7,/Users/admin/Code/typed-decision-bench/output/jev-1.13.0_stats.jsonl,250
jev-1.13.0,hazmat_shipping,80,1.0,0.9088,0.0987,0.0254,0.9088,0.0913,,,0,0.0,718.2,703.5,767.3,/Users/admin/Code/typed-decision-bench/output/jev-1.13.0_stats.jsonl,251
jev-1.13.0,dietary_vegan,80,1.0,0.9299,0.0746,0.016,0.9299,0.0701,,,0,0.0,719.6,707.5,773.6,/Users/admin/Code/typed-decision-bench/output/jev-1.13.0_stats.jsonl,252
jev-1.13.0,news_topic,80,1.0,0.9981,0.0019,0.0001,0.9981,0.0019,,,0,0.0,717.8,712.9,786.1,/Users/admin/Code/typed-decision-bench/output/jev-1.13.0_stats.jsonl,253
jev-1.13.0,document_type,80,1.0,1.0,0.0,0.0,1.0,0.0,,,0,0.0,729.2,715.6,781.1,/Users/admin/Code/typed-decision-bench/output/jev-1.13.0_stats.jsonl,254
jev-1.13.0,reading_level,80,1.0,0.9492,0.0557,0.0171,0.9492,0.0508,0.0508,1.0,0,0.0,724.4,716.1,784.5,/Users/admin/Code/typed-decision-bench/output/jev-1.13.0_stats.jsonl,255
jev-1.13.0,insurance_claim_priority,80,0.8625,0.8403,0.2907,0.1591,0.8894,0.1237,0.1943,0.875,0,0.0,722.6,716.1,775.6,/Users/admin/Code/typed-decision-bench/output/jev-1.13.0_stats.jsonl,256
jev-1.13.0,symptom_triage,80,0.8875,0.8085,0.3336,0.2003,0.8602,0.1615,0.1881,1.0,0,0.0,722.1,711.2,787.0,/Users/admin/Code/typed-decision-bench/output/jev-1.13.0_stats.jsonl,257
jev-1.13.0,delivery_exception,80,1.0,0.9984,0.0017,0.0001,0.9984,0.0016,,,0,0.0,715.6,709.9,760.8,/Users/admin/Code/typed-decision-bench/output/jev-1.13.0_stats.jsonl,258
jev-1.13.0,city_service_request,80,1.0,0.997,0.0031,0.0002,0.997,0.003,,,0,0.0,719.4,710.8,780.3,/Users/admin/Code/typed-decision-bench/output/jev-1.13.0_stats.jsonl,259
jev-1.13.0,ad_policy_violation,80,1.0,0.9203,0.0921,0.0364,0.9203,0.0797,,,0,0.0,722.3,715.4,777.7,/Users/admin/Code/typed-decision-bench/output/jev-1.13.0_stats.jsonl,260
jev-1.13.0,fair_housing_violation,80,0.975,0.906,0.107,0.0365,0.9102,0.094,,,0,0.0,719.6,713.4,769.0,/Users/admin/Code/typed-decision-bench/output/jev-1.13.0_stats.jsonl,261
jev-1.13.0,contract_clause_type,80,1.0,0.9994,0.0006,0.0,0.9994,0.0006,,,0,0.0,716.0,712.7,764.4,/Users/admin/Code/typed-decision-bench/output/jev-1.13.0_stats.jsonl,262
jev-1.13.0,voice_assistant_intent,80,1.0,0.9945,0.006,0.0016,0.9945,0.0055,,,0,0.0,723.0,720.3,772.9,/Users/admin/Code/typed-decision-bench/output/jev-1.13.0_stats.jsonl,263
jev-1.13.0,grammar_issue,80,0.925,0.7792,0.2947,0.1472,0.7939,0.1311,,,0,0.0,728.7,716.7,761.4,/Users/admin/Code/typed-decision-bench/output/jev-1.13.0_stats.jsonl,264
jev-1.13.0,action_item_assignment,80,0.925,0.8594,0.2422,0.1418,0.9166,0.0804,,,0,0.0,724.4,720.6,770.9,/Users/admin/Code/typed-decision-bench/output/jev-1.13.0_stats.jsonl,265
jev-1.13.0,suspicious_transaction,80,1.0,0.8825,0.1273,0.0344,0.8825,0.1175,,,0,0.0,719.1,716.3,762.4,/Users/admin/Code/typed-decision-bench/output/jev-1.13.0_stats.jsonl,266
jev-1.13.0,return_reason,80,1.0,0.9879,0.013,0.003,0.9879,0.0121,,,0,0.0,728.7,728.0,791.4,/Users/admin/Code/typed-decision-bench/output/jev-1.13.0_stats.jsonl,267
jev-1.13.0,allergen_present,80,0.9875,0.9185,0.1033,0.0457,0.9273,0.078,,,0,0.0,721.5,719.5,768.4,/Users/admin/Code/typed-decision-bench/output/jev-1.13.0_stats.jsonl,268
jev-1.13.0,home_service_routing,80,1.0,0.9984,0.0017,0.0002,0.9984,0.0016,,,0,0.0,730.4,722.1,795.7,/Users/admin/Code/typed-decision-bench/output/jev-1.13.0_stats.jsonl,269
jev-1.13.0,gaming_report_type,80,0.9875,0.9595,0.0772,0.0325,0.969,0.0383,,,0,0.0,716.6,709.9,763.3,/Users/admin/Code/typed-decision-bench/output/jev-1.13.0_stats.jsonl,270
jev-1.13.0,warranty_claim_eligible,80,0.9875,0.7189,0.3411,0.1793,0.7189,0.2689,,,0,0.0,711.3,701.2,760.5,/Users/admin/Code/typed-decision-bench/output/jev-1.13.0_stats.jsonl,271
jev-1.13.0,weather_alert_severity,80,0.9875,0.9745,0.0391,0.0225,0.9816,0.0251,0.046,0.9875,0,0.0,722.4,718.5,762.0,/Users/admin/Code/typed-decision-bench/output/jev-1.13.0_stats.jsonl,272
jev-1.13.0,content_type,80,0.9875,0.966,0.0411,0.019,0.969,0.034,,,0,0.0,723.4,713.4,768.6,/Users/admin/Code/typed-decision-bench/output/jev-1.13.0_stats.jsonl,273
jev-1.13.0,veterinary_triage,80,0.95,0.888,0.1408,0.0757,0.8915,0.0777,0.1032,1.0,0,0.0,722.2,712.8,771.1,/Users/admin/Code/typed-decision-bench/output/jev-1.13.0_stats.jsonl,274
jev-1.13.0,gpqa_diamond,81,0.7531,0.6359,0.609,0.3345,0.703,0.0822,,,0,0.0,723.4,719.8,787.0,/Users/admin/Code/typed-decision-bench/output/jev-1.13.0_stats.jsonl,275
jev-1.13.0,micro,22001,0.934,0.8808,0.2285,0.107,0.91,0.0259,0.1612,0.9802,0,0.0,723.4,716.5,780.1,/Users/admin/Code/typed-decision-bench/output/jev-1.13.0_stats.jsonl,276
bonsai-2-27b-calibrated,hard_reasoning,80,0.325,0.3397,1.3241,0.7208,0.5101,0.2173,,,0,0.0,136.5,129.5,168.4,/Users/admin/Code/typed-decision-bench/output/bonsai-2-27b-calibrated_stats.jsonl,1
bonsai-2-27b-calibrated,math_quantitative_decisions,80,0.525,0.4363,1.1415,0.6287,0.6247,0.1057,,,0,0.0,114.2,110.1,141.2,/Users/admin/Code/typed-decision-bench/output/bonsai-2-27b-calibrated_stats.jsonl,2
bonsai-2-27b-calibrated,oos_abstention_ambiguity,80,0.8125,0.6544,0.6021,0.3179,0.7377,0.1061,,,0,0.0,129.1,126.8,149.4,/Users/admin/Code/typed-decision-bench/output/bonsai-2-27b-calibrated_stats.jsonl,3
bonsai-2-27b-calibrated,pii_sensitive_data_classification,80,0.9875,0.9551,0.0502,0.0116,0.9562,0.0438,,,0,0.0,164.9,160.1,177.5,/Users/admin/Code/typed-decision-bench/output/bonsai-2-27b-calibrated_stats.jsonl,4
bonsai-2-27b-calibrated,routing_intent_support_priority,80,0.95,0.8896,0.2083,0.0884,0.9078,0.0623,0.439,0.8421,0,0.0,155.6,156.6,194.1,/Users/admin/Code/typed-decision-bench/output/bonsai-2-27b-calibrated_stats.jsonl,5
bonsai-2-27b-calibrated,rule_following_formal_logic,80,0.7875,0.6967,0.4645,0.2724,0.7515,0.0968,,,0,0.0,154.1,154.4,170.1,/Users/admin/Code/typed-decision-bench/output/bonsai-2-27b-calibrated_stats.jsonl,6
bonsai-2-27b-calibrated,security_policy_risk,80,0.825,0.7849,0.4271,0.2389,0.8685,0.0687,0.5659,0.7917,0,0.0,123.6,123.8,147.5,/Users/admin/Code/typed-decision-bench/output/bonsai-2-27b-calibrated_stats.jsonl,7
bonsai-2-27b-calibrated,structured_schema_decisions,80,0.95,0.9168,0.1239,0.0562,0.9321,0.043,,,0,0.0,136.3,135.7,162.2,/Users/admin/Code/typed-decision-bench/output/bonsai-2-27b-calibrated_stats.jsonl,8
bonsai-2-27b-calibrated,tool_action_selection,80,0.9,0.8668,0.2475,0.1185,0.9017,0.0561,,,0,0.0,901.5,259.1,2714.2,/Users/admin/Code/typed-decision-bench/output/bonsai-2-27b-calibrated_stats.jsonl,9
bonsai-2-27b-calibrated,typed_jev_native_replay,80,0.85,0.8363,0.3585,0.1826,0.8975,0.0781,0.5269,0.8077,0,0.0,779.3,177.7,2060.3,/Users/admin/Code/typed-decision-bench/output/bonsai-2-27b-calibrated_stats.jsonl,10
bonsai-2-27b-calibrated,code_quality_judgements,80,0.875,0.8518,0.2786,0.1744,0.9229,0.0607,0.0411,1.0,0,0.0,116.7,116.1,127.1,/Users/admin/Code/typed-decision-bench/output/bonsai-2-27b-calibrated_stats.jsonl,11
bonsai-2-27b-calibrated,program_behavior_prediction,80,0.975,0.8749,0.1508,0.0545,0.8816,0.1001,,,0,0.0,120.2,119.2,127.5,/Users/admin/Code/typed-decision-bench/output/bonsai-2-27b-calibrated_stats.jsonl,12
bonsai-2-27b-calibrated,code_requirement_satisfaction,80,0.3625,0.3638,1.4062,0.8594,0.6995,0.3725,,,0,0.0,132.3,131.1,139.4,/Users/admin/Code/typed-decision-bench/output/bonsai-2-27b-calibrated_stats.jsonl,13
bonsai-2-27b-calibrated,patch_diff_correctness,80,0.475,0.3951,1.9792,0.9369,0.8336,0.4843,,,0,0.0,148.3,145.5,166.8,/Users/admin/Code/typed-decision-bench/output/bonsai-2-27b-calibrated_stats.jsonl,14
bonsai-2-27b-calibrated,test_quality_and_adequacy,80,0.85,0.619,0.6139,0.2995,0.6752,0.1973,,,0,0.0,142.5,140.9,147.5,/Users/admin/Code/typed-decision-bench/output/bonsai-2-27b-calibrated_stats.jsonl,15
bonsai-2-27b-calibrated,api_contract_compatibility,80,0.6625,0.5681,0.7875,0.4227,0.6775,0.1304,,,0,0.0,148.1,146.1,159.1,/Users/admin/Code/typed-decision-bench/output/bonsai-2-27b-calibrated_stats.jsonl,16
bonsai-2-27b-calibrated,dependency_api_existence_judgements,80,0.7125,0.6792,0.6206,0.3827,0.8347,0.1518,,,0,0.0,133.6,132.5,138.7,/Users/admin/Code/typed-decision-bench/output/bonsai-2-27b-calibrated_stats.jsonl,17
bonsai-2-27b-calibrated,version_compatibility,80,1.0,0.862,0.1612,0.0598,0.862,0.138,,,0,0.0,131.6,129.4,143.8,/Users/admin/Code/typed-decision-bench/output/bonsai-2-27b-calibrated_stats.jsonl,18
bonsai-2-27b-calibrated,environment_portability_judgements,80,1.0,0.8641,0.1633,0.0539,0.8641,0.1359,,,0,0.0,136.8,136.1,144.1,/Users/admin/Code/typed-decision-bench/output/bonsai-2-27b-calibrated_stats.jsonl,19
bonsai-2-27b-calibrated,concurrency_correctness,80,1.0,0.9046,0.1067,0.0264,0.9046,0.0954,,,0,0.0,130.5,129.7,137.9,/Users/admin/Code/typed-decision-bench/output/bonsai-2-27b-calibrated_stats.jsonl,20
bonsai-2-27b-calibrated,idempotency_judgements,80,0.9125,0.7234,0.3771,0.1868,0.7331,0.1828,,,0,0.0,133.8,131.6,142.6,/Users/admin/Code/typed-decision-bench/output/bonsai-2-27b-calibrated_stats.jsonl,21
bonsai-2-27b-calibrated,error_handling_quality,80,0.8125,0.6183,0.6279,0.3223,0.6946,0.1302,,,0,0.0,132.0,130.8,140.9,/Users/admin/Code/typed-decision-bench/output/bonsai-2-27b-calibrated_stats.jsonl,22
bonsai-2-27b-calibrated,algorithm_data_structure_appropriateness,80,0.7375,0.6919,0.7438,0.417,0.8851,0.1476,,,0,0.0,128.1,127.7,140.9,/Users/admin/Code/typed-decision-bench/output/bonsai-2-27b-calibrated_stats.jsonl,23
bonsai-2-27b-calibrated,complexity_estimation,80,0.9875,0.954,0.0503,0.0108,0.9541,0.0457,,,0,0.0,141.4,139.8,148.1,/Users/admin/Code/typed-decision-bench/output/bonsai-2-27b-calibrated_stats.jsonl,24
bonsai-2-27b-calibrated,performance_bottleneck_attribution,80,0.8375,0.7672,0.3318,0.1836,0.797,0.1332,,,0,0.0,142.9,140.5,159.1,/Users/admin/Code/typed-decision-bench/output/bonsai-2-27b-calibrated_stats.jsonl,25
bonsai-2-27b-calibrated,parallelization_suitability,80,0.7375,0.5349,0.7551,0.4544,0.6611,0.2391,,,0,0.0,131.8,131.6,136.6,/Users/admin/Code/typed-decision-bench/output/bonsai-2-27b-calibrated_stats.jsonl,26
bonsai-2-27b-calibrated,database_query_reasoning,80,0.9875,0.8738,0.18,0.0797,0.8745,0.113,,,0,0.0,147.6,143.3,175.6,/Users/admin/Code/typed-decision-bench/output/bonsai-2-27b-calibrated_stats.jsonl,27
bonsai-2-27b-calibrated,regex_pattern_correctness,80,0.7625,0.6061,0.7473,0.3687,0.6939,0.1236,,,0,0.0,136.9,136.4,144.6,/Users/admin/Code/typed-decision-bench/output/bonsai-2-27b-calibrated_stats.jsonl,28
bonsai-2-27b-calibrated,state_machine_correctness,80,0.4125,0.4444,1.1456,0.7174,0.7263,0.3155,,,0,0.0,124.0,122.1,128.8,/Users/admin/Code/typed-decision-bench/output/bonsai-2-27b-calibrated_stats.jsonl,29
bonsai-2-27b-calibrated,serialization_compatibility,80,0.875,0.7143,0.459,0.2201,0.743,0.14,,,0,0.0,141.4,140.7,144.9,/Users/admin/Code/typed-decision-bench/output/bonsai-2-27b-calibrated_stats.jsonl,30
bonsai-2-27b-calibrated,data_migration_correctness,80,0.8,0.6695,0.5932,0.2673,0.7228,0.1415,,,0,0.0,133.0,132.4,137.9,/Users/admin/Code/typed-decision-bench/output/bonsai-2-27b-calibrated_stats.jsonl,31
bonsai-2-27b-calibrated,distributed_systems_consistency,80,0.7,0.5216,0.8389,0.3886,0.5666,0.1958,,,0,0.0,147.2,144.5,157.3,/Users/admin/Code/typed-decision-bench/output/bonsai-2-27b-calibrated_stats.jsonl,32
bonsai-2-27b-calibrated,cache_correctness,80,0.675,0.4477,1.0527,0.4785,0.5171,0.1579,,,0,0.0,143.1,142.5,148.6,/Users/admin/Code/typed-decision-bench/output/bonsai-2-27b-calibrated_stats.jsonl,33
bonsai-2-27b-calibrated,observability_adequacy,80,0.6625,0.5072,0.8852,0.4446,0.5935,0.1628,,,0,0.0,136.9,133.4,146.0,/Users/admin/Code/typed-decision-bench/output/bonsai-2-27b-calibrated_stats.jsonl,34
bonsai-2-27b-calibrated,log_event_sequence_diagnosis,80,1.0,0.9517,0.0503,0.005,0.9517,0.0483,,,0,0.0,143.9,140.3,164.1,/Users/admin/Code/typed-decision-bench/output/bonsai-2-27b-calibrated_stats.jsonl,35
bonsai-2-27b-calibrated,configuration_correctness,80,0.8375,0.7201,0.5197,0.2664,0.8135,0.1286,,,0,0.0,142.3,140.3,155.7,/Users/admin/Code/typed-decision-bench/output/bonsai-2-27b-calibrated_stats.jsonl,36
bonsai-2-27b-calibrated,command_line_semantics,80,0.8875,0.8059,0.3542,0.1821,0.8751,0.0355,,,0,0.0,143.2,142.4,149.2,/Users/admin/Code/typed-decision-bench/output/bonsai-2-27b-calibrated_stats.jsonl,37
bonsai-2-27b-calibrated,open_source_license_compatibility,80,0.675,0.5851,0.7557,0.4501,0.7356,0.1075,,,0,0.0,138.9,138.5,147.4,/Users/admin/Code/typed-decision-bench/output/bonsai-2-27b-calibrated_stats.jsonl,38
bonsai-2-27b-calibrated,accessibility_semantics_from_source,80,0.7375,0.6272,0.6554,0.3804,0.746,0.2148,,,0,0.0,143.2,141.5,151.4,/Users/admin/Code/typed-decision-bench/output/bonsai-2-27b-calibrated_stats.jsonl,39
bonsai-2-27b-calibrated,graph_logic,80,0.4,0.4902,1.1404,0.6618,0.7302,0.353,,,0,0.0,143.6,141.7,157.1,/Users/admin/Code/typed-decision-bench/output/bonsai-2-27b-calibrated_stats.jsonl,40
bonsai-2-27b-calibrated,graph_knowledge,80,1.0,0.9955,0.0045,0.0001,0.9955,0.0045,,,0,0.0,133.8,132.1,143.5,/Users/admin/Code/typed-decision-bench/output/bonsai-2-27b-calibrated_stats.jsonl,41
bonsai-2-27b-calibrated,ontology_taxonomy_consistency,80,0.5125,0.4432,1.1942,0.6019,0.6265,0.1667,,,0,0.0,147.7,145.4,165.4,/Users/admin/Code/typed-decision-bench/output/bonsai-2-27b-calibrated_stats.jsonl,42
bonsai-2-27b-calibrated,graph_path_relevance,80,0.9875,0.8671,0.1604,0.067,0.8683,0.1207,,,0,0.0,132.1,129.7,138.1,/Users/admin/Code/typed-decision-bench/output/bonsai-2-27b-calibrated_stats.jsonl,43
bonsai-2-27b-calibrated,temporal_graph_consistency,80,1.0,0.9562,0.0456,0.0066,0.9562,0.0438,,,0,0.0,129.8,127.8,140.9,/Users/admin/Code/typed-decision-bench/output/bonsai-2-27b-calibrated_stats.jsonl,44
bonsai-2-27b-calibrated,causal_chain_validation,80,0.9125,0.7348,0.3707,0.1763,0.7497,0.1628,,,0,0.0,131.3,130.0,135.8,/Users/admin/Code/typed-decision-bench/output/bonsai-2-27b-calibrated_stats.jsonl,45
bonsai-2-27b-calibrated,root_cause_attribution,80,0.975,0.8387,0.2003,0.0821,0.8397,0.1353,,,0,0.0,143.5,140.7,160.8,/Users/admin/Code/typed-decision-bench/output/bonsai-2-27b-calibrated_stats.jsonl,46
bonsai-2-27b-calibrated,evidence_provenance,80,0.925,0.8859,0.1613,0.0964,0.908,0.0573,,,0,0.0,122.8,121.3,127.1,/Users/admin/Code/typed-decision-bench/output/bonsai-2-27b-calibrated_stats.jsonl,47
bonsai-2-27b-calibrated,source_reliability_in_context,80,1.0,0.9786,0.0217,0.0011,0.9786,0.0214,,,0,0.0,113.5,111.7,121.1,/Users/admin/Code/typed-decision-bench/output/bonsai-2-27b-calibrated_stats.jsonl,48
bonsai-2-27b-calibrated,semantic_similarity_and_factual_correctness,80,0.7625,0.7075,1.1549,0.4744,0.9359,0.2664,,,0,0.0,136.1,134.9,144.4,/Users/admin/Code/typed-decision-bench/output/bonsai-2-27b-calibrated_stats.jsonl,49
bonsai-2-27b-calibrated,summary_completeness,80,1.0,0.9065,0.101,0.021,0.9065,0.0935,,,0,0.0,132.5,131.1,137.4,/Users/admin/Code/typed-decision-bench/output/bonsai-2-27b-calibrated_stats.jsonl,50
bonsai-2-27b-calibrated,claim_entailment,80,0.525,0.529,1.099,0.5984,0.7625,0.2734,,,0,0.0,142.9,142.1,148.9,/Users/admin/Code/typed-decision-bench/output/bonsai-2-27b-calibrated_stats.jsonl,51
bonsai-2-27b-calibrated,unknown_known_state_classification,80,1.0,0.973,0.0278,0.0024,0.973,0.027,,,0,0.0,126.0,123.3,134.2,/Users/admin/Code/typed-decision-bench/output/bonsai-2-27b-calibrated_stats.jsonl,52
bonsai-2-27b-calibrated,answerability_from_provided_context,80,0.75,0.7448,0.4764,0.2914,0.8622,0.1496,,,0,0.0,136.4,133.2,161.2,/Users/admin/Code/typed-decision-bench/output/bonsai-2-27b-calibrated_stats.jsonl,53
bonsai-2-27b-calibrated,evidence_sufficiency,80,1.0,0.9956,0.0044,0.0,0.9956,0.0044,,,0,0.0,122.5,120.2,133.0,/Users/admin/Code/typed-decision-bench/output/bonsai-2-27b-calibrated_stats.jsonl,54
bonsai-2-27b-calibrated,fact_vs_inference_classification,80,0.7625,0.7462,1.0866,0.4526,0.9718,0.2147,,,0,0.0,134.3,132.2,142.8,/Users/admin/Code/typed-decision-bench/output/bonsai-2-27b-calibrated_stats.jsonl,55
bonsai-2-27b-calibrated,hallucination_detection,80,0.75,0.7053,1.004,0.4607,0.9314,0.2007,,,0,0.0,139.8,139.6,147.6,/Users/admin/Code/typed-decision-bench/output/bonsai-2-27b-calibrated_stats.jsonl,56
bonsai-2-27b-calibrated,topic_keyword_fidelity,80,0.9875,0.9226,0.0851,0.0206,0.9234,0.0771,,,0,0.0,123.5,120.7,153.0,/Users/admin/Code/typed-decision-bench/output/bonsai-2-27b-calibrated_stats.jsonl,57
bonsai-2-27b-calibrated,information_retrieval_relevance,80,1.0,0.9512,0.052,0.0096,0.9512,0.0488,,,0,0.0,123.3,122.1,132.0,/Users/admin/Code/typed-decision-bench/output/bonsai-2-27b-calibrated_stats.jsonl,58
bonsai-2-27b-calibrated,recommendation_reranking_quality,80,0.8125,0.7639,0.3806,0.2264,0.8411,0.1075,,,0,0.0,186.2,185.5,193.3,/Users/admin/Code/typed-decision-bench/output/bonsai-2-27b-calibrated_stats.jsonl,59
bonsai-2-27b-calibrated,entity_resolution,80,0.675,0.7529,0.4251,0.3345,0.8935,0.2471,,,0,0.0,122.8,120.7,127.9,/Users/admin/Code/typed-decision-bench/output/bonsai-2-27b-calibrated_stats.jsonl,60
bonsai-2-27b-calibrated,record_deduplication,80,0.3875,0.3909,2.5278,1.0439,0.8982,0.5107,,,0,0.0,141.2,140.4,152.8,/Users/admin/Code/typed-decision-bench/output/bonsai-2-27b-calibrated_stats.jsonl,61
bonsai-2-27b-calibrated,cross_document_reconciliation,80,1.0,0.9866,0.0136,0.0005,0.9866,0.0134,,,0,0.0,143.4,141.6,157.5,/Users/admin/Code/typed-decision-bench/output/bonsai-2-27b-calibrated_stats.jsonl,62
bonsai-2-27b-calibrated,document_consistency,80,0.675,0.5327,0.8655,0.4867,0.6938,0.2008,,,0,0.0,143.0,141.2,160.2,/Users/admin/Code/typed-decision-bench/output/bonsai-2-27b-calibrated_stats.jsonl,63
bonsai-2-27b-calibrated,booking_accounting_mapping,80,0.8875,0.865,0.3516,0.1333,0.905,0.0647,,,0,0.0,142.2,140.9,155.1,/Users/admin/Code/typed-decision-bench/output/bonsai-2-27b-calibrated_stats.jsonl,64
bonsai-2-27b-calibrated,accounting_reasonableness,80,0.55,0.4933,0.9188,0.5715,0.6759,0.1281,,,0,0.0,136.3,133.5,151.8,/Users/admin/Code/typed-decision-bench/output/bonsai-2-27b-calibrated_stats.jsonl,65
bonsai-2-27b-calibrated,invoice_anomaly_detection,80,0.875,0.8177,0.2592,0.148,0.8514,0.0948,,,0,0.0,136.8,133.2,149.5,/Users/admin/Code/typed-decision-bench/output/bonsai-2-27b-calibrated_stats.jsonl,66
bonsai-2-27b-calibrated,fraud_scam_likelihood,80,0.5625,0.3861,1.0233,0.573,0.4701,0.1862,0.6107,0.7875,0,0.0,135.9,133.1,143.5,/Users/admin/Code/typed-decision-bench/output/bonsai-2-27b-calibrated_stats.jsonl,67
bonsai-2-27b-calibrated,transaction_anomaly_detection,80,0.7125,0.6708,0.7186,0.3914,0.8122,0.1001,,,0,0.0,132.8,131.8,138.6,/Users/admin/Code/typed-decision-bench/output/bonsai-2-27b-calibrated_stats.jsonl,68
bonsai-2-27b-calibrated,commercial_price_plausibility,80,1.0,0.9325,0.0739,0.0161,0.9325,0.0675,,,0,0.0,135.1,133.4,143.7,/Users/admin/Code/typed-decision-bench/output/bonsai-2-27b-calibrated_stats.jsonl,69
bonsai-2-27b-calibrated,budget_consistency,80,0.65,0.548,0.632,0.4414,0.6256,0.1066,,,0,0.0,126.6,123.5,132.4,/Users/admin/Code/typed-decision-bench/output/bonsai-2-27b-calibrated_stats.jsonl,70
bonsai-2-27b-calibrated,resource_planning,80,0.425,0.3312,1.177,0.664,0.4144,0.0805,,,0,0.0,121.7,121.4,126.3,/Users/admin/Code/typed-decision-bench/output/bonsai-2-27b-calibrated_stats.jsonl,71
bonsai-2-27b-calibrated,capacity_planning,80,0.1625,0.2516,1.462,0.8041,0.4064,0.2439,,,0,0.0,138.0,136.2,155.8,/Users/admin/Code/typed-decision-bench/output/bonsai-2-27b-calibrated_stats.jsonl,72
bonsai-2-27b-calibrated,inventory_decisions,80,0.6625,0.56,0.8015,0.4978,0.7288,0.1256,,,0,0.0,130.0,128.9,134.4,/Users/admin/Code/typed-decision-bench/output/bonsai-2-27b-calibrated_stats.jsonl,73
bonsai-2-27b-calibrated,scheduling_feasibility,80,0.4375,0.4877,0.8273,0.6189,0.6861,0.2803,,,0,0.0,120.4,118.8,130.1,/Users/admin/Code/typed-decision-bench/output/bonsai-2-27b-calibrated_stats.jsonl,74
bonsai-2-27b-calibrated,prioritization_under_constraints,80,0.7875,0.6435,0.5487,0.2939,0.6958,0.1275,,,0,0.0,2378.3,1180.4,11923.0,/Users/admin/Code/typed-decision-bench/output/bonsai-2-27b-calibrated_stats.jsonl,75
bonsai-2-27b-calibrated,pareto_optimal_decision_taking,80,0.5625,0.4999,0.7136,0.5188,0.5904,0.1384,,,0,0.0,2641.5,1708.9,11552.9,/Users/admin/Code/typed-decision-bench/output/bonsai-2-27b-calibrated_stats.jsonl,76
bonsai-2-27b-calibrated,expected_utility_decisions,80,0.5875,0.5866,0.9192,0.5735,0.8191,0.2492,,,0,0.0,3596.2,1704.1,12086.0,/Users/admin/Code/typed-decision-bench/output/bonsai-2-27b-calibrated_stats.jsonl,77
bonsai-2-27b-calibrated,bayesian_evidence_updating,80,0.6,0.6449,0.595,0.4392,0.8191,0.2707,,,0,0.0,1535.2,1410.5,2562.7,/Users/admin/Code/typed-decision-bench/output/bonsai-2-27b-calibrated_stats.jsonl,78
bonsai-2-27b-calibrated,game_theory_judgements,80,0.825,0.658,0.4594,0.2965,0.7033,0.1217,,,0,0.0,122.8,120.1,134.4,/Users/admin/Code/typed-decision-bench/output/bonsai-2-27b-calibrated_stats.jsonl,79
bonsai-2-27b-calibrated,adversarial_agent_reasoning,80,1.0,0.8639,0.1548,0.0449,0.8639,0.1361,,,0,0.0,130.8,129.9,136.2,/Users/admin/Code/typed-decision-bench/output/bonsai-2-27b-calibrated_stats.jsonl,80
bonsai-2-27b-calibrated,negotiation_judgements,80,0.4,0.3745,1.1441,0.6167,0.4918,0.2498,,,0,0.0,130.8,129.8,136.5,/Users/admin/Code/typed-decision-bench/output/bonsai-2-27b-calibrated_stats.jsonl,81
bonsai-2-27b-calibrated,probability_support_judgement,80,0.6875,0.6544,0.5663,0.3804,0.7826,0.1544,,,0,0.0,129.4,128.3,134.1,/Users/admin/Code/typed-decision-bench/output/bonsai-2-27b-calibrated_stats.jsonl,82
bonsai-2-27b-calibrated,probability_calibration_language,80,0.7625,0.725,0.6333,0.3536,0.8782,0.1157,,,0,0.0,144.8,141.5,150.9,/Users/admin/Code/typed-decision-bench/output/bonsai-2-27b-calibrated_stats.jsonl,83
bonsai-2-27b-calibrated,forecast_consistency,80,0.7,0.6285,0.5554,0.3816,0.7438,0.1278,,,0,0.0,119.2,118.2,130.7,/Users/admin/Code/typed-decision-bench/output/bonsai-2-27b-calibrated_stats.jsonl,84
bonsai-2-27b-calibrated,counterfactual_plausibility,80,0.7625,0.6782,0.4631,0.3186,0.7586,0.3218,,,0,0.0,122.7,118.3,147.1,/Users/admin/Code/typed-decision-bench/output/bonsai-2-27b-calibrated_stats.jsonl,85
bonsai-2-27b-calibrated,base_rate_awareness,80,0.7625,0.5511,0.7219,0.4022,0.6365,0.1579,,,0,0.0,121.6,120.8,125.7,/Users/admin/Code/typed-decision-bench/output/bonsai-2-27b-calibrated_stats.jsonl,86
bonsai-2-27b-calibrated,sampling_statistical_interpretation,80,0.9625,0.8288,0.2229,0.1051,0.84,0.1229,,,0,0.0,138.3,138.0,149.9,/Users/admin/Code/typed-decision-bench/output/bonsai-2-27b-calibrated_stats.jsonl,87
bonsai-2-27b-calibrated,unit_understanding,80,0.5875,0.4848,0.8818,0.4895,0.5561,0.2024,,,0,0.0,174.5,132.8,303.5,/Users/admin/Code/typed-decision-bench/output/bonsai-2-27b-calibrated_stats.jsonl,88
bonsai-2-27b-calibrated,dimensional_consistency,80,1.0,0.9255,0.0835,0.0298,0.9255,0.0745,,,0,0.0,281.5,227.0,630.8,/Users/admin/Code/typed-decision-bench/output/bonsai-2-27b-calibrated_stats.jsonl,89
bonsai-2-27b-calibrated,order_of_magnitude_reasoning,80,0.9375,0.7577,0.3194,0.142,0.7728,0.1758,,,0,0.0,204.8,173.5,358.0,/Users/admin/Code/typed-decision-bench/output/bonsai-2-27b-calibrated_stats.jsonl,90
bonsai-2-27b-calibrated,scale_plausibility,80,1.0,0.8604,0.164,0.0741,0.8604,0.1396,,,0,0.0,122.6,119.5,132.2,/Users/admin/Code/typed-decision-bench/output/bonsai-2-27b-calibrated_stats.jsonl,91
bonsai-2-27b-calibrated,geometry_and_embodied_navigation,80,0.4375,0.3896,1.0888,0.6101,0.5101,0.1115,,,0,0.0,132.4,129.5,144.7,/Users/admin/Code/typed-decision-bench/output/bonsai-2-27b-calibrated_stats.jsonl,92
bonsai-2-27b-calibrated,spatial_relation_reasoning,80,0.675,0.5729,0.9678,0.4051,0.6595,0.1376,,,0,0.0,158.3,155.9,166.5,/Users/admin/Code/typed-decision-bench/output/bonsai-2-27b-calibrated_stats.jsonl,93
bonsai-2-27b-calibrated,route_feasibility,80,0.5,0.4334,1.0744,0.629,0.62,0.2305,,,0,0.0,186.0,185.7,193.2,/Users/admin/Code/typed-decision-bench/output/bonsai-2-27b-calibrated_stats.jsonl,94
bonsai-2-27b-calibrated,embodied_affordances,80,0.9375,0.8381,0.2099,0.1302,0.8401,0.1003,,,0,0.0,121.0,118.3,136.2,/Users/admin/Code/typed-decision-bench/output/bonsai-2-27b-calibrated_stats.jsonl,95
bonsai-2-27b-calibrated,physical_commonsense,80,1.0,0.9068,0.1055,0.0394,0.9068,0.0932,,,0,0.0,119.7,117.5,130.2,/Users/admin/Code/typed-decision-bench/output/bonsai-2-27b-calibrated_stats.jsonl,96
bonsai-2-27b-calibrated,mechanical_system_reasoning,80,0.525,0.4926,1.1373,0.5895,0.6964,0.1714,,,0,0.0,460.2,328.2,1069.8,/Users/admin/Code/typed-decision-bench/output/bonsai-2-27b-calibrated_stats.jsonl,97
bonsai-2-27b-calibrated,object_permanence_state_tracking,80,1.0,0.9849,0.0153,0.0005,0.9849,0.0151,,,0,0.0,233.9,172.8,631.1,/Users/admin/Code/typed-decision-bench/output/bonsai-2-27b-calibrated_stats.jsonl,98
bonsai-2-27b-calibrated,temporal_ordering,80,0.95,0.8828,0.1539,0.0799,0.8986,0.0701,,,0,0.0,169.2,167.8,178.3,/Users/admin/Code/typed-decision-bench/output/bonsai-2-27b-calibrated_stats.jsonl,99
bonsai-2-27b-calibrated,calendar_time_zone_understanding,80,0.675,0.4905,0.7635,0.4609,0.5447,0.1483,,,0,0.0,122.5,121.4,132.1,/Users/admin/Code/typed-decision-bench/output/bonsai-2-27b-calibrated_stats.jsonl,100
bonsai-2-27b-calibrated,historical_fact_verification,80,1.0,0.992,0.0081,0.0002,0.992,0.008,,,0,0.0,124.0,119.6,149.9,/Users/admin/Code/typed-decision-bench/output/bonsai-2-27b-calibrated_stats.jsonl,101
bonsai-2-27b-calibrated,historical_anachronism_detection,80,0.9125,0.7085,0.3663,0.211,0.7122,0.2003,,,0,0.0,122.5,119.8,142.9,/Users/admin/Code/typed-decision-bench/output/bonsai-2-27b-calibrated_stats.jsonl,102
bonsai-2-27b-calibrated,geographical_consistency,80,0.95,0.8713,0.1595,0.0786,0.8842,0.0975,,,0,0.0,117.5,116.6,126.5,/Users/admin/Code/typed-decision-bench/output/bonsai-2-27b-calibrated_stats.jsonl,103
bonsai-2-27b-calibrated,weather_state_interpretation,80,0.75,0.7156,0.559,0.382,0.8635,0.1535,,,0,0.0,122.2,121.3,128.8,/Users/admin/Code/typed-decision-bench/output/bonsai-2-27b-calibrated_stats.jsonl,104
bonsai-2-27b-calibrated,scientific_hypothesis_plausibility,80,0.95,0.7763,0.2833,0.1276,0.7774,0.1854,,,0,0.0,125.3,120.8,141.8,/Users/admin/Code/typed-decision-bench/output/bonsai-2-27b-calibrated_stats.jsonl,105
bonsai-2-27b-calibrated,experimental_design_judgement,80,0.8875,0.6947,0.434,0.2136,0.7107,0.1768,,,0,0.0,151.0,140.2,200.5,/Users/admin/Code/typed-decision-bench/output/bonsai-2-27b-calibrated_stats.jsonl,106
bonsai-2-27b-calibrated,measurement_uncertainty_reasoning,80,0.425,0.4981,0.7198,0.5264,0.5953,0.1852,,,0,0.0,145.4,143.2,167.1,/Users/admin/Code/typed-decision-bench/output/bonsai-2-27b-calibrated_stats.jsonl,107
bonsai-2-27b-calibrated,biological_system_reasoning,80,1.0,0.9624,0.041,0.0116,0.9624,0.0376,,,0,0.0,146.9,134.5,215.6,/Users/admin/Code/typed-decision-bench/output/bonsai-2-27b-calibrated_stats.jsonl,108
bonsai-2-27b-calibrated,biological_signal_understanding,80,1.0,0.8866,0.1297,0.0396,0.8866,0.1134,,,0,0.0,130.8,125.5,176.3,/Users/admin/Code/typed-decision-bench/output/bonsai-2-27b-calibrated_stats.jsonl,109
bonsai-2-27b-calibrated,medical_differential_reasoning_benchmarks,80,1.0,0.9751,0.0254,0.0016,0.9751,0.0249,,,0,0.0,127.3,120.2,163.9,/Users/admin/Code/typed-decision-bench/output/bonsai-2-27b-calibrated_stats.jsonl,110
bonsai-2-27b-calibrated,medical_chronology_consistency,80,1.0,0.93,0.0753,0.0185,0.93,0.07,,,0,0.0,122.7,119.9,131.3,/Users/admin/Code/typed-decision-bench/output/bonsai-2-27b-calibrated_stats.jsonl,111
bonsai-2-27b-calibrated,translation_correctness,80,0.8875,0.8141,0.2921,0.1431,0.8379,0.0953,,,0,0.0,141.4,138.2,178.5,/Users/admin/Code/typed-decision-bench/output/bonsai-2-27b-calibrated_stats.jsonl,112
bonsai-2-27b-calibrated,grammar_judgement,80,1.0,0.9286,0.0761,0.0127,0.9286,0.0714,,,0,0.0,142.2,139.4,159.0,/Users/admin/Code/typed-decision-bench/output/bonsai-2-27b-calibrated_stats.jsonl,113
bonsai-2-27b-calibrated,glossary_adherence,80,1.0,0.9735,0.0289,0.0084,0.9735,0.0265,,,0,0.0,121.6,119.0,129.2,/Users/admin/Code/typed-decision-bench/output/bonsai-2-27b-calibrated_stats.jsonl,114
bonsai-2-27b-calibrated,synonym_semantic_substitution_scoring,80,0.4125,0.4338,1.5663,0.7835,0.7693,0.3804,,,0,0.0,135.6,131.9,169.6,/Users/admin/Code/typed-decision-bench/output/bonsai-2-27b-calibrated_stats.jsonl,115
bonsai-2-27b-calibrated,word_sense_disambiguation,80,1.0,0.9929,0.0071,0.0002,0.9929,0.0071,,,0,0.0,121.5,119.2,133.4,/Users/admin/Code/typed-decision-bench/output/bonsai-2-27b-calibrated_stats.jsonl,116
bonsai-2-27b-calibrated,language_dialect_identification,80,1.0,0.9453,0.0646,0.0189,0.9453,0.0547,,,0,0.0,144.3,141.8,151.0,/Users/admin/Code/typed-decision-bench/output/bonsai-2-27b-calibrated_stats.jsonl,117
bonsai-2-27b-calibrated,code_switch_understanding,80,0.5875,0.5421,0.9325,0.5657,0.7571,0.2706,,,0,0.0,124.3,121.7,133.4,/Users/admin/Code/typed-decision-bench/output/bonsai-2-27b-calibrated_stats.jsonl,118
bonsai-2-27b-calibrated,pragmatic_intent_understanding,80,0.775,0.6996,0.4893,0.2856,0.786,0.0596,,,0,0.0,142.6,139.7,175.2,/Users/admin/Code/typed-decision-bench/output/bonsai-2-27b-calibrated_stats.jsonl,119
bonsai-2-27b-calibrated,sarcasm_and_humor_understanding,80,0.7875,0.6706,0.6469,0.299,0.7328,0.1215,,,0,0.0,136.7,133.0,148.6,/Users/admin/Code/typed-decision-bench/output/bonsai-2-27b-calibrated_stats.jsonl,120
bonsai-2-27b-calibrated,humor_explanation_correctness,80,1.0,0.8633,0.1593,0.0616,0.8633,0.1367,,,0,0.0,133.4,129.8,159.3,/Users/admin/Code/typed-decision-bench/output/bonsai-2-27b-calibrated_stats.jsonl,121
bonsai-2-27b-calibrated,mood_atmosphere_understanding,80,1.0,0.9353,0.0708,0.0162,0.9353,0.0647,,,0,0.0,133.0,130.1,147.8,/Users/admin/Code/typed-decision-bench/output/bonsai-2-27b-calibrated_stats.jsonl,122
bonsai-2-27b-calibrated,tone_register_classification,80,0.975,0.8937,0.1407,0.0617,0.8989,0.0911,,,0,0.0,142.9,140.2,160.5,/Users/admin/Code/typed-decision-bench/output/bonsai-2-27b-calibrated_stats.jsonl,123
bonsai-2-27b-calibrated,dialogue_coherence,80,0.8625,0.7678,0.358,0.1945,0.8301,0.0503,,,0,0.0,135.5,132.0,145.9,/Users/admin/Code/typed-decision-bench/output/bonsai-2-27b-calibrated_stats.jsonl,124
bonsai-2-27b-calibrated,conversation_state_tracking,80,1.0,0.985,0.0152,0.0005,0.985,0.015,,,0,0.0,155.4,131.7,241.4,/Users/admin/Code/typed-decision-bench/output/bonsai-2-27b-calibrated_stats.jsonl,125
bonsai-2-27b-calibrated,persona_consistency,80,0.7875,0.739,0.5528,0.2757,0.8408,0.1132,,,0,0.0,131.7,129.0,143.4,/Users/admin/Code/typed-decision-bench/output/bonsai-2-27b-calibrated_stats.jsonl,126
bonsai-2-27b-calibrated,theory_of_mind_false_belief_reasoning,80,0.9375,0.8256,0.2258,0.0955,0.8394,0.1223,,,0,0.0,143.3,140.4,159.8,/Users/admin/Code/typed-decision-bench/output/bonsai-2-27b-calibrated_stats.jsonl,127
bonsai-2-27b-calibrated,embodied_unknowns,80,1.0,0.9001,0.1077,0.028,0.9001,0.0999,,,0,0.0,121.6,118.9,132.9,/Users/admin/Code/typed-decision-bench/output/bonsai-2-27b-calibrated_stats.jsonl,128
bonsai-2-27b-calibrated,embodied_time_aware_world_views,80,0.7875,0.7686,0.2993,0.1777,0.7892,0.2189,,,0,0.0,121.6,119.9,130.1,/Users/admin/Code/typed-decision-bench/output/bonsai-2-27b-calibrated_stats.jsonl,129
bonsai-2-27b-calibrated,embodied_emotions,80,0.25,0.3318,1.6897,1.0451,0.8088,0.573,,,0,0.0,134.8,132.3,140.2,/Users/admin/Code/typed-decision-bench/output/bonsai-2-27b-calibrated_stats.jsonl,130
bonsai-2-27b-calibrated,emotion_cause_attribution,80,1.0,0.993,0.007,0.0001,0.993,0.007,,,0,0.0,122.0,119.7,126.4,/Users/admin/Code/typed-decision-bench/output/bonsai-2-27b-calibrated_stats.jsonl,131
bonsai-2-27b-calibrated,social_norm_reasoning,80,0.925,0.8702,0.1829,0.0941,0.8776,0.0506,,,0,0.0,127.6,125.7,154.2,/Users/admin/Code/typed-decision-bench/output/bonsai-2-27b-calibrated_stats.jsonl,132
bonsai-2-27b-calibrated,relationship_permission_reasoning,80,1.0,0.8956,0.1231,0.0594,0.8956,0.1044,,,0,0.0,122.1,118.7,136.1,/Users/admin/Code/typed-decision-bench/output/bonsai-2-27b-calibrated_stats.jsonl,133
bonsai-2-27b-calibrated,embodied_animal_understanding,80,0.8375,0.7548,0.3746,0.2155,0.807,0.0713,,,0,0.0,135.5,132.1,155.3,/Users/admin/Code/typed-decision-bench/output/bonsai-2-27b-calibrated_stats.jsonl,134
bonsai-2-27b-calibrated,animal_affordance_constraint_reasoning,80,0.825,0.8084,0.287,0.2009,0.875,0.1376,,,0,0.0,118.0,116.6,137.8,/Users/admin/Code/typed-decision-bench/output/bonsai-2-27b-calibrated_stats.jsonl,135
bonsai-2-27b-calibrated,narrative_next_event_plausibility,80,1.0,0.9682,0.0324,0.002,0.9682,0.0318,,,0,0.0,124.7,121.4,146.4,/Users/admin/Code/typed-decision-bench/output/bonsai-2-27b-calibrated_stats.jsonl,136
bonsai-2-27b-calibrated,character_goal_consistency,80,1.0,0.9909,0.0092,0.0004,0.9909,0.0091,,,0,0.0,117.8,117.5,127.0,/Users/admin/Code/typed-decision-bench/output/bonsai-2-27b-calibrated_stats.jsonl,137
bonsai-2-27b-calibrated,ocr_ngram_based_text_recognition,80,1.0,0.994,0.0061,0.0001,0.994,0.006,,,0,0.0,158.2,154.8,179.4,/Users/admin/Code/typed-decision-bench/output/bonsai-2-27b-calibrated_stats.jsonl,138
bonsai-2-27b-calibrated,noisy_ocr_reconstruction,80,1.0,0.901,0.1094,0.0288,0.901,0.099,,,0,0.0,126.2,127.7,132.2,/Users/admin/Code/typed-decision-bench/output/bonsai-2-27b-calibrated_stats.jsonl,139
bonsai-2-27b-calibrated,document_field_association,80,1.0,0.9861,0.0141,0.0004,0.9861,0.0139,,,0,0.0,156.4,153.1,179.8,/Users/admin/Code/typed-decision-bench/output/bonsai-2-27b-calibrated_stats.jsonl,140
bonsai-2-27b-calibrated,document_type_classification,80,0.9875,0.9196,0.101,0.049,0.9218,0.0657,,,0,0.0,145.8,141.9,174.7,/Users/admin/Code/typed-decision-bench/output/bonsai-2-27b-calibrated_stats.jsonl,141
bonsai-2-27b-calibrated,document_workflow_state,80,1.0,0.9539,0.0504,0.0123,0.9539,0.0461,,,0,0.0,130.3,128.5,142.8,/Users/admin/Code/typed-decision-bench/output/bonsai-2-27b-calibrated_stats.jsonl,142
bonsai-2-27b-calibrated,table_reasoning_from_linearized_text,80,0.7875,0.7262,0.4593,0.2528,0.7858,0.0882,,,0,0.0,174.6,173.9,182.3,/Users/admin/Code/typed-decision-bench/output/bonsai-2-27b-calibrated_stats.jsonl,143
bonsai-2-27b-calibrated,spreadsheet_formula_semantics_from_text,80,0.7375,0.6887,0.964,0.4116,0.8556,0.1661,,,0,0.0,124.7,121.7,135.4,/Users/admin/Code/typed-decision-bench/output/bonsai-2-27b-calibrated_stats.jsonl,144
bonsai-2-27b-calibrated,form_completeness,80,0.85,0.7299,0.4443,0.206,0.7682,0.1053,,,0,0.0,137.2,136.3,148.1,/Users/admin/Code/typed-decision-bench/output/bonsai-2-27b-calibrated_stats.jsonl,145
bonsai-2-27b-calibrated,contract_clause_consistency,80,0.775,0.644,0.7287,0.3778,0.7714,0.1746,,,0,0.0,137.9,137.2,153.2,/Users/admin/Code/typed-decision-bench/output/bonsai-2-27b-calibrated_stats.jsonl,146
bonsai-2-27b-calibrated,requirement_traceability,80,0.65,0.5081,0.8557,0.4807,0.6268,0.1624,,,0,0.0,138.1,134.0,161.2,/Users/admin/Code/typed-decision-bench/output/bonsai-2-27b-calibrated_stats.jsonl,147
bonsai-2-27b-calibrated,business_process_conformance,80,0.8,0.7483,0.3925,0.2301,0.8134,0.0733,,,0,0.0,134.2,130.4,169.1,/Users/admin/Code/typed-decision-bench/output/bonsai-2-27b-calibrated_stats.jsonl,148
bonsai-2-27b-calibrated,email_thread_state_understanding,80,0.9125,0.7707,0.3188,0.1444,0.781,0.1632,,,0,0.0,136.6,132.9,155.1,/Users/admin/Code/typed-decision-bench/output/bonsai-2-27b-calibrated_stats.jsonl,149
bonsai-2-27b-calibrated,action_item_extraction_verification,80,0.975,0.8565,0.177,0.0941,0.8586,0.1164,,,0,0.0,120.5,118.9,125.1,/Users/admin/Code/typed-decision-bench/output/bonsai-2-27b-calibrated_stats.jsonl,150
bonsai-2-27b-calibrated,product_catalog_matching,80,0.975,0.926,0.1111,0.0429,0.9383,0.0534,,,0,0.0,184.0,183.7,190.2,/Users/admin/Code/typed-decision-bench/output/bonsai-2-27b-calibrated_stats.jsonl,151
bonsai-2-27b-calibrated,compatibility_matching,80,1.0,0.8964,0.113,0.0329,0.8964,0.1036,,,0,0.0,118.2,117.0,132.3,/Users/admin/Code/typed-decision-bench/output/bonsai-2-27b-calibrated_stats.jsonl,152
bonsai-2-27b-calibrated,taxonomy_category_assignment,80,1.0,0.9775,0.023,0.0014,0.9775,0.0225,,,0,0.0,116.6,113.4,130.6,/Users/admin/Code/typed-decision-bench/output/bonsai-2-27b-calibrated_stats.jsonl,153
bonsai-2-27b-calibrated,multi_label_topic_classification,80,1.0,0.9937,0.0064,0.0003,0.9937,0.0063,,,0,0.0,115.2,112.0,127.4,/Users/admin/Code/typed-decision-bench/output/bonsai-2-27b-calibrated_stats.jsonl,154
bonsai-2-27b-calibrated,domain_identification,80,0.9875,0.9332,0.0813,0.0326,0.9383,0.0666,,,0,0.0,125.3,122.0,133.8,/Users/admin/Code/typed-decision-bench/output/bonsai-2-27b-calibrated_stats.jsonl,155
bonsai-2-27b-calibrated,expertise_level_estimation_of_text,80,1.0,0.8927,0.1255,0.0481,0.8927,0.1073,,,0,0.0,126.1,122.0,138.8,/Users/admin/Code/typed-decision-bench/output/bonsai-2-27b-calibrated_stats.jsonl,156
bonsai-2-27b-calibrated,explanation_necessity_judgement,80,1.0,0.8701,0.1403,0.0373,0.8701,0.1299,,,0,0.0,121.0,118.5,138.7,/Users/admin/Code/typed-decision-bench/output/bonsai-2-27b-calibrated_stats.jsonl,157
bonsai-2-27b-calibrated,explanation_quality_judgement,80,0.85,0.6276,0.5721,0.2846,0.6547,0.1953,,,0,0.0,135.8,132.6,150.8,/Users/admin/Code/typed-decision-bench/output/bonsai-2-27b-calibrated_stats.jsonl,158
bonsai-2-27b-calibrated,rationale_to_answer_consistency,80,0.7875,0.7389,0.5502,0.3582,0.9053,0.2416,,,0,0.0,116.7,115.1,125.8,/Users/admin/Code/typed-decision-bench/output/bonsai-2-27b-calibrated_stats.jsonl,159
bonsai-2-27b-calibrated,constraint_satisfaction_judgement,80,0.9375,0.9284,0.2669,0.1156,0.9854,0.0506,,,0,0.0,121.7,120.3,129.0,/Users/admin/Code/typed-decision-bench/output/bonsai-2-27b-calibrated_stats.jsonl,160
bonsai-2-27b-calibrated,soft_vs_hard_constraint_discrimination,80,1.0,0.9183,0.0889,0.0196,0.9183,0.0817,,,0,0.0,121.1,120.3,125.8,/Users/admin/Code/typed-decision-bench/output/bonsai-2-27b-calibrated_stats.jsonl,161
bonsai-2-27b-calibrated,preference_learning_from_explicit_examples,80,0.725,0.629,0.4977,0.3251,0.6722,0.1348,,,0,0.0,143.3,140.4,159.5,/Users/admin/Code/typed-decision-bench/output/bonsai-2-27b-calibrated_stats.jsonl,162
bonsai-2-27b-calibrated,multi_criteria_scoring_consistency,80,0.6,0.5418,0.6379,0.447,0.5988,0.11,,,0,0.0,123.4,120.9,144.0,/Users/admin/Code/typed-decision-bench/output/bonsai-2-27b-calibrated_stats.jsonl,163
bonsai-2-27b-calibrated,rubric_based_quality_assessment,80,0.575,0.5096,1.0481,0.6525,0.7751,0.3893,0.4819,0.775,0,0.0,131.5,130.9,137.6,/Users/admin/Code/typed-decision-bench/output/bonsai-2-27b-calibrated_stats.jsonl,164
bonsai-2-27b-calibrated,comparative_judgement_transitivity,80,1.0,0.8118,0.2235,0.1081,0.8118,0.1882,,,0,0.0,121.4,119.2,134.1,/Users/admin/Code/typed-decision-bench/output/bonsai-2-27b-calibrated_stats.jsonl,165
bonsai-2-27b-calibrated,pairwise_preference_prediction,80,0.7625,0.6353,0.5485,0.326,0.7044,0.1413,,,0,0.0,133.4,131.1,141.1,/Users/admin/Code/typed-decision-bench/output/bonsai-2-27b-calibrated_stats.jsonl,166
bonsai-2-27b-calibrated,set_coverage_diversity_judgement,80,1.0,0.9758,0.0251,0.0029,0.9758,0.0242,,,0,0.0,120.8,120.3,125.1,/Users/admin/Code/typed-decision-bench/output/bonsai-2-27b-calibrated_stats.jsonl,167
bonsai-2-27b-calibrated,redundancy_detection,80,0.425,0.4392,1.4254,0.7219,0.713,0.2965,,,0,0.0,124.7,122.3,128.1,/Users/admin/Code/typed-decision-bench/output/bonsai-2-27b-calibrated_stats.jsonl,168
bonsai-2-27b-calibrated,information_density_judgement,80,0.275,0.3563,1.0676,0.679,0.5004,0.2334,0.872,0.7875,0,0.0,117.2,114.5,129.1,/Users/admin/Code/typed-decision-bench/output/bonsai-2-27b-calibrated_stats.jsonl,169
bonsai-2-27b-calibrated,data_quality_validation,80,0.8,0.7345,0.4993,0.2618,0.8296,0.1479,,,0,0.0,143.7,141.3,156.5,/Users/admin/Code/typed-decision-bench/output/bonsai-2-27b-calibrated_stats.jsonl,170
bonsai-2-27b-calibrated,synthetic_data_plausibility,80,1.0,0.9235,0.0989,0.063,0.9235,0.0765,,,0,0.0,126.4,121.5,143.7,/Users/admin/Code/typed-decision-bench/output/bonsai-2-27b-calibrated_stats.jsonl,171
bonsai-2-27b-calibrated,class_label_leakage_detection,80,0.7875,0.7345,0.3563,0.2255,0.7751,0.1319,,,0,0.0,122.8,119.3,136.4,/Users/admin/Code/typed-decision-bench/output/bonsai-2-27b-calibrated_stats.jsonl,172
bonsai-2-27b-calibrated,dataset_example_quality,80,0.8125,0.5886,0.6839,0.3214,0.6297,0.1828,,,0,0.0,139.7,137.5,171.3,/Users/admin/Code/typed-decision-bench/output/bonsai-2-27b-calibrated_stats.jsonl,173
bonsai-2-27b-calibrated,benchmark_contamination_clues,80,0.5125,0.5442,1.523,0.7455,0.8928,0.3803,,,0,0.0,134.6,132.2,144.8,/Users/admin/Code/typed-decision-bench/output/bonsai-2-27b-calibrated_stats.jsonl,174
bonsai-2-27b-calibrated,adversarial_example_detection,80,0.7625,0.5208,1.118,0.5134,0.6838,0.3491,,,0,0.0,138.5,134.4,171.1,/Users/admin/Code/typed-decision-bench/output/bonsai-2-27b-calibrated_stats.jsonl,175
bonsai-2-27b-calibrated,spurious_correlation_resistance,80,0.9125,0.7089,0.4208,0.1927,0.7173,0.2046,,,0,0.0,135.2,132.3,152.8,/Users/admin/Code/typed-decision-bench/output/bonsai-2-27b-calibrated_stats.jsonl,176
bonsai-2-27b-calibrated,invariant_detection,80,1.0,0.8756,0.1547,0.0864,0.8756,0.1244,,,0,0.0,112.9,112.0,116.5,/Users/admin/Code/typed-decision-bench/output/bonsai-2-27b-calibrated_stats.jsonl,177
bonsai-2-27b-calibrated,boundary_condition_judgement,80,1.0,0.8735,0.1375,0.0385,0.8735,0.1265,,,0,0.0,119.6,118.0,132.1,/Users/admin/Code/typed-decision-bench/output/bonsai-2-27b-calibrated_stats.jsonl,178
bonsai-2-27b-calibrated,failure_mode_classification,80,0.875,0.8548,0.2631,0.1603,0.9141,0.0925,,,0,0.0,141.3,139.1,160.4,/Users/admin/Code/typed-decision-bench/output/bonsai-2-27b-calibrated_stats.jsonl,179
bonsai-2-27b-calibrated,recoverability_judgement,80,0.9125,0.7923,0.3097,0.15,0.7992,0.1358,,,0,0.0,135.0,130.4,147.6,/Users/admin/Code/typed-decision-bench/output/bonsai-2-27b-calibrated_stats.jsonl,180
bonsai-2-27b-calibrated,reversibility_destructiveness,80,0.7125,0.5577,0.8284,0.4263,0.664,0.1232,,,0,0.0,123.9,121.2,136.2,/Users/admin/Code/typed-decision-bench/output/bonsai-2-27b-calibrated_stats.jsonl,181
bonsai-2-27b-calibrated,operational_urgency,80,0.8125,0.6012,0.5903,0.3168,0.6407,0.2857,0.5613,0.8875,0,0.0,131.5,129.4,140.0,/Users/admin/Code/typed-decision-bench/output/bonsai-2-27b-calibrated_stats.jsonl,182
bonsai-2-27b-calibrated,change_risk_judgement,80,0.275,0.3426,1.8276,0.9681,0.7634,0.5075,0.9094,0.5,0,0.0,123.6,120.0,148.6,/Users/admin/Code/typed-decision-bench/output/bonsai-2-27b-calibrated_stats.jsonl,183
bonsai-2-27b-calibrated,regression_likelihood_judgement,80,0.375,0.3652,1.1985,0.6768,0.5241,0.2341,0.6426,0.7375,0,0.0,130.3,129.0,136.1,/Users/admin/Code/typed-decision-bench/output/bonsai-2-27b-calibrated_stats.jsonl,184
bonsai-2-27b-calibrated,human_vs_machine_task_suitability,80,0.6625,0.6561,0.6465,0.3822,0.7831,0.1866,,,0,0.0,135.6,132.3,154.3,/Users/admin/Code/typed-decision-bench/output/bonsai-2-27b-calibrated_stats.jsonl,185
bonsai-2-27b-calibrated,live_data_requirement,80,1.0,0.8666,0.1446,0.0396,0.8666,0.1334,,,0,0.0,114.0,111.5,124.9,/Users/admin/Code/typed-decision-bench/output/bonsai-2-27b-calibrated_stats.jsonl,186
bonsai-2-27b-calibrated,information_acquisition_value,80,0.825,0.5868,0.5698,0.3201,0.6088,0.2162,,,0,0.0,119.6,117.4,137.5,/Users/admin/Code/typed-decision-bench/output/bonsai-2-27b-calibrated_stats.jsonl,187
bonsai-2-27b-calibrated,stopping_decision_sufficiency,80,0.9625,0.9261,0.1104,0.0573,0.9507,0.0739,,,0,0.0,121.7,119.6,133.3,/Users/admin/Code/typed-decision-bench/output/bonsai-2-27b-calibrated_stats.jsonl,188
bonsai-2-27b-calibrated,confidence_vs_evidence_consistency,80,0.85,0.6066,0.5652,0.3053,0.6288,0.2212,,,0,0.0,123.5,122.5,128.5,/Users/admin/Code/typed-decision-bench/output/bonsai-2-27b-calibrated_stats.jsonl,189
bonsai-2-27b-calibrated,self_consistency_across_outputs,80,0.775,0.5937,0.5566,0.3757,0.6533,0.1217,,,0,0.0,115.3,111.8,125.2,/Users/admin/Code/typed-decision-bench/output/bonsai-2-27b-calibrated_stats.jsonl,190
bonsai-2-27b-calibrated,granularity_selection,80,0.95,0.8767,0.169,0.0832,0.8907,0.0758,,,0,0.0,133.6,129.5,175.1,/Users/admin/Code/typed-decision-bench/output/bonsai-2-27b-calibrated_stats.jsonl,191
bonsai-2-27b-calibrated,abstraction_level_matching,80,0.825,0.626,0.5321,0.2868,0.6588,0.2227,,,0,0.0,122.8,120.9,128.9,/Users/admin/Code/typed-decision-bench/output/bonsai-2-27b-calibrated_stats.jsonl,192
bonsai-2-27b-calibrated,analogy_validity,80,0.75,0.5205,0.7396,0.3846,0.5583,0.2506,,,0,0.0,131.0,129.2,139.7,/Users/admin/Code/typed-decision-bench/output/bonsai-2-27b-calibrated_stats.jsonl,193
bonsai-2-27b-calibrated,category_error_detection,80,1.0,0.9507,0.0535,0.0097,0.9507,0.0493,,,0,0.0,144.2,140.7,178.8,/Users/admin/Code/typed-decision-bench/output/bonsai-2-27b-calibrated_stats.jsonl,194
bonsai-2-27b-calibrated,cognitive_bias_illogic_detection,80,0.9125,0.8996,0.2067,0.1044,0.9414,0.0711,,,0,0.0,161.8,158.9,177.6,/Users/admin/Code/typed-decision-bench/output/bonsai-2-27b-calibrated_stats.jsonl,195
bonsai-2-27b-calibrated,contradiction_resolution,80,1.0,0.9286,0.0755,0.011,0.9286,0.0714,,,0,0.0,136.8,135.0,145.5,/Users/admin/Code/typed-decision-bench/output/bonsai-2-27b-calibrated_stats.jsonl,196
bonsai-2-27b-calibrated,scope_reasoning,80,0.8125,0.7429,0.385,0.2187,0.7856,0.115,,,0,0.0,141.1,138.8,165.2,/Users/admin/Code/typed-decision-bench/output/bonsai-2-27b-calibrated_stats.jsonl,197
bonsai-2-27b-calibrated,quantifier_reasoning_in_natural_text,80,0.775,0.7429,0.9051,0.4003,0.9392,0.1642,,,0,0.0,143.2,141.7,149.8,/Users/admin/Code/typed-decision-bench/output/bonsai-2-27b-calibrated_stats.jsonl,198
bonsai-2-27b-calibrated,negation_polarity_tracking,80,0.7625,0.7008,1.1736,0.4667,0.9252,0.2381,,,0,0.0,137.0,135.7,149.4,/Users/admin/Code/typed-decision-bench/output/bonsai-2-27b-calibrated_stats.jsonl,199
bonsai-2-27b-calibrated,reference_coreference_resolution,80,0.9,0.8161,0.2647,0.1426,0.8483,0.0535,,,0,0.0,153.6,152.9,178.5,/Users/admin/Code/typed-decision-bench/output/bonsai-2-27b-calibrated_stats.jsonl,200
bonsai-2-27b-calibrated,comparative_language_reasoning,80,0.7625,0.7323,1.0783,0.4493,0.9552,0.2119,,,0,0.0,141.7,139.8,148.2,/Users/admin/Code/typed-decision-bench/output/bonsai-2-27b-calibrated_stats.jsonl,201
bonsai-2-27b-calibrated,definition_adherence,80,1.0,0.9985,0.0015,0.0,0.9985,0.0015,,,0,0.0,120.6,118.1,132.6,/Users/admin/Code/typed-decision-bench/output/bonsai-2-27b-calibrated_stats.jsonl,202
bonsai-2-27b-calibrated,local_rule_over_world_knowledge_judgement,80,1.0,0.9923,0.0077,0.0002,0.9923,0.0077,,,0,0.0,121.0,119.1,134.1,/Users/admin/Code/typed-decision-bench/output/bonsai-2-27b-calibrated_stats.jsonl,203
bonsai-2-27b-calibrated,world_model_consistency,80,1.0,0.8626,0.149,0.0413,0.8626,0.1374,,,0,0.0,120.3,118.0,139.2,/Users/admin/Code/typed-decision-bench/output/bonsai-2-27b-calibrated_stats.jsonl,204
bonsai-2-27b-calibrated,long_context_distractor_resistance,80,1.0,0.9945,0.0055,0.0001,0.9945,0.0055,,,0,0.0,2664.9,994.6,22055.5,/Users/admin/Code/typed-decision-bench/output/bonsai-2-27b-calibrated_stats.jsonl,205
bonsai-2-27b-calibrated,needle_set_retrieval,80,0.3125,0.2978,1.4031,0.7672,0.4897,0.1956,,,0,0.0,3197.7,1777.4,12031.1,/Users/admin/Code/typed-decision-bench/output/bonsai-2-27b-calibrated_stats.jsonl,206
bonsai-2-27b-calibrated,cross_domain_synthesis,80,1.0,0.7686,0.2644,0.1099,0.7686,0.2314,,,0,0.0,2002.5,1691.5,2805.3,/Users/admin/Code/typed-decision-bench/output/bonsai-2-27b-calibrated_stats.jsonl,207
bonsai-2-27b-calibrated,minimal_sufficient_explanation_selection,80,1.0,0.9459,0.0565,0.0073,0.9459,0.0541,,,0,0.0,158.8,137.2,220.8,/Users/admin/Code/typed-decision-bench/output/bonsai-2-27b-calibrated_stats.jsonl,208
bonsai-2-27b-calibrated,competing_hypothesis_discrimination,80,0.775,0.6477,0.5019,0.3005,0.7171,0.1823,,,0,0.0,123.2,119.7,148.3,/Users/admin/Code/typed-decision-bench/output/bonsai-2-27b-calibrated_stats.jsonl,209
bonsai-2-27b-calibrated,mechanism_vs_pattern_distinction,80,0.725,0.5788,0.8096,0.4951,0.7352,0.309,,,0,0.0,124.9,122.4,134.5,/Users/admin/Code/typed-decision-bench/output/bonsai-2-27b-calibrated_stats.jsonl,210
bonsai-2-27b-calibrated,decision_robustness,80,0.5125,0.5366,1.3035,0.7408,0.8603,0.3633,,,0,0.0,120.6,119.2,126.9,/Users/admin/Code/typed-decision-bench/output/bonsai-2-27b-calibrated_stats.jsonl,211
bonsai-2-27b-calibrated,sensitivity_analysis,80,0.6625,0.544,0.7624,0.4537,0.6555,0.142,,,0,0.0,157.0,154.8,176.2,/Users/admin/Code/typed-decision-bench/output/bonsai-2-27b-calibrated_stats.jsonl,212
bonsai-2-27b-calibrated,dominated_information_detection,80,0.7375,0.6555,0.6476,0.4401,0.8432,0.3096,,,0,0.0,121.8,118.8,148.5,/Users/admin/Code/typed-decision-bench/output/bonsai-2-27b-calibrated_stats.jsonl,213
bonsai-2-27b-calibrated,consistency_under_paraphrase,80,0.7625,0.6339,0.9657,0.5616,0.8537,0.3489,,,0,0.0,117.5,113.3,126.9,/Users/admin/Code/typed-decision-bench/output/bonsai-2-27b-calibrated_stats.jsonl,214
bonsai-2-27b-calibrated,consistency_under_irrelevant_context_insertion,80,0.4625,0.5865,0.7167,0.5435,0.7972,0.3989,,,0,0.0,132.8,129.8,152.5,/Users/admin/Code/typed-decision-bench/output/bonsai-2-27b-calibrated_stats.jsonl,215
bonsai-2-27b-calibrated,consistency_under_option_permutation,80,1.0,0.8872,0.1252,0.0423,0.8872,0.1128,,,0,0.0,120.6,120.3,128.0,/Users/admin/Code/typed-decision-bench/output/bonsai-2-27b-calibrated_stats.jsonl,216
bonsai-2-27b-calibrated,calibration_under_ambiguity,80,0.725,0.689,0.6111,0.4065,0.8785,0.278,0.3234,1.0,0,0.0,113.0,110.0,120.3,/Users/admin/Code/typed-decision-bench/output/bonsai-2-27b-calibrated_stats.jsonl,217
bonsai-2-27b-calibrated,support_department,80,0.9375,0.8947,0.1534,0.0865,0.92,0.0754,,,0,0.0,135.7,130.9,175.6,/Users/admin/Code/typed-decision-bench/output/bonsai-2-27b-calibrated_stats.jsonl,218
bonsai-2-27b-calibrated,email_intent,80,1.0,0.9874,0.0129,0.0007,0.9874,0.0126,,,0,0.0,125.6,123.5,140.5,/Users/admin/Code/typed-decision-bench/output/bonsai-2-27b-calibrated_stats.jsonl,219
bonsai-2-27b-calibrated,refund_eligible,80,1.0,0.9384,0.0708,0.0284,0.9384,0.0616,,,0,0.0,112.6,110.4,122.5,/Users/admin/Code/typed-decision-bench/output/bonsai-2-27b-calibrated_stats.jsonl,220
bonsai-2-27b-calibrated,urgency,80,1.0,0.984,0.0172,0.0041,0.984,0.016,,,0,0.0,105.9,100.4,113.9,/Users/admin/Code/typed-decision-bench/output/bonsai-2-27b-calibrated_stats.jsonl,221
bonsai-2-27b-calibrated,secret_leak,80,0.9125,0.8953,0.1649,0.1099,0.9379,0.0997,,,0,0.0,111.9,110.2,119.3,/Users/admin/Code/typed-decision-bench/output/bonsai-2-27b-calibrated_stats.jsonl,222
bonsai-2-27b-calibrated,frustration_level,80,0.7875,0.7806,0.3325,0.2214,0.8459,0.1364,0.2269,1.0,0,0.0,104.4,100.5,112.5,/Users/admin/Code/typed-decision-bench/output/bonsai-2-27b-calibrated_stats.jsonl,223
bonsai-2-27b-calibrated,incident_severity,80,0.8875,0.802,0.3547,0.2125,0.8792,0.1732,0.2023,1.0,0,0.0,124.5,122.1,135.3,/Users/admin/Code/typed-decision-bench/output/bonsai-2-27b-calibrated_stats.jsonl,224
bonsai-2-27b-calibrated,review_sentiment,80,0.875,0.861,0.1775,0.094,0.8708,0.1376,0.1215,1.0,0,0.0,116.2,113.0,131.1,/Users/admin/Code/typed-decision-bench/output/bonsai-2-27b-calibrated_stats.jsonl,225
bonsai-2-27b-calibrated,support_department_hard,80,0.8375,0.7934,0.3799,0.2139,0.87,0.0767,,,0,0.0,187.4,184.3,203.1,/Users/admin/Code/typed-decision-bench/output/bonsai-2-27b-calibrated_stats.jsonl,226
bonsai-2-27b-calibrated,email_intent_hard,80,1.0,0.9665,0.0365,0.0072,0.9665,0.0335,,,0,0.0,177.6,174.2,188.0,/Users/admin/Code/typed-decision-bench/output/bonsai-2-27b-calibrated_stats.jsonl,227
bonsai-2-27b-calibrated,refund_eligible_hard,80,0.7625,0.7162,0.4424,0.2995,0.8092,0.0971,,,0,0.0,169.5,169.4,180.3,/Users/admin/Code/typed-decision-bench/output/bonsai-2-27b-calibrated_stats.jsonl,228
bonsai-2-27b-calibrated,urgency_hard,80,0.9875,0.9725,0.0367,0.0166,0.9792,0.0275,,,0,0.0,161.2,157.6,182.9,/Users/admin/Code/typed-decision-bench/output/bonsai-2-27b-calibrated_stats.jsonl,229
bonsai-2-27b-calibrated,secret_leak_hard,80,0.7375,0.7641,0.3544,0.2494,0.8394,0.1942,,,0,0.0,170.2,169.5,181.7,/Users/admin/Code/typed-decision-bench/output/bonsai-2-27b-calibrated_stats.jsonl,230
bonsai-2-27b-calibrated,frustration_level_hard,80,0.6625,0.6828,0.5134,0.3421,0.8018,0.2003,0.3248,1.0,0,0.0,159.2,157.3,179.8,/Users/admin/Code/typed-decision-bench/output/bonsai-2-27b-calibrated_stats.jsonl,231
bonsai-2-27b-calibrated,incident_severity_hard,80,0.875,0.7824,0.3308,0.1741,0.8213,0.1138,0.2479,0.9875,0,0.0,173.7,172.6,181.2,/Users/admin/Code/typed-decision-bench/output/bonsai-2-27b-calibrated_stats.jsonl,232
bonsai-2-27b-calibrated,review_sentiment_hard,80,0.9,0.7876,0.3533,0.1543,0.8187,0.0941,0.2278,0.9875,0,0.0,164.0,161.3,179.8,/Users/admin/Code/typed-decision-bench/output/bonsai-2-27b-calibrated_stats.jsonl,233
bonsai-2-27b-calibrated,expense_category,80,1.0,0.9762,0.0265,0.0073,0.9762,0.0238,,,0,0.0,134.7,131.9,155.1,/Users/admin/Code/typed-decision-bench/output/bonsai-2-27b-calibrated_stats.jsonl,234
bonsai-2-27b-calibrated,oncall_route,80,0.9875,0.9803,0.0228,0.0077,0.9812,0.0195,,,0,0.0,136.2,132.8,169.6,/Users/admin/Code/typed-decision-bench/output/bonsai-2-27b-calibrated_stats.jsonl,235
bonsai-2-27b-calibrated,churn_risk,80,0.9875,0.9376,0.0731,0.0199,0.9428,0.0614,0.0686,1.0,0,0.0,131.0,130.0,140.4,/Users/admin/Code/typed-decision-bench/output/bonsai-2-27b-calibrated_stats.jsonl,236
bonsai-2-27b-calibrated,lead_qualification,80,0.95,0.8092,0.2556,0.1217,0.8258,0.1242,0.1795,0.9875,0,0.0,132.0,129.8,152.4,/Users/admin/Code/typed-decision-bench/output/bonsai-2-27b-calibrated_stats.jsonl,237
bonsai-2-27b-calibrated,app_review_intent,80,0.9125,0.9158,0.2038,0.1084,0.9586,0.0578,,,0,0.0,123.3,120.5,132.2,/Users/admin/Code/typed-decision-bench/output/bonsai-2-27b-calibrated_stats.jsonl,238
bonsai-2-27b-calibrated,content_moderation,80,0.95,0.9013,0.1459,0.0736,0.9171,0.0426,,,0,0.0,134.9,131.7,149.3,/Users/admin/Code/typed-decision-bench/output/bonsai-2-27b-calibrated_stats.jsonl,239
bonsai-2-27b-calibrated,code_review_intent,80,0.975,0.9139,0.109,0.0462,0.9224,0.0545,,,0,0.0,144.7,142.6,156.7,/Users/admin/Code/typed-decision-bench/output/bonsai-2-27b-calibrated_stats.jsonl,240
bonsai-2-27b-calibrated,commit_intent,80,0.9875,0.8977,0.126,0.0535,0.8992,0.0883,,,0,0.0,133.4,130.3,159.3,/Users/admin/Code/typed-decision-bench/output/bonsai-2-27b-calibrated_stats.jsonl,241
bonsai-2-27b-calibrated,recipe_cuisine,80,0.9875,0.9776,0.0348,0.014,0.9822,0.0188,,,0,0.0,174.5,173.6,183.3,/Users/admin/Code/typed-decision-bench/output/bonsai-2-27b-calibrated_stats.jsonl,242
bonsai-2-27b-calibrated,question_duplicate,80,1.0,0.9863,0.0144,0.0024,0.9863,0.0137,,,0,0.0,110.7,110.1,114.6,/Users/admin/Code/typed-decision-bench/output/bonsai-2-27b-calibrated_stats.jsonl,243
bonsai-2-27b-calibrated,sql_injection_risk,80,0.7625,0.7612,0.549,0.3387,0.9079,0.2155,,,0,0.0,110.9,110.2,121.4,/Users/admin/Code/typed-decision-bench/output/bonsai-2-27b-calibrated_stats.jsonl,244
bonsai-2-27b-calibrated,travel_policy_violation,80,0.875,0.7961,0.2747,0.1652,0.8276,0.1225,,,0,0.0,121.1,119.1,136.1,/Users/admin/Code/typed-decision-bench/output/bonsai-2-27b-calibrated_stats.jsonl,245
bonsai-2-27b-calibrated,contains_pii,80,1.0,0.9687,0.0343,0.009,0.9687,0.0313,,,0,0.0,114.0,111.2,125.2,/Users/admin/Code/typed-decision-bench/output/bonsai-2-27b-calibrated_stats.jsonl,246
bonsai-2-27b-calibrated,contains_spoiler,80,0.975,0.9351,0.1201,0.0576,0.9576,0.0414,,,0,0.0,109.1,109.3,114.7,/Users/admin/Code/typed-decision-bench/output/bonsai-2-27b-calibrated_stats.jsonl,247
bonsai-2-27b-calibrated,formality_level,80,0.85,0.7758,0.2939,0.1622,0.787,0.1894,0.2402,1.0,0,0.0,125.9,122.6,145.0,/Users/admin/Code/typed-decision-bench/output/bonsai-2-27b-calibrated_stats.jsonl,248
bonsai-2-27b-calibrated,phishing_email,80,1.0,0.9111,0.0965,0.0267,0.9111,0.0889,,,0,0.0,113.9,112.5,123.7,/Users/admin/Code/typed-decision-bench/output/bonsai-2-27b-calibrated_stats.jsonl,249
bonsai-2-27b-calibrated,meeting_conflict,80,0.7375,0.7223,0.623,0.4085,0.8998,0.1843,,,0,0.0,114.3,108.9,145.9,/Users/admin/Code/typed-decision-bench/output/bonsai-2-27b-calibrated_stats.jsonl,250
bonsai-2-27b-calibrated,hazmat_shipping,80,1.0,0.9949,0.0053,0.0005,0.9949,0.0051,,,0,0.0,112.8,112.2,116.5,/Users/admin/Code/typed-decision-bench/output/bonsai-2-27b-calibrated_stats.jsonl,251
bonsai-2-27b-calibrated,dietary_vegan,80,1.0,0.98,0.0212,0.0042,0.98,0.02,,,0,0.0,112.3,110.5,115.3,/Users/admin/Code/typed-decision-bench/output/bonsai-2-27b-calibrated_stats.jsonl,252
bonsai-2-27b-calibrated,news_topic,80,1.0,0.9928,0.0073,0.0004,0.9928,0.0072,,,0,0.0,133.0,130.6,145.2,/Users/admin/Code/typed-decision-bench/output/bonsai-2-27b-calibrated_stats.jsonl,253
bonsai-2-27b-calibrated,document_type,80,1.0,0.9945,0.0055,0.0001,0.9945,0.0055,,,0,0.0,132.5,129.9,142.9,/Users/admin/Code/typed-decision-bench/output/bonsai-2-27b-calibrated_stats.jsonl,254
bonsai-2-27b-calibrated,reading_level,80,0.9875,0.9504,0.0565,0.0162,0.9544,0.0495,0.0482,1.0,0,0.0,116.2,112.8,134.3,/Users/admin/Code/typed-decision-bench/output/bonsai-2-27b-calibrated_stats.jsonl,255
bonsai-2-27b-calibrated,insurance_claim_priority,80,0.75,0.7151,0.4148,0.2477,0.76,0.208,0.2641,1.0,0,0.0,126.4,122.2,163.7,/Users/admin/Code/typed-decision-bench/output/bonsai-2-27b-calibrated_stats.jsonl,256
bonsai-2-27b-calibrated,symptom_triage,80,0.8625,0.7261,0.3907,0.2254,0.7695,0.1722,0.2232,0.975,0,0.0,116.2,113.0,129.9,/Users/admin/Code/typed-decision-bench/output/bonsai-2-27b-calibrated_stats.jsonl,257
bonsai-2-27b-calibrated,delivery_exception,80,1.0,0.9724,0.0292,0.0037,0.9724,0.0276,,,0,0.0,133.0,130.6,155.4,/Users/admin/Code/typed-decision-bench/output/bonsai-2-27b-calibrated_stats.jsonl,258
bonsai-2-27b-calibrated,city_service_request,80,1.0,0.9799,0.0211,0.0033,0.9799,0.0201,,,0,0.0,135.4,132.6,153.6,/Users/admin/Code/typed-decision-bench/output/bonsai-2-27b-calibrated_stats.jsonl,259
bonsai-2-27b-calibrated,ad_policy_violation,80,0.975,0.9262,0.1027,0.0638,0.9373,0.0532,,,0,0.0,111.6,110.7,117.9,/Users/admin/Code/typed-decision-bench/output/bonsai-2-27b-calibrated_stats.jsonl,260
bonsai-2-27b-calibrated,fair_housing_violation,80,0.9125,0.883,0.1599,0.1016,0.8981,0.0673,,,0,0.0,111.9,110.2,122.0,/Users/admin/Code/typed-decision-bench/output/bonsai-2-27b-calibrated_stats.jsonl,261
bonsai-2-27b-calibrated,contract_clause_type,80,1.0,0.9934,0.0068,0.0006,0.9934,0.0066,,,0,0.0,133.1,130.5,150.0,/Users/admin/Code/typed-decision-bench/output/bonsai-2-27b-calibrated_stats.jsonl,262
bonsai-2-27b-calibrated,voice_assistant_intent,80,1.0,0.9844,0.016,0.001,0.9844,0.0156,,,0,0.0,129.4,128.4,151.7,/Users/admin/Code/typed-decision-bench/output/bonsai-2-27b-calibrated_stats.jsonl,263
bonsai-2-27b-calibrated,grammar_issue,80,0.675,0.5959,0.9764,0.479,0.7813,0.1396,,,0,0.0,128.8,126.1,145.4,/Users/admin/Code/typed-decision-bench/output/bonsai-2-27b-calibrated_stats.jsonl,264
bonsai-2-27b-calibrated,action_item_assignment,80,0.825,0.8424,0.3086,0.2252,0.9444,0.1332,,,0,0.0,106.3,99.1,164.8,/Users/admin/Code/typed-decision-bench/output/bonsai-2-27b-calibrated_stats.jsonl,265
bonsai-2-27b-calibrated,suspicious_transaction,80,1.0,0.9634,0.0403,0.0115,0.9634,0.0366,,,0,0.0,114.7,111.6,132.0,/Users/admin/Code/typed-decision-bench/output/bonsai-2-27b-calibrated_stats.jsonl,266
bonsai-2-27b-calibrated,return_reason,80,0.9875,0.9581,0.0498,0.0161,0.9615,0.0414,,,0,0.0,136.3,132.5,167.8,/Users/admin/Code/typed-decision-bench/output/bonsai-2-27b-calibrated_stats.jsonl,267
bonsai-2-27b-calibrated,allergen_present,80,0.9875,0.9474,0.0649,0.0328,0.9514,0.0361,,,0,0.0,113.8,110.6,127.3,/Users/admin/Code/typed-decision-bench/output/bonsai-2-27b-calibrated_stats.jsonl,268
bonsai-2-27b-calibrated,home_service_routing,80,1.0,0.982,0.0186,0.0019,0.982,0.018,,,0,0.0,135.4,132.6,164.7,/Users/admin/Code/typed-decision-bench/output/bonsai-2-27b-calibrated_stats.jsonl,269
bonsai-2-27b-calibrated,gaming_report_type,80,1.0,0.9231,0.0903,0.0305,0.9231,0.0769,,,0,0.0,133.5,131.3,150.6,/Users/admin/Code/typed-decision-bench/output/bonsai-2-27b-calibrated_stats.jsonl,270
bonsai-2-27b-calibrated,warranty_claim_eligible,80,0.95,0.8946,0.1814,0.0952,0.9224,0.0464,,,0,0.0,113.1,111.0,121.0,/Users/admin/Code/typed-decision-bench/output/bonsai-2-27b-calibrated_stats.jsonl,271
bonsai-2-27b-calibrated,weather_alert_severity,80,1.0,0.958,0.0448,0.0071,0.958,0.042,0.0393,1.0,0,0.0,114.9,113.2,123.3,/Users/admin/Code/typed-decision-bench/output/bonsai-2-27b-calibrated_stats.jsonl,272
bonsai-2-27b-calibrated,content_type,80,1.0,0.907,0.1049,0.0293,0.907,0.093,,,0,0.0,126.1,123.9,134.5,/Users/admin/Code/typed-decision-bench/output/bonsai-2-27b-calibrated_stats.jsonl,273
bonsai-2-27b-calibrated,veterinary_triage,80,0.925,0.727,0.3687,0.1984,0.7465,0.1785,0.1794,1.0,0,0.0,113.2,111.1,120.6,/Users/admin/Code/typed-decision-bench/output/bonsai-2-27b-calibrated_stats.jsonl,274
bonsai-2-27b-calibrated,gpqa_diamond,81,0.2963,0.3344,1.3071,0.7067,0.4891,0.2479,,,0,0.0,1221.4,1231.7,2069.7,/Users/admin/Code/typed-decision-bench/output/bonsai-2-27b-calibrated_stats.jsonl,275
bonsai-2-27b-calibrated,micro,22001,0.833,0.7646,0.435,0.2339,0.8319,0.0151,0.3376,0.9207,0,0.0,206.4,130.6,188.7,/Users/admin/Code/typed-decision-bench/output/bonsai-2-27b-calibrated_stats.jsonl,276
bonsai-2-27b-calibration-init,hard_reasoning,80,0.325,0.3412,1.3319,0.7247,0.5176,0.2349,,,0,0.0,142.3,130.6,185.3,/Users/admin/Code/typed-decision-bench/output/bonsai-2-27b-calibration-init_stats.jsonl,1
bonsai-2-27b-calibration-init,math_quantitative_decisions,80,0.525,0.4401,1.15,0.6317,0.6341,0.1103,,,0,0.0,112.9,110.9,119.4,/Users/admin/Code/typed-decision-bench/output/bonsai-2-27b-calibration-init_stats.jsonl,2
bonsai-2-27b-calibration-init,oos_abstention_ambiguity,80,0.8125,0.6615,0.5993,0.3161,0.747,0.115,,,0,0.0,131.0,128.7,151.9,/Users/admin/Code/typed-decision-bench/output/bonsai-2-27b-calibration-init_stats.jsonl,3
bonsai-2-27b-calibration-init,pii_sensitive_data_classification,80,0.9875,0.9599,0.0451,0.0109,0.9611,0.0391,,,0,0.0,164.9,160.9,180.9,/Users/admin/Code/typed-decision-bench/output/bonsai-2-27b-calibration-init_stats.jsonl,4
bonsai-2-27b-calibration-init,routing_intent_support_priority,80,0.95,0.8949,0.2136,0.0866,0.9142,0.069,0.4111,0.8421,0,0.0,156.5,158.7,193.9,/Users/admin/Code/typed-decision-bench/output/bonsai-2-27b-calibration-init_stats.jsonl,5
bonsai-2-27b-calibration-init,rule_following_formal_logic,80,0.7875,0.7017,0.4601,0.2716,0.7584,0.0942,,,0,0.0,153.2,152.4,175.5,/Users/admin/Code/typed-decision-bench/output/bonsai-2-27b-calibration-init_stats.jsonl,6
bonsai-2-27b-calibration-init,security_policy_risk,80,0.825,0.7858,0.4549,0.2491,0.8771,0.0823,0.5462,0.8333,0,0.0,123.0,121.6,145.7,/Users/admin/Code/typed-decision-bench/output/bonsai-2-27b-calibration-init_stats.jsonl,7
bonsai-2-27b-calibration-init,structured_schema_decisions,80,0.95,0.9216,0.1197,0.0557,0.9373,0.0385,,,0,0.0,137.6,136.6,164.5,/Users/admin/Code/typed-decision-bench/output/bonsai-2-27b-calibration-init_stats.jsonl,8
bonsai-2-27b-calibration-init,tool_action_selection,80,0.9,0.8717,0.2449,0.1184,0.9077,0.052,,,0,0.0,822.0,271.8,1852.3,/Users/admin/Code/typed-decision-bench/output/bonsai-2-27b-calibration-init_stats.jsonl,9
bonsai-2-27b-calibration-init,typed_jev_native_replay,80,0.85,0.8353,0.3862,0.1907,0.9027,0.0601,0.5073,0.8077,0,0.0,790.5,201.9,2083.1,/Users/admin/Code/typed-decision-bench/output/bonsai-2-27b-calibration-init_stats.jsonl,10
bonsai-2-27b-calibration-init,code_quality_judgements,80,0.875,0.8418,0.2587,0.1641,0.9018,0.0599,0.0275,1.0,0,0.0,131.4,118.7,198.4,/Users/admin/Code/typed-decision-bench/output/bonsai-2-27b-calibration-init_stats.jsonl,11
bonsai-2-27b-calibration-init,program_behavior_prediction,80,0.975,0.8826,0.1417,0.0517,0.8896,0.0899,,,0,0.0,125.0,120.7,159.4,/Users/admin/Code/typed-decision-bench/output/bonsai-2-27b-calibration-init_stats.jsonl,12
bonsai-2-27b-calibration-init,code_requirement_satisfaction,80,0.3625,0.3633,1.4326,0.8709,0.708,0.3622,,,0,0.0,132.8,131.6,138.4,/Users/admin/Code/typed-decision-bench/output/bonsai-2-27b-calibration-init_stats.jsonl,13
bonsai-2-27b-calibration-init,patch_diff_correctness,80,0.475,0.3983,2.0325,0.9463,0.8441,0.4816,,,0,0.0,146.7,143.9,159.4,/Users/admin/Code/typed-decision-bench/output/bonsai-2-27b-calibration-init_stats.jsonl,14
bonsai-2-27b-calibration-init,test_quality_and_adequacy,80,0.85,0.6281,0.6049,0.2946,0.6861,0.1674,,,0,0.0,142.9,141.9,151.0,/Users/admin/Code/typed-decision-bench/output/bonsai-2-27b-calibration-init_stats.jsonl,15
bonsai-2-27b-calibration-init,api_contract_compatibility,80,0.6625,0.5745,0.7849,0.423,0.6877,0.1446,,,0,0.0,151.1,147.6,176.3,/Users/admin/Code/typed-decision-bench/output/bonsai-2-27b-calibration-init_stats.jsonl,16
bonsai-2-27b-calibration-init,dependency_api_existence_judgements,80,0.7125,0.6827,0.6264,0.387,0.8427,0.1562,,,0,0.0,136.6,133.9,151.8,/Users/admin/Code/typed-decision-bench/output/bonsai-2-27b-calibration-init_stats.jsonl,17
bonsai-2-27b-calibration-init,version_compatibility,80,1.0,0.8692,0.1525,0.0564,0.8692,0.1308,,,0,0.0,134.1,130.4,159.3,/Users/admin/Code/typed-decision-bench/output/bonsai-2-27b-calibration-init_stats.jsonl,18
bonsai-2-27b-calibration-init,environment_portability_judgements,80,1.0,0.873,0.1521,0.0498,0.873,0.127,,,0,0.0,137.9,136.6,148.4,/Users/admin/Code/typed-decision-bench/output/bonsai-2-27b-calibration-init_stats.jsonl,19
bonsai-2-27b-calibration-init,concurrency_correctness,80,1.0,0.912,0.098,0.0236,0.912,0.088,,,0,0.0,134.5,131.2,156.5,/Users/admin/Code/typed-decision-bench/output/bonsai-2-27b-calibration-init_stats.jsonl,20
bonsai-2-27b-calibration-init,idempotency_judgements,80,0.9125,0.7314,0.3663,0.1821,0.7415,0.171,,,0,0.0,137.5,133.0,163.5,/Users/admin/Code/typed-decision-bench/output/bonsai-2-27b-calibration-init_stats.jsonl,21
bonsai-2-27b-calibration-init,error_handling_quality,80,0.8125,0.6267,0.6213,0.3187,0.7054,0.1375,,,0,0.0,134.7,130.9,170.4,/Users/admin/Code/typed-decision-bench/output/bonsai-2-27b-calibration-init_stats.jsonl,22
bonsai-2-27b-calibration-init,algorithm_data_structure_appropriateness,80,0.7375,0.6963,0.7572,0.4216,0.8935,0.156,,,0,0.0,131.0,128.6,151.2,/Users/admin/Code/typed-decision-bench/output/bonsai-2-27b-calibration-init_stats.jsonl,23
bonsai-2-27b-calibration-init,complexity_estimation,80,0.9875,0.959,0.045,0.0099,0.9591,0.0408,,,0,0.0,143.1,140.4,159.0,/Users/admin/Code/typed-decision-bench/output/bonsai-2-27b-calibration-init_stats.jsonl,24
bonsai-2-27b-calibration-init,performance_bottleneck_attribution,80,0.8375,0.7739,0.3235,0.1823,0.8051,0.1248,,,0,0.0,144.9,141.7,177.0,/Users/admin/Code/typed-decision-bench/output/bonsai-2-27b-calibration-init_stats.jsonl,25
bonsai-2-27b-calibration-init,parallelization_suitability,80,0.7375,0.5413,0.7518,0.4536,0.6715,0.2557,,,0,0.0,132.4,130.3,140.4,/Users/admin/Code/typed-decision-bench/output/bonsai-2-27b-calibration-init_stats.jsonl,26
bonsai-2-27b-calibration-init,database_query_reasoning,80,0.9875,0.8792,0.1727,0.0777,0.8799,0.1076,,,0,0.0,146.6,144.1,158.1,/Users/admin/Code/typed-decision-bench/output/bonsai-2-27b-calibration-init_stats.jsonl,27
bonsai-2-27b-calibration-init,regex_pattern_correctness,80,0.7625,0.6127,0.7451,0.3677,0.7034,0.1364,,,0,0.0,143.2,139.2,181.9,/Users/admin/Code/typed-decision-bench/output/bonsai-2-27b-calibration-init_stats.jsonl,28
bonsai-2-27b-calibration-init,state_machine_correctness,80,0.4125,0.4454,1.1626,0.7274,0.7357,0.3287,,,0,0.0,125.5,122.0,163.3,/Users/admin/Code/typed-decision-bench/output/bonsai-2-27b-calibration-init_stats.jsonl,29
bonsai-2-27b-calibration-init,serialization_compatibility,80,0.875,0.722,0.4492,0.2167,0.7518,0.1616,,,0,0.0,145.6,141.2,177.3,/Users/admin/Code/typed-decision-bench/output/bonsai-2-27b-calibration-init_stats.jsonl,30
bonsai-2-27b-calibration-init,data_migration_correctness,80,0.8,0.6783,0.5859,0.2648,0.7336,0.1303,,,0,0.0,135.5,132.1,144.2,/Users/admin/Code/typed-decision-bench/output/bonsai-2-27b-calibration-init_stats.jsonl,31
bonsai-2-27b-calibration-init,distributed_systems_consistency,80,0.7,0.5309,0.8267,0.3831,0.5778,0.1785,,,0,0.0,147.2,144.1,157.0,/Users/admin/Code/typed-decision-bench/output/bonsai-2-27b-calibration-init_stats.jsonl,32
bonsai-2-27b-calibration-init,cache_correctness,80,0.675,0.4561,1.0447,0.4728,0.5281,0.1582,,,0,0.0,143.2,141.8,151.0,/Users/admin/Code/typed-decision-bench/output/bonsai-2-27b-calibration-init_stats.jsonl,33
bonsai-2-27b-calibration-init,observability_adequacy,80,0.6625,0.5142,0.8792,0.4422,0.6041,0.1444,,,0,0.0,135.7,132.8,144.0,/Users/admin/Code/typed-decision-bench/output/bonsai-2-27b-calibration-init_stats.jsonl,34
bonsai-2-27b-calibration-init,log_event_sequence_diagnosis,80,1.0,0.9578,0.0437,0.004,0.9578,0.0422,,,0,0.0,144.5,142.2,160.5,/Users/admin/Code/typed-decision-bench/output/bonsai-2-27b-calibration-init_stats.jsonl,35
bonsai-2-27b-calibration-init,configuration_correctness,80,0.8375,0.728,0.5173,0.2663,0.8241,0.0719,,,0,0.0,139.1,139.1,144.5,/Users/admin/Code/typed-decision-bench/output/bonsai-2-27b-calibration-init_stats.jsonl,36
bonsai-2-27b-calibration-init,command_line_semantics,80,0.8875,0.8138,0.3507,0.1819,0.8847,0.066,,,0,0.0,142.6,142.3,146.2,/Users/admin/Code/typed-decision-bench/output/bonsai-2-27b-calibration-init_stats.jsonl,37
bonsai-2-27b-calibration-init,open_source_license_compatibility,80,0.675,0.5903,0.7569,0.4526,0.7455,0.1397,,,0,0.0,139.8,138.9,149.6,/Users/admin/Code/typed-decision-bench/output/bonsai-2-27b-calibration-init_stats.jsonl,38
bonsai-2-27b-calibration-init,accessibility_semantics_from_source,80,0.7375,0.6336,0.6531,0.3822,0.7564,0.1873,,,0,0.0,142.5,140.5,154.2,/Users/admin/Code/typed-decision-bench/output/bonsai-2-27b-calibration-init_stats.jsonl,39
bonsai-2-27b-calibration-init,graph_logic,80,0.4,0.4893,1.1603,0.6706,0.7365,0.3564,,,0,0.0,141.5,141.0,147.2,/Users/admin/Code/typed-decision-bench/output/bonsai-2-27b-calibration-init_stats.jsonl,40
bonsai-2-27b-calibration-init,graph_knowledge,80,1.0,0.9964,0.0036,0.0001,0.9964,0.0036,,,0,0.0,135.6,132.3,153.1,/Users/admin/Code/typed-decision-bench/output/bonsai-2-27b-calibration-init_stats.jsonl,41
bonsai-2-27b-calibration-init,ontology_taxonomy_consistency,80,0.5125,0.4486,1.1997,0.606,0.6386,0.1585,,,0,0.0,147.0,143.6,182.4,/Users/admin/Code/typed-decision-bench/output/bonsai-2-27b-calibration-init_stats.jsonl,42
bonsai-2-27b-calibration-init,graph_path_relevance,80,0.9875,0.8733,0.1528,0.0641,0.8746,0.1129,,,0,0.0,131.2,130.9,137.0,/Users/admin/Code/typed-decision-bench/output/bonsai-2-27b-calibration-init_stats.jsonl,43
bonsai-2-27b-calibration-init,temporal_graph_consistency,80,1.0,0.9192,0.0858,0.0179,0.9192,0.0808,,,0,0.0,130.2,128.0,136.1,/Users/admin/Code/typed-decision-bench/output/bonsai-2-27b-calibration-init_stats.jsonl,44
bonsai-2-27b-calibration-init,causal_chain_validation,80,0.9125,0.7433,0.3593,0.1718,0.7588,0.1546,,,0,0.0,132.6,130.6,139.8,/Users/admin/Code/typed-decision-bench/output/bonsai-2-27b-calibration-init_stats.jsonl,45
bonsai-2-27b-calibration-init,root_cause_attribution,80,0.975,0.8468,0.1898,0.0784,0.8479,0.1271,,,0,0.0,142.2,140.1,150.3,/Users/admin/Code/typed-decision-bench/output/bonsai-2-27b-calibration-init_stats.jsonl,46
bonsai-2-27b-calibration-init,evidence_provenance,80,0.925,0.8888,0.1587,0.0961,0.9117,0.0762,,,0,0.0,120.6,119.9,124.9,/Users/admin/Code/typed-decision-bench/output/bonsai-2-27b-calibration-init_stats.jsonl,47
bonsai-2-27b-calibration-init,source_reliability_in_context,80,1.0,0.9814,0.0188,0.0008,0.9814,0.0186,,,0,0.0,112.4,110.4,119.7,/Users/admin/Code/typed-decision-bench/output/bonsai-2-27b-calibration-init_stats.jsonl,48
bonsai-2-27b-calibration-init,semantic_similarity_and_factual_correctness,80,0.7625,0.7117,1.1891,0.4755,0.9414,0.2614,,,0,0.0,135.5,133.5,143.5,/Users/admin/Code/typed-decision-bench/output/bonsai-2-27b-calibration-init_stats.jsonl,49
bonsai-2-27b-calibration-init,summary_completeness,80,1.0,0.914,0.0925,0.0184,0.914,0.086,,,0,0.0,133.7,131.4,143.1,/Users/admin/Code/typed-decision-bench/output/bonsai-2-27b-calibration-init_stats.jsonl,50
bonsai-2-27b-calibration-init,claim_entailment,80,0.525,0.5306,1.1158,0.6069,0.7716,0.2802,,,0,0.0,145.2,142.6,176.4,/Users/admin/Code/typed-decision-bench/output/bonsai-2-27b-calibration-init_stats.jsonl,51
bonsai-2-27b-calibration-init,unknown_known_state_classification,80,1.0,0.9769,0.0239,0.0019,0.9769,0.0231,,,0,0.0,124.3,122.5,130.0,/Users/admin/Code/typed-decision-bench/output/bonsai-2-27b-calibration-init_stats.jsonl,52
bonsai-2-27b-calibration-init,answerability_from_provided_context,80,0.75,0.7493,0.4782,0.295,0.8703,0.1621,,,0,0.0,135.2,131.9,148.3,/Users/admin/Code/typed-decision-bench/output/bonsai-2-27b-calibration-init_stats.jsonl,53
bonsai-2-27b-calibration-init,evidence_sufficiency,80,1.0,0.985,0.0151,0.0005,0.985,0.015,,,0,0.0,121.5,119.3,135.8,/Users/admin/Code/typed-decision-bench/output/bonsai-2-27b-calibration-init_stats.jsonl,54
bonsai-2-27b-calibration-init,fact_vs_inference_classification,80,0.7625,0.7486,1.1218,0.4555,0.9758,0.2151,,,0,0.0,134.9,131.8,160.5,/Users/admin/Code/typed-decision-bench/output/bonsai-2-27b-calibration-init_stats.jsonl,55
bonsai-2-27b-calibration-init,hallucination_detection,80,0.75,0.7102,1.0305,0.4644,0.9389,0.2005,,,0,0.0,140.0,138.4,155.2,/Users/admin/Code/typed-decision-bench/output/bonsai-2-27b-calibration-init_stats.jsonl,56
bonsai-2-27b-calibration-init,topic_keyword_fidelity,80,0.9875,0.9292,0.0778,0.0188,0.9301,0.0705,,,0,0.0,119.6,118.4,131.4,/Users/admin/Code/typed-decision-bench/output/bonsai-2-27b-calibration-init_stats.jsonl,57
bonsai-2-27b-calibration-init,information_retrieval_relevance,80,1.0,0.9562,0.0467,0.0086,0.9562,0.0438,,,0,0.0,124.3,121.7,130.3,/Users/admin/Code/typed-decision-bench/output/bonsai-2-27b-calibration-init_stats.jsonl,58
bonsai-2-27b-calibration-init,recommendation_reranking_quality,80,0.8125,0.7698,0.3775,0.2272,0.8495,0.1121,,,0,0.0,186.5,185.9,193.0,/Users/admin/Code/typed-decision-bench/output/bonsai-2-27b-calibration-init_stats.jsonl,59
bonsai-2-27b-calibration-init,entity_resolution,80,0.675,0.7484,0.3959,0.2959,0.8591,0.2516,,,0,0.0,125.4,122.6,136.5,/Users/admin/Code/typed-decision-bench/output/bonsai-2-27b-calibration-init_stats.jsonl,60
bonsai-2-27b-calibration-init,record_deduplication,80,0.3875,0.3917,2.6078,1.0557,0.9065,0.519,,,0,0.0,141.3,140.2,153.8,/Users/admin/Code/typed-decision-bench/output/bonsai-2-27b-calibration-init_stats.jsonl,61
bonsai-2-27b-calibration-init,cross_document_reconciliation,80,1.0,0.9887,0.0114,0.0004,0.9887,0.0113,,,0,0.0,142.9,140.6,163.6,/Users/admin/Code/typed-decision-bench/output/bonsai-2-27b-calibration-init_stats.jsonl,62
bonsai-2-27b-calibration-init,document_consistency,80,0.675,0.5399,0.866,0.4878,0.7058,0.2011,,,0,0.0,142.9,140.7,161.2,/Users/admin/Code/typed-decision-bench/output/bonsai-2-27b-calibration-init_stats.jsonl,63
bonsai-2-27b-calibration-init,booking_accounting_mapping,80,0.8875,0.8684,0.3522,0.1346,0.9102,0.0627,,,0,0.0,141.1,140.2,150.0,/Users/admin/Code/typed-decision-bench/output/bonsai-2-27b-calibration-init_stats.jsonl,64
bonsai-2-27b-calibration-init,accounting_reasonableness,80,0.55,0.4963,0.9252,0.5754,0.6845,0.1358,,,0,0.0,135.0,132.9,141.2,/Users/admin/Code/typed-decision-bench/output/bonsai-2-27b-calibration-init_stats.jsonl,65
bonsai-2-27b-calibration-init,invoice_anomaly_detection,80,0.875,0.8233,0.2535,0.1474,0.8583,0.0589,,,0,0.0,138.7,133.3,173.8,/Users/admin/Code/typed-decision-bench/output/bonsai-2-27b-calibration-init_stats.jsonl,66
bonsai-2-27b-calibration-init,fraud_scam_likelihood,80,0.5625,0.4037,0.9998,0.5636,0.5028,0.2239,0.5844,0.825,0,0.0,138.0,135.6,161.1,/Users/admin/Code/typed-decision-bench/output/bonsai-2-27b-calibration-init_stats.jsonl,67
bonsai-2-27b-calibration-init,transaction_anomaly_detection,80,0.7125,0.6741,0.7281,0.3932,0.8186,0.1174,,,0,0.0,133.7,131.2,148.8,/Users/admin/Code/typed-decision-bench/output/bonsai-2-27b-calibration-init_stats.jsonl,68
bonsai-2-27b-calibration-init,commercial_price_plausibility,80,1.0,0.9386,0.067,0.0144,0.9386,0.0614,,,0,0.0,134.3,132.0,147.1,/Users/admin/Code/typed-decision-bench/output/bonsai-2-27b-calibration-init_stats.jsonl,69
bonsai-2-27b-calibration-init,budget_consistency,80,0.65,0.5375,0.6394,0.4477,0.5975,0.0677,,,0,0.0,123.0,122.4,129.2,/Users/admin/Code/typed-decision-bench/output/bonsai-2-27b-calibration-init_stats.jsonl,70
bonsai-2-27b-calibration-init,resource_planning,80,0.425,0.333,1.1759,0.664,0.4194,0.0976,,,0,0.0,122.3,120.6,130.9,/Users/admin/Code/typed-decision-bench/output/bonsai-2-27b-calibration-init_stats.jsonl,71
bonsai-2-27b-calibration-init,capacity_planning,80,0.1625,0.2512,1.4693,0.8084,0.412,0.2495,,,0,0.0,138.1,136.4,151.2,/Users/admin/Code/typed-decision-bench/output/bonsai-2-27b-calibration-init_stats.jsonl,72
bonsai-2-27b-calibration-init,inventory_decisions,80,0.6625,0.5639,0.8074,0.5006,0.7374,0.1331,,,0,0.0,131.7,130.4,136.6,/Users/admin/Code/typed-decision-bench/output/bonsai-2-27b-calibration-init_stats.jsonl,73
bonsai-2-27b-calibration-init,scheduling_feasibility,80,0.4375,0.4931,0.7758,0.5786,0.6505,0.2544,,,0,0.0,122.0,120.4,128.6,/Users/admin/Code/typed-decision-bench/output/bonsai-2-27b-calibration-init_stats.jsonl,74
bonsai-2-27b-calibration-init,prioritization_under_constraints,80,0.7875,0.6509,0.5422,0.2914,0.7049,0.1036,,,0,0.0,2833.2,1164.9,12655.5,/Users/admin/Code/typed-decision-bench/output/bonsai-2-27b-calibration-init_stats.jsonl,75
bonsai-2-27b-calibration-init,pareto_optimal_decision_taking,80,0.5625,0.4997,0.7056,0.5118,0.5698,0.1772,,,0,0.0,1582.1,1462.4,2154.2,/Users/admin/Code/typed-decision-bench/output/bonsai-2-27b-calibration-init_stats.jsonl,76
bonsai-2-27b-calibration-init,expected_utility_decisions,80,0.575,0.586,0.9427,0.5838,0.8253,0.2551,,,0,0.0,2749.6,1563.6,11577.6,/Users/admin/Code/typed-decision-bench/output/bonsai-2-27b-calibration-init_stats.jsonl,77
bonsai-2-27b-calibration-init,bayesian_evidence_updating,80,0.6,0.6456,0.603,0.4462,0.8261,0.2735,,,0,0.0,1258.8,1171.0,2064.3,/Users/admin/Code/typed-decision-bench/output/bonsai-2-27b-calibration-init_stats.jsonl,78
bonsai-2-27b-calibration-init,game_theory_judgements,80,0.825,0.6617,0.4555,0.2941,0.7086,0.1387,,,0,0.0,124.0,121.3,139.0,/Users/admin/Code/typed-decision-bench/output/bonsai-2-27b-calibration-init_stats.jsonl,79
bonsai-2-27b-calibration-init,adversarial_agent_reasoning,80,1.0,0.8731,0.1437,0.0408,0.8731,0.1269,,,0,0.0,132.0,130.9,139.3,/Users/admin/Code/typed-decision-bench/output/bonsai-2-27b-calibration-init_stats.jsonl,80
bonsai-2-27b-calibration-init,negotiation_judgements,80,0.4,0.3781,1.1435,0.6165,0.5,0.2363,,,0,0.0,132.9,131.2,138.9,/Users/admin/Code/typed-decision-bench/output/bonsai-2-27b-calibration-init_stats.jsonl,81
bonsai-2-27b-calibration-init,probability_support_judgement,80,0.6875,0.6318,0.5537,0.3734,0.7366,0.1098,,,0,0.0,134.8,131.3,166.3,/Users/admin/Code/typed-decision-bench/output/bonsai-2-27b-calibration-init_stats.jsonl,82
bonsai-2-27b-calibration-init,probability_calibration_language,80,0.7625,0.7296,0.642,0.3572,0.8862,0.1237,,,0,0.0,144.2,142.2,171.4,/Users/admin/Code/typed-decision-bench/output/bonsai-2-27b-calibration-init_stats.jsonl,83
bonsai-2-27b-calibration-init,forecast_consistency,80,0.7,0.6065,0.5592,0.3798,0.6976,0.1273,,,0,0.0,121.3,119.6,130.5,/Users/admin/Code/typed-decision-bench/output/bonsai-2-27b-calibration-init_stats.jsonl,84
bonsai-2-27b-calibration-init,counterfactual_plausibility,80,0.7625,0.6537,0.4784,0.3182,0.7163,0.3314,,,0,0.0,122.0,120.0,131.1,/Users/admin/Code/typed-decision-bench/output/bonsai-2-27b-calibration-init_stats.jsonl,85
bonsai-2-27b-calibration-init,base_rate_awareness,80,0.7625,0.5576,0.7172,0.3997,0.6459,0.2137,,,0,0.0,125.8,123.4,139.4,/Users/admin/Code/typed-decision-bench/output/bonsai-2-27b-calibration-init_stats.jsonl,86
bonsai-2-27b-calibration-init,sampling_statistical_interpretation,80,0.9625,0.8365,0.2137,0.1023,0.8481,0.1282,,,0,0.0,138.6,138.9,145.3,/Users/admin/Code/typed-decision-bench/output/bonsai-2-27b-calibration-init_stats.jsonl,87
bonsai-2-27b-calibration-init,unit_understanding,80,0.5875,0.4891,0.881,0.4872,0.5625,0.172,,,0,0.0,122.6,121.7,126.0,/Users/admin/Code/typed-decision-bench/output/bonsai-2-27b-calibration-init_stats.jsonl,88
bonsai-2-27b-calibration-init,dimensional_consistency,80,1.0,0.8907,0.1237,0.0461,0.8907,0.1093,,,0,0.0,120.0,118.1,126.7,/Users/admin/Code/typed-decision-bench/output/bonsai-2-27b-calibration-init_stats.jsonl,89
bonsai-2-27b-calibration-init,order_of_magnitude_reasoning,80,0.9375,0.7675,0.3074,0.1367,0.7831,0.1656,,,0,0.0,125.4,123.8,133.3,/Users/admin/Code/typed-decision-bench/output/bonsai-2-27b-calibration-init_stats.jsonl,90
bonsai-2-27b-calibration-init,scale_plausibility,80,1.0,0.8201,0.2128,0.1,0.8201,0.1799,,,0,0.0,123.4,120.1,142.6,/Users/admin/Code/typed-decision-bench/output/bonsai-2-27b-calibration-init_stats.jsonl,91
bonsai-2-27b-calibration-init,geometry_and_embodied_navigation,80,0.4375,0.3932,1.0882,0.6104,0.5182,0.1398,,,0,0.0,129.2,128.7,135.1,/Users/admin/Code/typed-decision-bench/output/bonsai-2-27b-calibration-init_stats.jsonl,92
bonsai-2-27b-calibration-init,spatial_relation_reasoning,80,0.675,0.5793,0.967,0.4047,0.6696,0.1543,,,0,0.0,156.6,155.1,163.3,/Users/admin/Code/typed-decision-bench/output/bonsai-2-27b-calibration-init_stats.jsonl,93
bonsai-2-27b-calibration-init,route_feasibility,80,0.5,0.4363,1.0826,0.6322,0.6285,0.1944,,,0,0.0,185.3,185.1,192.9,/Users/admin/Code/typed-decision-bench/output/bonsai-2-27b-calibration-init_stats.jsonl,94
bonsai-2-27b-calibration-init,embodied_affordances,80,0.9375,0.8109,0.241,0.1408,0.8124,0.1251,,,0,0.0,119.5,117.8,124.4,/Users/admin/Code/typed-decision-bench/output/bonsai-2-27b-calibration-init_stats.jsonl,95
bonsai-2-27b-calibration-init,physical_commonsense,80,1.0,0.8689,0.1499,0.0596,0.8689,0.1311,,,0,0.0,121.4,118.4,140.7,/Users/admin/Code/typed-decision-bench/output/bonsai-2-27b-calibration-init_stats.jsonl,96
bonsai-2-27b-calibration-init,mechanical_system_reasoning,80,0.525,0.4989,1.1443,0.5926,0.7083,0.1911,,,0,0.0,219.5,193.9,290.4,/Users/admin/Code/typed-decision-bench/output/bonsai-2-27b-calibration-init_stats.jsonl,97
bonsai-2-27b-calibration-init,object_permanence_state_tracking,80,1.0,0.9872,0.013,0.0004,0.9872,0.0128,,,0,0.0,191.9,173.0,437.5,/Users/admin/Code/typed-decision-bench/output/bonsai-2-27b-calibration-init_stats.jsonl,98
bonsai-2-27b-calibration-init,temporal_ordering,80,0.95,0.8873,0.1491,0.0787,0.9037,0.066,,,0,0.0,168.0,166.7,177.4,/Users/admin/Code/typed-decision-bench/output/bonsai-2-27b-calibration-init_stats.jsonl,99
bonsai-2-27b-calibration-init,calendar_time_zone_understanding,80,0.675,0.4945,0.7575,0.4581,0.5508,0.1364,,,0,0.0,122.0,121.2,128.1,/Users/admin/Code/typed-decision-bench/output/bonsai-2-27b-calibration-init_stats.jsonl,100
bonsai-2-27b-calibration-init,historical_fact_verification,80,1.0,0.9773,0.0231,0.0015,0.9773,0.0227,,,0,0.0,120.0,119.7,123.5,/Users/admin/Code/typed-decision-bench/output/bonsai-2-27b-calibration-init_stats.jsonl,101
bonsai-2-27b-calibration-init,historical_anachronism_detection,80,0.9125,0.6711,0.4159,0.246,0.6739,0.2386,,,0,0.0,120.4,118.9,135.4,/Users/admin/Code/typed-decision-bench/output/bonsai-2-27b-calibration-init_stats.jsonl,102
bonsai-2-27b-calibration-init,geographical_consistency,80,0.95,0.831,0.2041,0.0967,0.8409,0.1364,,,0,0.0,116.5,117.4,121.2,/Users/admin/Code/typed-decision-bench/output/bonsai-2-27b-calibration-init_stats.jsonl,103
bonsai-2-27b-calibration-init,weather_state_interpretation,80,0.75,0.7083,0.504,0.3564,0.8332,0.1435,,,0,0.0,124.0,122.0,129.5,/Users/admin/Code/typed-decision-bench/output/bonsai-2-27b-calibration-init_stats.jsonl,104
bonsai-2-27b-calibration-init,scientific_hypothesis_plausibility,80,0.95,0.7844,0.2728,0.1226,0.7855,0.1778,,,0,0.0,123.2,120.9,129.6,/Users/admin/Code/typed-decision-bench/output/bonsai-2-27b-calibration-init_stats.jsonl,105
bonsai-2-27b-calibration-init,experimental_design_judgement,80,0.8875,0.7031,0.4225,0.2086,0.7198,0.1677,,,0,0.0,126.3,123.5,134.0,/Users/admin/Code/typed-decision-bench/output/bonsai-2-27b-calibration-init_stats.jsonl,106
bonsai-2-27b-calibration-init,measurement_uncertainty_reasoning,80,0.425,0.4986,0.7094,0.5162,0.5736,0.1486,,,0,0.0,131.3,128.9,142.7,/Users/admin/Code/typed-decision-bench/output/bonsai-2-27b-calibration-init_stats.jsonl,107
bonsai-2-27b-calibration-init,biological_system_reasoning,80,1.0,0.9416,0.0647,0.0212,0.9416,0.0584,,,0,0.0,120.9,119.0,126.0,/Users/admin/Code/typed-decision-bench/output/bonsai-2-27b-calibration-init_stats.jsonl,108
bonsai-2-27b-calibration-init,biological_signal_understanding,80,1.0,0.8941,0.1208,0.0363,0.8941,0.1059,,,0,0.0,128.9,124.1,152.9,/Users/admin/Code/typed-decision-bench/output/bonsai-2-27b-calibration-init_stats.jsonl,109
bonsai-2-27b-calibration-init,medical_differential_reasoning_benchmarks,80,1.0,0.9784,0.022,0.0012,0.9784,0.0216,,,0,0.0,117.9,118.4,122.1,/Users/admin/Code/typed-decision-bench/output/bonsai-2-27b-calibration-init_stats.jsonl,110
bonsai-2-27b-calibration-init,medical_chronology_consistency,80,1.0,0.8896,0.1212,0.0369,0.8896,0.1104,,,0,0.0,122.7,119.3,139.9,/Users/admin/Code/typed-decision-bench/output/bonsai-2-27b-calibration-init_stats.jsonl,111
bonsai-2-27b-calibration-init,translation_correctness,80,0.8875,0.8202,0.2851,0.1418,0.845,0.0789,,,0,0.0,141.7,138.4,173.9,/Users/admin/Code/typed-decision-bench/output/bonsai-2-27b-calibration-init_stats.jsonl,112
bonsai-2-27b-calibration-init,grammar_judgement,80,1.0,0.9359,0.068,0.0108,0.9359,0.0641,,,0,0.0,140.9,139.8,144.4,/Users/admin/Code/typed-decision-bench/output/bonsai-2-27b-calibration-init_stats.jsonl,113
bonsai-2-27b-calibration-init,glossary_adherence,80,1.0,0.9557,0.0487,0.0146,0.9557,0.0443,,,0,0.0,121.7,118.9,134.5,/Users/admin/Code/typed-decision-bench/output/bonsai-2-27b-calibration-init_stats.jsonl,114
bonsai-2-27b-calibration-init,synonym_semantic_substitution_scoring,80,0.4125,0.4348,1.5985,0.7965,0.7804,0.3931,,,0,0.0,133.3,132.3,139.4,/Users/admin/Code/typed-decision-bench/output/bonsai-2-27b-calibration-init_stats.jsonl,115
bonsai-2-27b-calibration-init,word_sense_disambiguation,80,1.0,0.994,0.006,0.0001,0.994,0.006,,,0,0.0,120.8,119.2,125.6,/Users/admin/Code/typed-decision-bench/output/bonsai-2-27b-calibration-init_stats.jsonl,116
bonsai-2-27b-calibration-init,language_dialect_identification,80,1.0,0.9497,0.0593,0.0172,0.9497,0.0503,,,0,0.0,143.5,141.8,153.4,/Users/admin/Code/typed-decision-bench/output/bonsai-2-27b-calibration-init_stats.jsonl,117
bonsai-2-27b-calibration-init,code_switch_understanding,80,0.5875,0.5459,0.9421,0.5726,0.7672,0.2431,,,0,0.0,124.4,122.7,129.5,/Users/admin/Code/typed-decision-bench/output/bonsai-2-27b-calibration-init_stats.jsonl,118
bonsai-2-27b-calibration-init,pragmatic_intent_understanding,80,0.775,0.7065,0.4842,0.2864,0.7961,0.0679,,,0,0.0,140.7,140.1,145.9,/Users/admin/Code/typed-decision-bench/output/bonsai-2-27b-calibration-init_stats.jsonl,119
bonsai-2-27b-calibration-init,sarcasm_and_humor_understanding,80,0.7875,0.6762,0.6445,0.2978,0.7407,0.1297,,,0,0.0,138.0,133.2,176.0,/Users/admin/Code/typed-decision-bench/output/bonsai-2-27b-calibration-init_stats.jsonl,120
bonsai-2-27b-calibration-init,humor_explanation_correctness,80,1.0,0.8704,0.1506,0.058,0.8704,0.1296,,,0,0.0,133.0,130.6,143.9,/Users/admin/Code/typed-decision-bench/output/bonsai-2-27b-calibration-init_stats.jsonl,121
bonsai-2-27b-calibration-init,mood_atmosphere_understanding,80,1.0,0.9411,0.0643,0.0145,0.9411,0.0589,,,0,0.0,133.1,130.8,146.0,/Users/admin/Code/typed-decision-bench/output/bonsai-2-27b-calibration-init_stats.jsonl,122
bonsai-2-27b-calibration-init,tone_register_classification,80,0.975,0.8992,0.1338,0.0599,0.9046,0.076,,,0,0.0,146.5,141.9,179.6,/Users/admin/Code/typed-decision-bench/output/bonsai-2-27b-calibration-init_stats.jsonl,123
bonsai-2-27b-calibration-init,dialogue_coherence,80,0.8625,0.7757,0.3514,0.1933,0.84,0.0525,,,0,0.0,135.1,133.0,142.4,/Users/admin/Code/typed-decision-bench/output/bonsai-2-27b-calibration-init_stats.jsonl,124
bonsai-2-27b-calibration-init,conversation_state_tracking,80,1.0,0.9874,0.0127,0.0004,0.9874,0.0126,,,0,0.0,149.7,128.1,223.3,/Users/admin/Code/typed-decision-bench/output/bonsai-2-27b-calibration-init_stats.jsonl,125
bonsai-2-27b-calibration-init,persona_consistency,80,0.7875,0.7443,0.5557,0.2777,0.8491,0.1306,,,0,0.0,132.1,130.2,141.2,/Users/admin/Code/typed-decision-bench/output/bonsai-2-27b-calibration-init_stats.jsonl,126
bonsai-2-27b-calibration-init,theory_of_mind_false_belief_reasoning,80,0.9375,0.8352,0.2147,0.0924,0.8495,0.1124,,,0,0.0,143.7,141.2,152.2,/Users/admin/Code/typed-decision-bench/output/bonsai-2-27b-calibration-init_stats.jsonl,127
bonsai-2-27b-calibration-init,embodied_unknowns,80,1.0,0.8525,0.1637,0.0556,0.8525,0.1475,,,0,0.0,124.9,119.7,163.6,/Users/admin/Code/typed-decision-bench/output/bonsai-2-27b-calibration-init_stats.jsonl,128
bonsai-2-27b-calibration-init,embodied_time_aware_world_views,80,0.7875,0.7355,0.3383,0.1998,0.7513,0.252,,,0,0.0,123.9,120.9,141.9,/Users/admin/Code/typed-decision-bench/output/bonsai-2-27b-calibration-init_stats.jsonl,129
bonsai-2-27b-calibration-init,embodied_emotions,80,0.25,0.3298,1.7318,1.0633,0.8184,0.5824,,,0,0.0,136.4,133.6,154.8,/Users/admin/Code/typed-decision-bench/output/bonsai-2-27b-calibration-init_stats.jsonl,130
bonsai-2-27b-calibration-init,emotion_cause_attribution,80,1.0,0.9941,0.0059,0.0001,0.9941,0.0059,,,0,0.0,122.1,120.2,124.8,/Users/admin/Code/typed-decision-bench/output/bonsai-2-27b-calibration-init_stats.jsonl,131
bonsai-2-27b-calibration-init,social_norm_reasoning,80,0.925,0.8744,0.1775,0.093,0.8822,0.0602,,,0,0.0,127.2,126.0,133.0,/Users/admin/Code/typed-decision-bench/output/bonsai-2-27b-calibration-init_stats.jsonl,132
bonsai-2-27b-calibration-init,relationship_permission_reasoning,80,1.0,0.8717,0.154,0.0789,0.8717,0.1283,,,0,0.0,121.5,119.3,134.7,/Users/admin/Code/typed-decision-bench/output/bonsai-2-27b-calibration-init_stats.jsonl,133
bonsai-2-27b-calibration-init,embodied_animal_understanding,80,0.8375,0.7608,0.3692,0.2146,0.8148,0.0927,,,0,0.0,135.3,133.2,147.0,/Users/admin/Code/typed-decision-bench/output/bonsai-2-27b-calibration-init_stats.jsonl,134
bonsai-2-27b-calibration-init,animal_affordance_constraint_reasoning,80,0.825,0.7873,0.2977,0.1946,0.8394,0.1034,,,0,0.0,118.8,117.7,127.5,/Users/admin/Code/typed-decision-bench/output/bonsai-2-27b-calibration-init_stats.jsonl,135
bonsai-2-27b-calibration-init,narrative_next_event_plausibility,80,1.0,0.9723,0.0282,0.0016,0.9723,0.0277,,,0,0.0,124.9,122.1,136.1,/Users/admin/Code/typed-decision-bench/output/bonsai-2-27b-calibration-init_stats.jsonl,136
bonsai-2-27b-calibration-init,character_goal_consistency,80,1.0,0.976,0.0246,0.002,0.976,0.024,,,0,0.0,117.6,118.3,122.2,/Users/admin/Code/typed-decision-bench/output/bonsai-2-27b-calibration-init_stats.jsonl,137
bonsai-2-27b-calibration-init,ocr_ngram_based_text_recognition,80,1.0,0.995,0.005,0.0001,0.995,0.005,,,0,0.0,158.2,155.4,178.9,/Users/admin/Code/typed-decision-bench/output/bonsai-2-27b-calibration-init_stats.jsonl,138
bonsai-2-27b-calibration-init,noisy_ocr_reconstruction,80,1.0,0.908,0.1013,0.0261,0.908,0.092,,,0,0.0,128.1,127.1,139.8,/Users/admin/Code/typed-decision-bench/output/bonsai-2-27b-calibration-init_stats.jsonl,139
bonsai-2-27b-calibration-init,document_field_association,80,1.0,0.9884,0.0117,0.0003,0.9884,0.0116,,,0,0.0,158.5,154.3,180.9,/Users/admin/Code/typed-decision-bench/output/bonsai-2-27b-calibration-init_stats.jsonl,140
bonsai-2-27b-calibration-init,document_type_classification,80,0.9875,0.9235,0.0964,0.0478,0.9258,0.0617,,,0,0.0,143.9,141.6,155.6,/Users/admin/Code/typed-decision-bench/output/bonsai-2-27b-calibration-init_stats.jsonl,141
bonsai-2-27b-calibration-init,document_workflow_state,80,1.0,0.9582,0.0457,0.0112,0.9582,0.0418,,,0,0.0,129.9,129.1,142.9,/Users/admin/Code/typed-decision-bench/output/bonsai-2-27b-calibration-init_stats.jsonl,142
bonsai-2-27b-calibration-init,table_reasoning_from_linearized_text,80,0.7875,0.7311,0.4562,0.2523,0.7927,0.0818,,,0,0.0,175.2,174.0,183.0,/Users/admin/Code/typed-decision-bench/output/bonsai-2-27b-calibration-init_stats.jsonl,143
bonsai-2-27b-calibration-init,spreadsheet_formula_semantics_from_text,80,0.7375,0.6935,0.9836,0.4132,0.8627,0.1497,,,0,0.0,125.1,122.2,137.1,/Users/admin/Code/typed-decision-bench/output/bonsai-2-27b-calibration-init_stats.jsonl,144
bonsai-2-27b-calibration-init,form_completeness,80,0.85,0.7385,0.4361,0.2032,0.7782,0.0912,,,0,0.0,137.3,137.4,145.3,/Users/admin/Code/typed-decision-bench/output/bonsai-2-27b-calibration-init_stats.jsonl,145
bonsai-2-27b-calibration-init,contract_clause_consistency,80,0.775,0.6504,0.7324,0.3778,0.7808,0.1597,,,0,0.0,136.9,135.0,145.8,/Users/admin/Code/typed-decision-bench/output/bonsai-2-27b-calibration-init_stats.jsonl,146
bonsai-2-27b-calibration-init,requirement_traceability,80,0.65,0.5139,0.8513,0.4815,0.6373,0.1678,,,0,0.0,134.7,132.6,141.9,/Users/admin/Code/typed-decision-bench/output/bonsai-2-27b-calibration-init_stats.jsonl,147
bonsai-2-27b-calibration-init,business_process_conformance,80,0.8,0.7541,0.3878,0.23,0.8214,0.1271,,,0,0.0,131.8,129.7,144.0,/Users/admin/Code/typed-decision-bench/output/bonsai-2-27b-calibration-init_stats.jsonl,148
bonsai-2-27b-calibration-init,email_thread_state_understanding,80,0.9125,0.7796,0.3063,0.1398,0.7904,0.1274,,,0,0.0,135.8,133.4,148.7,/Users/admin/Code/typed-decision-bench/output/bonsai-2-27b-calibration-init_stats.jsonl,149
bonsai-2-27b-calibration-init,action_item_extraction_verification,80,0.975,0.8203,0.2191,0.1122,0.8219,0.1531,,,0,0.0,120.9,119.3,125.2,/Users/admin/Code/typed-decision-bench/output/bonsai-2-27b-calibration-init_stats.jsonl,150
bonsai-2-27b-calibration-init,product_catalog_matching,80,0.975,0.9309,0.107,0.0422,0.9435,0.0495,,,0,0.0,185.3,183.3,200.0,/Users/admin/Code/typed-decision-bench/output/bonsai-2-27b-calibration-init_stats.jsonl,151
bonsai-2-27b-calibration-init,compatibility_matching,80,1.0,0.8499,0.168,0.0603,0.8499,0.1501,,,0,0.0,114.9,113.7,120.5,/Users/admin/Code/typed-decision-bench/output/bonsai-2-27b-calibration-init_stats.jsonl,152
bonsai-2-27b-calibration-init,taxonomy_category_assignment,80,1.0,0.9805,0.0199,0.0011,0.9805,0.0195,,,0,0.0,113.6,111.8,120.2,/Users/admin/Code/typed-decision-bench/output/bonsai-2-27b-calibration-init_stats.jsonl,153
bonsai-2-27b-calibration-init,multi_label_topic_classification,80,1.0,0.9821,0.0183,0.0014,0.9821,0.0179,,,0,0.0,113.8,111.6,120.8,/Users/admin/Code/typed-decision-bench/output/bonsai-2-27b-calibration-init_stats.jsonl,154
bonsai-2-27b-calibration-init,domain_identification,80,0.9875,0.9379,0.0763,0.0318,0.9432,0.0619,,,0,0.0,123.1,121.8,130.2,/Users/admin/Code/typed-decision-bench/output/bonsai-2-27b-calibration-init_stats.jsonl,155
bonsai-2-27b-calibration-init,expertise_level_estimation_of_text,80,1.0,0.8982,0.1188,0.0454,0.8982,0.1018,,,0,0.0,121.9,121.0,128.6,/Users/admin/Code/typed-decision-bench/output/bonsai-2-27b-calibration-init_stats.jsonl,156
bonsai-2-27b-calibration-init,explanation_necessity_judgement,80,1.0,0.8133,0.2082,0.0739,0.8133,0.1867,,,0,0.0,121.0,118.5,133.6,/Users/admin/Code/typed-decision-bench/output/bonsai-2-27b-calibration-init_stats.jsonl,157
bonsai-2-27b-calibration-init,explanation_quality_judgement,80,0.85,0.6362,0.5606,0.2801,0.6644,0.1856,,,0,0.0,134.1,131.8,141.1,/Users/admin/Code/typed-decision-bench/output/bonsai-2-27b-calibration-init_stats.jsonl,158
bonsai-2-27b-calibration-init,rationale_to_answer_consistency,80,0.7875,0.7152,0.501,0.3352,0.8571,0.2271,,,0,0.0,116.2,115.5,122.7,/Users/admin/Code/typed-decision-bench/output/bonsai-2-27b-calibration-init_stats.jsonl,159
bonsai-2-27b-calibration-init,constraint_satisfaction_judgement,80,0.9375,0.9122,0.228,0.1119,0.966,0.0399,,,0,0.0,120.4,119.8,126.1,/Users/admin/Code/typed-decision-bench/output/bonsai-2-27b-calibration-init_stats.jsonl,160
bonsai-2-27b-calibration-init,soft_vs_hard_constraint_discrimination,80,1.0,0.9249,0.0815,0.0175,0.9249,0.0751,,,0,0.0,120.8,119.5,125.6,/Users/admin/Code/typed-decision-bench/output/bonsai-2-27b-calibration-init_stats.jsonl,161
bonsai-2-27b-calibration-init,preference_learning_from_explicit_examples,80,0.725,0.6325,0.4939,0.3227,0.6772,0.1419,,,0,0.0,139.9,138.9,147.7,/Users/admin/Code/typed-decision-bench/output/bonsai-2-27b-calibration-init_stats.jsonl,162
bonsai-2-27b-calibration-init,multi_criteria_scoring_consistency,80,0.6,0.5328,0.6451,0.4533,0.577,0.0768,,,0,0.0,119.9,119.6,123.2,/Users/admin/Code/typed-decision-bench/output/bonsai-2-27b-calibration-init_stats.jsonl,163
bonsai-2-27b-calibration-init,rubric_based_quality_assessment,80,0.575,0.5142,1.1242,0.694,0.8113,0.3976,0.4697,0.95,0,0.0,131.3,129.6,144.5,/Users/admin/Code/typed-decision-bench/output/bonsai-2-27b-calibration-init_stats.jsonl,164
bonsai-2-27b-calibration-init,comparative_judgement_transitivity,80,1.0,0.769,0.2779,0.1415,0.769,0.231,,,0,0.0,119.4,116.8,126.7,/Users/admin/Code/typed-decision-bench/output/bonsai-2-27b-calibration-init_stats.jsonl,165
bonsai-2-27b-calibration-init,pairwise_preference_prediction,80,0.7625,0.6411,0.5431,0.325,0.7127,0.1518,,,0,0.0,132.2,130.9,139.7,/Users/admin/Code/typed-decision-bench/output/bonsai-2-27b-calibration-init_stats.jsonl,166
bonsai-2-27b-calibration-init,set_coverage_diversity_judgement,80,1.0,0.9787,0.0221,0.0025,0.9787,0.0213,,,0,0.0,121.6,121.0,127.7,/Users/admin/Code/typed-decision-bench/output/bonsai-2-27b-calibration-init_stats.jsonl,167
bonsai-2-27b-calibration-init,redundancy_detection,80,0.425,0.4417,1.4503,0.7292,0.7225,0.2975,,,0,0.0,124.3,122.5,132.3,/Users/admin/Code/typed-decision-bench/output/bonsai-2-27b-calibration-init_stats.jsonl,168
bonsai-2-27b-calibration-init,information_density_judgement,80,0.275,0.3576,1.0786,0.6949,0.5263,0.3379,0.8574,0.7875,0,0.0,119.2,114.3,157.0,/Users/admin/Code/typed-decision-bench/output/bonsai-2-27b-calibration-init_stats.jsonl,169
bonsai-2-27b-calibration-init,data_quality_validation,80,0.8,0.7411,0.4983,0.2633,0.8393,0.1639,,,0,0.0,143.2,140.8,160.4,/Users/admin/Code/typed-decision-bench/output/bonsai-2-27b-calibration-init_stats.jsonl,170
bonsai-2-27b-calibration-init,synthetic_data_plausibility,80,1.0,0.9137,0.1111,0.0685,0.9137,0.0863,,,0,0.0,125.9,121.2,153.4,/Users/admin/Code/typed-decision-bench/output/bonsai-2-27b-calibration-init_stats.jsonl,171
bonsai-2-27b-calibration-init,class_label_leakage_detection,80,0.7875,0.7019,0.3908,0.2404,0.7331,0.1579,,,0,0.0,122.9,119.3,146.3,/Users/admin/Code/typed-decision-bench/output/bonsai-2-27b-calibration-init_stats.jsonl,172
bonsai-2-27b-calibration-init,dataset_example_quality,80,0.8125,0.5982,0.6717,0.3161,0.6411,0.1714,,,0,0.0,138.8,138.5,151.1,/Users/admin/Code/typed-decision-bench/output/bonsai-2-27b-calibration-init_stats.jsonl,173
bonsai-2-27b-calibration-init,benchmark_contamination_clues,80,0.5125,0.5443,1.5674,0.7548,0.8989,0.3864,,,0,0.0,134.1,131.5,146.7,/Users/admin/Code/typed-decision-bench/output/bonsai-2-27b-calibration-init_stats.jsonl,174
bonsai-2-27b-calibration-init,adversarial_example_detection,80,0.7625,0.5281,1.1263,0.5137,0.6953,0.3688,,,0,0.0,136.6,134.6,145.0,/Users/admin/Code/typed-decision-bench/output/bonsai-2-27b-calibration-init_stats.jsonl,175
bonsai-2-27b-calibration-init,spurious_correlation_resistance,80,0.9125,0.7182,0.407,0.187,0.7271,0.1854,,,0,0.0,135.3,131.3,166.4,/Users/admin/Code/typed-decision-bench/output/bonsai-2-27b-calibration-init_stats.jsonl,176
bonsai-2-27b-calibration-init,invariant_detection,80,1.0,0.85,0.1856,0.1013,0.85,0.15,,,0,0.0,114.4,112.4,126.3,/Users/admin/Code/typed-decision-bench/output/bonsai-2-27b-calibration-init_stats.jsonl,177
bonsai-2-27b-calibration-init,boundary_condition_judgement,80,1.0,0.8182,0.2033,0.0729,0.8182,0.1818,,,0,0.0,120.4,118.6,130.7,/Users/admin/Code/typed-decision-bench/output/bonsai-2-27b-calibration-init_stats.jsonl,178
bonsai-2-27b-calibration-init,failure_mode_classification,80,0.875,0.8583,0.2629,0.1619,0.9193,0.0939,,,0,0.0,140.9,140.1,148.4,/Users/admin/Code/typed-decision-bench/output/bonsai-2-27b-calibration-init_stats.jsonl,179
bonsai-2-27b-calibration-init,recoverability_judgement,80,0.9125,0.7984,0.3006,0.147,0.8055,0.129,,,0,0.0,133.3,131.7,138.5,/Users/admin/Code/typed-decision-bench/output/bonsai-2-27b-calibration-init_stats.jsonl,180
bonsai-2-27b-calibration-init,reversibility_destructiveness,80,0.7125,0.5638,0.8278,0.4253,0.6736,0.1324,,,0,0.0,125.1,122.9,130.0,/Users/admin/Code/typed-decision-bench/output/bonsai-2-27b-calibration-init_stats.jsonl,181
bonsai-2-27b-calibration-init,operational_urgency,80,0.8125,0.6316,0.5557,0.2987,0.6769,0.2571,0.5181,0.8875,0,0.0,131.9,130.8,136.4,/Users/admin/Code/typed-decision-bench/output/bonsai-2-27b-calibration-init_stats.jsonl,182
bonsai-2-27b-calibration-init,change_risk_judgement,80,0.275,0.3327,2.0281,1.0307,0.798,0.5333,0.9229,0.5,0,0.0,123.7,120.8,131.9,/Users/admin/Code/typed-decision-bench/output/bonsai-2-27b-calibration-init_stats.jsonl,183
bonsai-2-27b-calibration-init,regression_likelihood_judgement,80,0.375,0.3731,1.2238,0.6943,0.5572,0.2576,0.6623,0.7375,0,0.0,130.0,129.0,135.3,/Users/admin/Code/typed-decision-bench/output/bonsai-2-27b-calibration-init_stats.jsonl,184
bonsai-2-27b-calibration-init,human_vs_machine_task_suitability,80,0.6625,0.6599,0.6487,0.3863,0.7914,0.1829,,,0,0.0,133.7,132.0,140.1,/Users/admin/Code/typed-decision-bench/output/bonsai-2-27b-calibration-init_stats.jsonl,185
bonsai-2-27b-calibration-init,live_data_requirement,80,1.0,0.8095,0.2129,0.0768,0.8095,0.1905,,,0,0.0,114.9,112.5,120.9,/Users/admin/Code/typed-decision-bench/output/bonsai-2-27b-calibration-init_stats.jsonl,186
bonsai-2-27b-calibration-init,information_acquisition_value,80,0.825,0.5935,0.5597,0.3143,0.6164,0.2086,,,0,0.0,121.2,119.0,138.1,/Users/admin/Code/typed-decision-bench/output/bonsai-2-27b-calibration-init_stats.jsonl,187
bonsai-2-27b-calibration-init,stopping_decision_sufficiency,80,0.9625,0.8922,0.1386,0.0616,0.9124,0.1078,,,0,0.0,121.0,119.6,126.2,/Users/admin/Code/typed-decision-bench/output/bonsai-2-27b-calibration-init_stats.jsonl,188
bonsai-2-27b-calibration-init,confidence_vs_evidence_consistency,80,0.85,0.6134,0.5559,0.3,0.6363,0.2137,,,0,0.0,125.3,123.4,133.2,/Users/admin/Code/typed-decision-bench/output/bonsai-2-27b-calibration-init_stats.jsonl,189
bonsai-2-27b-calibration-init,self_consistency_across_outputs,80,0.775,0.5753,0.5761,0.3902,0.6214,0.1713,,,0,0.0,114.6,112.9,126.9,/Users/admin/Code/typed-decision-bench/output/bonsai-2-27b-calibration-init_stats.jsonl,190
bonsai-2-27b-calibration-init,granularity_selection,80,0.95,0.8817,0.163,0.0816,0.8962,0.0767,,,0,0.0,132.3,130.0,138.6,/Users/admin/Code/typed-decision-bench/output/bonsai-2-27b-calibration-init_stats.jsonl,191
bonsai-2-27b-calibration-init,abstraction_level_matching,80,0.825,0.6331,0.5226,0.2819,0.6672,0.2298,,,0,0.0,130.6,121.9,187.5,/Users/admin/Code/typed-decision-bench/output/bonsai-2-27b-calibration-init_stats.jsonl,192
bonsai-2-27b-calibration-init,analogy_validity,80,0.75,0.5284,0.7283,0.3784,0.5677,0.2659,,,0,0.0,132.2,130.2,141.2,/Users/admin/Code/typed-decision-bench/output/bonsai-2-27b-calibration-init_stats.jsonl,193
bonsai-2-27b-calibration-init,category_error_detection,80,1.0,0.9557,0.0478,0.0083,0.9557,0.0443,,,0,0.0,144.5,142.2,162.8,/Users/admin/Code/typed-decision-bench/output/bonsai-2-27b-calibration-init_stats.jsonl,194
bonsai-2-27b-calibration-init,cognitive_bias_illogic_detection,80,0.9125,0.9028,0.206,0.1059,0.9462,0.0651,,,0,0.0,160.7,159.6,170.4,/Users/admin/Code/typed-decision-bench/output/bonsai-2-27b-calibration-init_stats.jsonl,195
bonsai-2-27b-calibration-init,contradiction_resolution,80,1.0,0.936,0.0674,0.0092,0.936,0.064,,,0,0.0,136.4,134.6,143.7,/Users/admin/Code/typed-decision-bench/output/bonsai-2-27b-calibration-init_stats.jsonl,196
bonsai-2-27b-calibration-init,scope_reasoning,80,0.8125,0.7485,0.3788,0.2182,0.7931,0.1125,,,0,0.0,141.4,139.9,149.4,/Users/admin/Code/typed-decision-bench/output/bonsai-2-27b-calibration-init_stats.jsonl,197
bonsai-2-27b-calibration-init,quantifier_reasoning_in_natural_text,80,0.775,0.7469,0.9293,0.4042,0.9458,0.1708,,,0,0.0,143.9,142.3,153.6,/Users/admin/Code/typed-decision-bench/output/bonsai-2-27b-calibration-init_stats.jsonl,198
bonsai-2-27b-calibration-init,negation_polarity_tracking,80,0.7625,0.7057,1.2068,0.4682,0.9318,0.2569,,,0,0.0,138.2,135.7,157.0,/Users/admin/Code/typed-decision-bench/output/bonsai-2-27b-calibration-init_stats.jsonl,199
bonsai-2-27b-calibration-init,reference_coreference_resolution,80,0.9,0.8228,0.2581,0.1415,0.8562,0.0671,,,0,0.0,155.9,155.0,179.7,/Users/admin/Code/typed-decision-bench/output/bonsai-2-27b-calibration-init_stats.jsonl,200
bonsai-2-27b-calibration-init,comparative_language_reasoning,80,0.7625,0.7361,1.1107,0.4523,0.9609,0.2063,,,0,0.0,144.4,141.5,164.2,/Users/admin/Code/typed-decision-bench/output/bonsai-2-27b-calibration-init_stats.jsonl,201
bonsai-2-27b-calibration-init,definition_adherence,80,1.0,0.9932,0.0069,0.0001,0.9932,0.0068,,,0,0.0,122.7,119.8,141.7,/Users/admin/Code/typed-decision-bench/output/bonsai-2-27b-calibration-init_stats.jsonl,202
bonsai-2-27b-calibration-init,local_rule_over_world_knowledge_judgement,80,1.0,0.9771,0.0232,0.0013,0.9771,0.0229,,,0,0.0,123.6,121.5,130.2,/Users/admin/Code/typed-decision-bench/output/bonsai-2-27b-calibration-init_stats.jsonl,203
bonsai-2-27b-calibration-init,world_model_consistency,80,1.0,0.8051,0.2183,0.0796,0.8051,0.1949,,,0,0.0,120.7,120.2,127.7,/Users/admin/Code/typed-decision-bench/output/bonsai-2-27b-calibration-init_stats.jsonl,204
bonsai-2-27b-calibration-init,long_context_distractor_resistance,80,1.0,0.9955,0.0045,0.0001,0.9955,0.0045,,,0,0.0,2375.3,1142.5,11925.2,/Users/admin/Code/typed-decision-bench/output/bonsai-2-27b-calibration-init_stats.jsonl,205
bonsai-2-27b-calibration-init,needle_set_retrieval,80,0.3125,0.2999,1.4099,0.7698,0.4977,0.2034,,,0,0.0,3333.6,1842.4,11971.8,/Users/admin/Code/typed-decision-bench/output/bonsai-2-27b-calibration-init_stats.jsonl,206
bonsai-2-27b-calibration-init,cross_domain_synthesis,80,1.0,0.7143,0.3375,0.1653,0.7143,0.2857,,,0,0.0,1946.1,1696.5,2529.4,/Users/admin/Code/typed-decision-bench/output/bonsai-2-27b-calibration-init_stats.jsonl,207
bonsai-2-27b-calibration-init,minimal_sufficient_explanation_selection,80,1.0,0.9518,0.0502,0.0061,0.9518,0.0482,,,0,0.0,194.3,143.3,405.0,/Users/admin/Code/typed-decision-bench/output/bonsai-2-27b-calibration-init_stats.jsonl,208
bonsai-2-27b-calibration-init,competing_hypothesis_discrimination,80,0.775,0.6542,0.4953,0.2987,0.7262,0.1729,,,0,0.0,122.3,120.5,125.6,/Users/admin/Code/typed-decision-bench/output/bonsai-2-27b-calibration-init_stats.jsonl,209
bonsai-2-27b-calibration-init,mechanism_vs_pattern_distinction,80,0.725,0.582,0.8179,0.4974,0.7417,0.2934,,,0,0.0,163.4,164.8,246.2,/Users/admin/Code/typed-decision-bench/output/bonsai-2-27b-calibration-init_stats.jsonl,210
bonsai-2-27b-calibration-init,decision_robustness,80,0.5125,0.5329,1.0781,0.6966,0.826,0.3338,,,0,0.0,121.8,119.3,130.5,/Users/admin/Code/typed-decision-bench/output/bonsai-2-27b-calibration-init_stats.jsonl,211
bonsai-2-27b-calibration-init,sensitivity_analysis,80,0.6625,0.5484,0.762,0.4539,0.6634,0.1349,,,0,0.0,156.1,154.5,164.5,/Users/admin/Code/typed-decision-bench/output/bonsai-2-27b-calibration-init_stats.jsonl,212
bonsai-2-27b-calibration-init,dominated_information_detection,80,0.7375,0.6367,0.5995,0.4161,0.7931,0.2902,,,0,0.0,120.6,118.7,126.7,/Users/admin/Code/typed-decision-bench/output/bonsai-2-27b-calibration-init_stats.jsonl,213
bonsai-2-27b-calibration-init,consistency_under_paraphrase,80,0.7625,0.6298,0.8096,0.532,0.8309,0.3302,,,0,0.0,113.6,112.3,119.2,/Users/admin/Code/typed-decision-bench/output/bonsai-2-27b-calibration-init_stats.jsonl,214
bonsai-2-27b-calibration-init,consistency_under_irrelevant_context_insertion,80,0.4625,0.5857,0.66,0.4931,0.7543,0.3986,,,0,0.0,131.3,129.7,141.4,/Users/admin/Code/typed-decision-bench/output/bonsai-2-27b-calibration-init_stats.jsonl,215
bonsai-2-27b-calibration-init,consistency_under_option_permutation,80,1.0,0.8422,0.1792,0.07,0.8422,0.1578,,,0,0.0,122.6,120.1,129.3,/Users/admin/Code/typed-decision-bench/output/bonsai-2-27b-calibration-init_stats.jsonl,216
bonsai-2-27b-calibration-init,calibration_under_ambiguity,80,0.725,0.7049,0.6496,0.4322,0.9136,0.2084,0.3032,1.0,0,0.0,152.6,149.0,229.9,/Users/admin/Code/typed-decision-bench/output/bonsai-2-27b-calibration-init_stats.jsonl,217
bonsai-2-27b-calibration-init,support_department,80,0.9375,0.8987,0.1496,0.0866,0.9249,0.0726,,,0,0.0,131.2,129.8,135.4,/Users/admin/Code/typed-decision-bench/output/bonsai-2-27b-calibration-init_stats.jsonl,218
bonsai-2-27b-calibration-init,email_intent,80,1.0,0.9893,0.0109,0.0006,0.9893,0.0107,,,0,0.0,123.8,122.6,128.4,/Users/admin/Code/typed-decision-bench/output/bonsai-2-27b-calibration-init_stats.jsonl,219
bonsai-2-27b-calibration-init,refund_eligible,80,1.0,0.911,0.1021,0.0402,0.911,0.089,,,0,0.0,111.2,111.1,116.4,/Users/admin/Code/typed-decision-bench/output/bonsai-2-27b-calibration-init_stats.jsonl,220
bonsai-2-27b-calibration-init,urgency,80,1.0,0.972,0.0304,0.0082,0.972,0.028,,,0,0.0,104.0,100.1,112.8,/Users/admin/Code/typed-decision-bench/output/bonsai-2-27b-calibration-init_stats.jsonl,221
bonsai-2-27b-calibration-init,secret_leak,80,0.9125,0.8773,0.1736,0.1073,0.9114,0.1227,,,0,0.0,112.5,110.9,128.0,/Users/admin/Code/typed-decision-bench/output/bonsai-2-27b-calibration-init_stats.jsonl,222
bonsai-2-27b-calibration-init,frustration_level,80,0.7875,0.7925,0.3292,0.2301,0.8677,0.13,0.2126,1.0,0,0.0,102.9,99.9,114.9,/Users/admin/Code/typed-decision-bench/output/bonsai-2-27b-calibration-init_stats.jsonl,223
bonsai-2-27b-calibration-init,incident_severity,80,0.8875,0.8201,0.358,0.2201,0.9052,0.1558,0.1823,1.0,0,0.0,121.4,119.7,127.7,/Users/admin/Code/typed-decision-bench/output/bonsai-2-27b-calibration-init_stats.jsonl,224
bonsai-2-27b-calibration-init,review_sentiment,80,0.875,0.8805,0.1553,0.0882,0.892,0.1189,0.1073,1.0,0,0.0,112.0,111.3,117.6,/Users/admin/Code/typed-decision-bench/output/bonsai-2-27b-calibration-init_stats.jsonl,225
bonsai-2-27b-calibration-init,support_department_hard,80,0.8375,0.7977,0.3794,0.2154,0.8768,0.0811,,,0,0.0,186.2,185.0,197.1,/Users/admin/Code/typed-decision-bench/output/bonsai-2-27b-calibration-init_stats.jsonl,226
bonsai-2-27b-calibration-init,email_intent_hard,80,1.0,0.9699,0.0327,0.0063,0.9699,0.0301,,,0,0.0,176.3,175.4,184.5,/Users/admin/Code/typed-decision-bench/output/bonsai-2-27b-calibration-init_stats.jsonl,227
bonsai-2-27b-calibration-init,refund_eligible_hard,80,0.7625,0.6918,0.4457,0.2951,0.7666,0.0879,,,0,0.0,169.1,168.7,181.3,/Users/admin/Code/typed-decision-bench/output/bonsai-2-27b-calibration-init_stats.jsonl,228
bonsai-2-27b-calibration-init,urgency_hard,80,0.9875,0.9516,0.0567,0.0186,0.957,0.0484,,,0,0.0,159.0,157.4,168.9,/Users/admin/Code/typed-decision-bench/output/bonsai-2-27b-calibration-init_stats.jsonl,229
bonsai-2-27b-calibration-init,secret_leak_hard,80,0.7375,0.7457,0.3603,0.2424,0.8047,0.2148,,,0,0.0,169.9,169.3,179.3,/Users/admin/Code/typed-decision-bench/output/bonsai-2-27b-calibration-init_stats.jsonl,230
bonsai-2-27b-calibration-init,frustration_level_hard,80,0.6625,0.6965,0.5199,0.3583,0.8326,0.2443,0.3092,1.0,0,0.0,159.0,156.9,178.0,/Users/admin/Code/typed-decision-bench/output/bonsai-2-27b-calibration-init_stats.jsonl,231
bonsai-2-27b-calibration-init,incident_severity_hard,80,0.875,0.8089,0.3077,0.1704,0.8529,0.0992,0.216,0.9875,0,0.0,173.1,172.4,178.6,/Users/admin/Code/typed-decision-bench/output/bonsai-2-27b-calibration-init_stats.jsonl,232
bonsai-2-27b-calibration-init,review_sentiment_hard,80,0.9,0.8163,0.3344,0.1444,0.8511,0.096,0.2014,0.9875,0,0.0,163.0,160.9,180.0,/Users/admin/Code/typed-decision-bench/output/bonsai-2-27b-calibration-init_stats.jsonl,233
bonsai-2-27b-calibration-init,expense_category,80,1.0,0.9784,0.0241,0.0068,0.9784,0.0216,,,0,0.0,134.3,132.1,139.8,/Users/admin/Code/typed-decision-bench/output/bonsai-2-27b-calibration-init_stats.jsonl,234
bonsai-2-27b-calibration-init,oncall_route,80,0.9875,0.9825,0.0207,0.0076,0.9834,0.0174,,,0,0.0,137.0,132.5,155.3,/Users/admin/Code/typed-decision-bench/output/bonsai-2-27b-calibration-init_stats.jsonl,235
bonsai-2-27b-calibration-init,churn_risk,80,0.9875,0.9594,0.0505,0.0173,0.9655,0.04,0.0433,1.0,0,0.0,127.8,127.7,132.6,/Users/admin/Code/typed-decision-bench/output/bonsai-2-27b-calibration-init_stats.jsonl,236
bonsai-2-27b-calibration-init,lead_qualification,80,0.95,0.8361,0.225,0.1091,0.8552,0.1064,0.1549,0.9875,0,0.0,128.4,127.5,137.4,/Users/admin/Code/typed-decision-bench/output/bonsai-2-27b-calibration-init_stats.jsonl,237
bonsai-2-27b-calibration-init,app_review_intent,80,0.9125,0.9164,0.207,0.11,0.9605,0.0575,,,0,0.0,119.3,118.3,124.2,/Users/admin/Code/typed-decision-bench/output/bonsai-2-27b-calibration-init_stats.jsonl,238
bonsai-2-27b-calibration-init,content_moderation,80,0.95,0.9051,0.1419,0.0731,0.9216,0.0284,,,0,0.0,133.3,131.5,141.7,/Users/admin/Code/typed-decision-bench/output/bonsai-2-27b-calibration-init_stats.jsonl,239
bonsai-2-27b-calibration-init,code_review_intent,80,0.975,0.9192,0.1032,0.0449,0.928,0.0493,,,0,0.0,146.0,141.8,155.3,/Users/admin/Code/typed-decision-bench/output/bonsai-2-27b-calibration-init_stats.jsonl,240
bonsai-2-27b-calibration-init,commit_intent,80,0.9875,0.9031,0.1193,0.0513,0.9046,0.0832,,,0,0.0,128.6,128.4,133.8,/Users/admin/Code/typed-decision-bench/output/bonsai-2-27b-calibration-init_stats.jsonl,241
bonsai-2-27b-calibration-init,recipe_cuisine,80,0.9875,0.9793,0.0332,0.014,0.9841,0.0173,,,0,0.0,172.7,171.4,180.8,/Users/admin/Code/typed-decision-bench/output/bonsai-2-27b-calibration-init_stats.jsonl,242
bonsai-2-27b-calibration-init,question_duplicate,80,1.0,0.9685,0.0329,0.0048,0.9685,0.0315,,,0,0.0,108.7,107.9,113.2,/Users/admin/Code/typed-decision-bench/output/bonsai-2-27b-calibration-init_stats.jsonl,243
bonsai-2-27b-calibration-init,sql_injection_risk,80,0.7625,0.7516,0.4805,0.3188,0.8789,0.1999,,,0,0.0,107.8,107.7,119.1,/Users/admin/Code/typed-decision-bench/output/bonsai-2-27b-calibration-init_stats.jsonl,244
bonsai-2-27b-calibration-init,travel_policy_violation,80,0.875,0.7628,0.3085,0.1807,0.7877,0.1258,,,0,0.0,117.6,116.6,123.9,/Users/admin/Code/typed-decision-bench/output/bonsai-2-27b-calibration-init_stats.jsonl,245
bonsai-2-27b-calibration-init,contains_pii,80,1.0,0.9451,0.0598,0.0156,0.9451,0.0549,,,0,0.0,110.8,108.9,121.3,/Users/admin/Code/typed-decision-bench/output/bonsai-2-27b-calibration-init_stats.jsonl,246
bonsai-2-27b-calibration-init,contains_spoiler,80,0.975,0.9096,0.1335,0.0631,0.9299,0.059,,,0,0.0,106.9,107.4,118.2,/Users/admin/Code/typed-decision-bench/output/bonsai-2-27b-calibration-init_stats.jsonl,247
bonsai-2-27b-calibration-init,formality_level,80,0.85,0.7993,0.2639,0.1523,0.8125,0.1273,0.2114,1.0,0,0.0,121.2,119.7,129.2,/Users/admin/Code/typed-decision-bench/output/bonsai-2-27b-calibration-init_stats.jsonl,248
bonsai-2-27b-calibration-init,phishing_email,80,1.0,0.8696,0.1454,0.0507,0.8696,0.1304,,,0,0.0,111.6,110.4,120.4,/Users/admin/Code/typed-decision-bench/output/bonsai-2-27b-calibration-init_stats.jsonl,249
bonsai-2-27b-calibration-init,meeting_conflict,80,0.7375,0.7158,0.5416,0.3772,0.8685,0.1691,,,0,0.0,106.9,105.7,114.2,/Users/admin/Code/typed-decision-bench/output/bonsai-2-27b-calibration-init_stats.jsonl,250
bonsai-2-27b-calibration-init,hazmat_shipping,80,1.0,0.986,0.0144,0.0015,0.986,0.014,,,0,0.0,112.0,109.8,117.4,/Users/admin/Code/typed-decision-bench/output/bonsai-2-27b-calibration-init_stats.jsonl,251
bonsai-2-27b-calibration-init,dietary_vegan,80,1.0,0.9626,0.04,0.0088,0.9626,0.0374,,,0,0.0,111.9,108.8,126.8,/Users/admin/Code/typed-decision-bench/output/bonsai-2-27b-calibration-init_stats.jsonl,252
bonsai-2-27b-calibration-init,news_topic,80,1.0,0.994,0.0061,0.0003,0.994,0.006,,,0,0.0,129.0,128.1,138.5,/Users/admin/Code/typed-decision-bench/output/bonsai-2-27b-calibration-init_stats.jsonl,253
bonsai-2-27b-calibration-init,document_type,80,1.0,0.9956,0.0044,0.0001,0.9956,0.0044,,,0,0.0,128.3,127.7,136.0,/Users/admin/Code/typed-decision-bench/output/bonsai-2-27b-calibration-init_stats.jsonl,254
bonsai-2-27b-calibration-init,reading_level,80,0.9875,0.966,0.0406,0.0144,0.9706,0.0339,0.0331,1.0,0,0.0,112.5,111.1,121.2,/Users/admin/Code/typed-decision-bench/output/bonsai-2-27b-calibration-init_stats.jsonl,255
bonsai-2-27b-calibration-init,insurance_claim_priority,80,0.75,0.7331,0.395,0.246,0.786,0.2268,0.2596,0.9875,0,0.0,121.9,120.7,128.8,/Users/admin/Code/typed-decision-bench/output/bonsai-2-27b-calibration-init_stats.jsonl,256
bonsai-2-27b-calibration-init,symptom_triage,80,0.8625,0.7486,0.3665,0.2172,0.7986,0.1506,0.2176,0.975,0,0.0,112.8,111.4,119.9,/Users/admin/Code/typed-decision-bench/output/bonsai-2-27b-calibration-init_stats.jsonl,257
bonsai-2-27b-calibration-init,delivery_exception,80,1.0,0.9757,0.0256,0.003,0.9757,0.0243,,,0,0.0,132.2,129.7,155.8,/Users/admin/Code/typed-decision-bench/output/bonsai-2-27b-calibration-init_stats.jsonl,258
bonsai-2-27b-calibration-init,city_service_request,80,1.0,0.9824,0.0185,0.0029,0.9824,0.0176,,,0,0.0,131.7,130.7,137.0,/Users/admin/Code/typed-decision-bench/output/bonsai-2-27b-calibration-init_stats.jsonl,259
bonsai-2-27b-calibration-init,ad_policy_violation,80,0.975,0.9109,0.1169,0.0673,0.9198,0.0552,,,0,0.0,110.9,109.6,117.6,/Users/admin/Code/typed-decision-bench/output/bonsai-2-27b-calibration-init_stats.jsonl,260
bonsai-2-27b-calibration-init,fair_housing_violation,80,0.9125,0.8648,0.1777,0.1068,0.8766,0.0831,,,0,0.0,109.2,109.0,113.3,/Users/admin/Code/typed-decision-bench/output/bonsai-2-27b-calibration-init_stats.jsonl,261
bonsai-2-27b-calibration-init,contract_clause_type,80,1.0,0.9944,0.0058,0.0005,0.9944,0.0056,,,0,0.0,130.7,128.9,140.7,/Users/admin/Code/typed-decision-bench/output/bonsai-2-27b-calibration-init_stats.jsonl,262
bonsai-2-27b-calibration-init,voice_assistant_intent,80,1.0,0.9868,0.0135,0.0007,0.9868,0.0132,,,0,0.0,129.2,127.4,156.2,/Users/admin/Code/typed-decision-bench/output/bonsai-2-27b-calibration-init_stats.jsonl,263
bonsai-2-27b-calibration-init,grammar_issue,80,0.675,0.6013,0.9881,0.4827,0.7918,0.1566,,,0,0.0,126.2,124.6,132.5,/Users/admin/Code/typed-decision-bench/output/bonsai-2-27b-calibration-init_stats.jsonl,264
bonsai-2-27b-calibration-init,action_item_assignment,80,0.825,0.833,0.2825,0.2011,0.9167,0.1402,,,0,0.0,101.4,97.7,129.9,/Users/admin/Code/typed-decision-bench/output/bonsai-2-27b-calibration-init_stats.jsonl,265
bonsai-2-27b-calibration-init,suspicious_transaction,80,1.0,0.9374,0.0686,0.0193,0.9374,0.0626,,,0,0.0,111.0,109.8,115.9,/Users/admin/Code/typed-decision-bench/output/bonsai-2-27b-calibration-init_stats.jsonl,266
bonsai-2-27b-calibration-init,return_reason,80,0.9875,0.9619,0.0457,0.0155,0.9655,0.0377,,,0,0.0,132.6,130.2,140.7,/Users/admin/Code/typed-decision-bench/output/bonsai-2-27b-calibration-init_stats.jsonl,267
bonsai-2-27b-calibration-init,allergen_present,80,0.9875,0.9267,0.0874,0.0393,0.9298,0.0577,,,0,0.0,110.2,109.0,113.0,/Users/admin/Code/typed-decision-bench/output/bonsai-2-27b-calibration-init_stats.jsonl,268
bonsai-2-27b-calibration-init,home_service_routing,80,1.0,0.9844,0.0161,0.0016,0.9844,0.0156,,,0,0.0,132.2,131.0,135.0,/Users/admin/Code/typed-decision-bench/output/bonsai-2-27b-calibration-init_stats.jsonl,269
bonsai-2-27b-calibration-init,gaming_report_type,80,1.0,0.9289,0.0836,0.0288,0.9289,0.0711,,,0,0.0,131.6,129.9,140.2,/Users/admin/Code/typed-decision-bench/output/bonsai-2-27b-calibration-init_stats.jsonl,270
bonsai-2-27b-calibration-init,warranty_claim_eligible,80,0.95,0.8745,0.1887,0.1036,0.8988,0.0647,,,0,0.0,111.0,109.6,119.5,/Users/admin/Code/typed-decision-bench/output/bonsai-2-27b-calibration-init_stats.jsonl,271
bonsai-2-27b-calibration-init,weather_alert_severity,80,1.0,0.9745,0.0271,0.0043,0.9745,0.0255,0.0259,1.0,0,0.0,113.5,111.5,118.4,/Users/admin/Code/typed-decision-bench/output/bonsai-2-27b-calibration-init_stats.jsonl,272
bonsai-2-27b-calibration-init,content_type,80,1.0,0.9139,0.0968,0.0267,0.9139,0.0861,,,0,0.0,123.2,121.2,131.4,/Users/admin/Code/typed-decision-bench/output/bonsai-2-27b-calibration-init_stats.jsonl,273
bonsai-2-27b-calibration-init,veterinary_triage,80,0.925,0.7541,0.3318,0.1827,0.7769,0.1805,0.171,1.0,0,0.0,109.4,109.2,113.8,/Users/admin/Code/typed-decision-bench/output/bonsai-2-27b-calibration-init_stats.jsonl,274
bonsai-2-27b-calibration-init,gpqa_diamond,81,0.2963,0.3364,1.3127,0.7089,0.496,0.2403,,,0,0.0,523.2,281.4,1541.4,/Users/admin/Code/typed-decision-bench/output/bonsai-2-27b-calibration-init_stats.jsonl,275
bonsai-2-27b-calibration-init,micro,22001,0.833,0.7629,0.438,0.2355,0.8304,0.012,0.3216,0.9303,0,0.0,194.3,130.1,185.1,/Users/admin/Code/typed-decision-bench/output/bonsai-2-27b-calibration-init_stats.jsonl,276
laya,hard_reasoning,80,0.275,0.2451,2.2612,1.0151,0.6207,0.3457,,,0,0.0,41.9,37.1,63.7,/Users/admin/Code/typed-decision-bench/output/laya_stats.jsonl,1
laya,math_quantitative_decisions,80,0.2375,0.2446,1.6227,0.8536,0.4494,0.2184,,,0,0.0,36.6,36.0,39.1,/Users/admin/Code/typed-decision-bench/output/laya_stats.jsonl,2
laya,oos_abstention_ambiguity,80,0.5125,0.3831,1.1575,0.6234,0.5156,0.0993,,,0,0.0,37.9,36.9,41.0,/Users/admin/Code/typed-decision-bench/output/laya_stats.jsonl,3
laya,pii_sensitive_data_classification,80,0.425,0.4484,1.1486,0.6548,0.6833,0.2698,,,0,0.0,39.4,38.5,44.9,/Users/admin/Code/typed-decision-bench/output/laya_stats.jsonl,4
laya,routing_intent_support_priority,80,0.5625,0.4935,1.1023,0.5379,0.6406,0.1886,0.988,0.5263,0,0.0,41.8,41.3,49.7,/Users/admin/Code/typed-decision-bench/output/laya_stats.jsonl,5
laya,rule_following_formal_logic,80,0.5,0.4322,1.1736,0.6968,0.6716,0.2131,,,0,0.0,41.4,40.0,50.8,/Users/admin/Code/typed-decision-bench/output/laya_stats.jsonl,6
laya,security_policy_risk,80,0.4875,0.4554,1.011,0.5834,0.5997,0.159,0.9092,0.5417,0,0.0,36.8,35.8,43.4,/Users/admin/Code/typed-decision-bench/output/laya_stats.jsonl,7
laya,structured_schema_decisions,80,0.2625,0.2743,1.4321,0.7863,0.449,0.1865,,,0,0.0,36.0,35.4,39.7,/Users/admin/Code/typed-decision-bench/output/laya_stats.jsonl,8
laya,tool_action_selection,80,0.275,0.2596,2.2468,0.9371,0.6048,0.3298,,,0,0.0,40.7,39.7,44.8,/Users/admin/Code/typed-decision-bench/output/laya_stats.jsonl,9
laya,typed_jev_native_replay,80,0.65,0.5211,0.9385,0.495,0.6434,0.1043,0.7953,0.6154,0,0.0,34.4,33.9,37.3,/Users/admin/Code/typed-decision-bench/output/laya_stats.jsonl,10
laya,code_quality_judgements,80,0.525,0.5123,0.9867,0.6382,0.7596,0.2682,0.4935,0.875,0,0.0,34.5,34.1,37.0,/Users/admin/Code/typed-decision-bench/output/laya_stats.jsonl,11
laya,program_behavior_prediction,80,0.75,0.5404,0.7385,0.3942,0.5938,0.1696,,,0,0.0,34.6,34.2,36.8,/Users/admin/Code/typed-decision-bench/output/laya_stats.jsonl,12
laya,code_requirement_satisfaction,80,0.55,0.4115,1.055,0.6232,0.5647,0.1391,,,0,0.0,35.8,35.0,40.6,/Users/admin/Code/typed-decision-bench/output/laya_stats.jsonl,13
laya,patch_diff_correctness,80,0.275,0.2411,2.1955,1.0036,0.6022,0.3345,,,0,0.0,36.3,35.7,40.2,/Users/admin/Code/typed-decision-bench/output/laya_stats.jsonl,14
laya,test_quality_and_adequacy,80,0.6125,0.3267,1.1844,0.6418,0.4045,0.2219,,,0,0.0,36.0,35.3,42.7,/Users/admin/Code/typed-decision-bench/output/laya_stats.jsonl,15
laya,api_contract_compatibility,80,0.2625,0.2591,1.4316,0.7297,0.3398,0.1973,,,0,0.0,36.9,35.8,42.5,/Users/admin/Code/typed-decision-bench/output/laya_stats.jsonl,16
laya,dependency_api_existence_judgements,80,0.5625,0.4261,1.2457,0.6851,0.6905,0.1627,,,0,0.0,38.1,36.7,44.4,/Users/admin/Code/typed-decision-bench/output/laya_stats.jsonl,17
laya,version_compatibility,80,0.6375,0.4028,1.0964,0.6264,0.5621,0.2093,,,0,0.0,36.8,36.4,39.1,/Users/admin/Code/typed-decision-bench/output/laya_stats.jsonl,18
laya,environment_portability_judgements,80,0.5125,0.4945,1.1437,0.5857,0.6921,0.2523,,,0,0.0,38.0,36.9,46.2,/Users/admin/Code/typed-decision-bench/output/laya_stats.jsonl,19
laya,concurrency_correctness,80,0.6,0.4165,1.1584,0.6491,0.6032,0.3843,,,0,0.0,36.7,36.4,39.3,/Users/admin/Code/typed-decision-bench/output/laya_stats.jsonl,20
laya,idempotency_judgements,80,0.4875,0.4604,0.9406,0.542,0.547,0.1176,,,0,0.0,37.7,37.0,40.8,/Users/admin/Code/typed-decision-bench/output/laya_stats.jsonl,21
laya,error_handling_quality,80,0.375,0.3288,1.2362,0.6689,0.4475,0.3057,,,0,0.0,36.9,36.1,39.9,/Users/admin/Code/typed-decision-bench/output/laya_stats.jsonl,22
laya,algorithm_data_structure_appropriateness,80,0.7125,0.6021,0.8556,0.4851,0.7788,0.2151,,,0,0.0,37.8,36.7,43.8,/Users/admin/Code/typed-decision-bench/output/laya_stats.jsonl,23
laya,complexity_estimation,80,0.275,0.206,1.6267,0.8002,0.264,0.034,,,0,0.0,37.7,36.8,43.0,/Users/admin/Code/typed-decision-bench/output/laya_stats.jsonl,24
laya,performance_bottleneck_attribution,80,0.175,0.1827,4.3375,1.599,0.9817,0.8067,,,0,0.0,37.2,36.7,41.8,/Users/admin/Code/typed-decision-bench/output/laya_stats.jsonl,25
laya,parallelization_suitability,80,0.625,0.3828,0.9912,0.5467,0.4104,0.2361,,,0,0.0,37.3,36.9,41.1,/Users/admin/Code/typed-decision-bench/output/laya_stats.jsonl,26
laya,database_query_reasoning,80,0.7,0.6952,0.6389,0.3238,0.7961,0.1505,,,0,0.0,37.8,37.0,42.7,/Users/admin/Code/typed-decision-bench/output/laya_stats.jsonl,27
laya,regex_pattern_correctness,80,0.3375,0.251,1.6378,0.8246,0.4818,0.2908,,,0,0.0,37.2,36.6,40.4,/Users/admin/Code/typed-decision-bench/output/laya_stats.jsonl,28
laya,state_machine_correctness,80,0.375,0.3806,1.4223,0.8715,0.768,0.393,,,0,0.0,37.9,36.9,45.8,/Users/admin/Code/typed-decision-bench/output/laya_stats.jsonl,29
laya,serialization_compatibility,80,0.5625,0.5254,0.9288,0.502,0.6838,0.1727,,,0,0.0,37.6,36.9,42.9,/Users/admin/Code/typed-decision-bench/output/laya_stats.jsonl,30
laya,data_migration_correctness,80,0.8625,0.5597,0.7035,0.323,0.5751,0.3611,,,0,0.0,37.6,36.7,44.0,/Users/admin/Code/typed-decision-bench/output/laya_stats.jsonl,31
laya,distributed_systems_consistency,80,0.3875,0.2888,1.463,0.7417,0.4545,0.1492,,,0,0.0,38.2,37.3,44.1,/Users/admin/Code/typed-decision-bench/output/laya_stats.jsonl,32
laya,cache_correctness,80,0.45,0.3576,1.4514,0.7008,0.5715,0.1684,,,0,0.0,37.8,37.1,44.4,/Users/admin/Code/typed-decision-bench/output/laya_stats.jsonl,33
laya,observability_adequacy,80,0.5375,0.3675,1.1088,0.5747,0.4221,0.1507,,,0,0.0,37.3,36.9,40.4,/Users/admin/Code/typed-decision-bench/output/laya_stats.jsonl,34
laya,log_event_sequence_diagnosis,80,0.8,0.7221,0.6931,0.322,0.8647,0.1278,,,0,0.0,37.4,36.9,41.1,/Users/admin/Code/typed-decision-bench/output/laya_stats.jsonl,35
laya,configuration_correctness,80,0.35,0.3544,4.639,0.9889,0.7762,0.4758,,,0,0.0,37.5,36.9,41.6,/Users/admin/Code/typed-decision-bench/output/laya_stats.jsonl,36
laya,command_line_semantics,80,0.6125,0.6022,0.8955,0.4783,0.772,0.1595,,,0,0.0,37.8,37.1,41.7,/Users/admin/Code/typed-decision-bench/output/laya_stats.jsonl,37
laya,open_source_license_compatibility,80,0.4,0.3361,1.43,0.7365,0.5721,0.3122,,,0,0.0,38.3,37.3,46.3,/Users/admin/Code/typed-decision-bench/output/laya_stats.jsonl,38
laya,accessibility_semantics_from_source,80,0.525,0.5131,1.3437,0.673,0.8007,0.2927,,,0,0.0,38.0,37.1,45.7,/Users/admin/Code/typed-decision-bench/output/laya_stats.jsonl,39
laya,graph_logic,80,0.2375,0.2855,1.8145,1.0437,0.7282,0.492,,,0,0.0,38.0,37.0,42.0,/Users/admin/Code/typed-decision-bench/output/laya_stats.jsonl,40
laya,graph_knowledge,80,1.0,0.9994,0.0006,0.0,0.9994,0.0006,,,0,0.0,38.8,37.4,47.1,/Users/admin/Code/typed-decision-bench/output/laya_stats.jsonl,41
laya,ontology_taxonomy_consistency,80,0.35,0.3496,4.3769,1.2819,0.9904,0.6404,,,0,0.0,38.0,37.6,41.7,/Users/admin/Code/typed-decision-bench/output/laya_stats.jsonl,42
laya,graph_path_relevance,80,0.0,0.1361,2.1882,1.2841,0.6766,0.6766,,,0,0.0,38.2,37.0,48.4,/Users/admin/Code/typed-decision-bench/output/laya_stats.jsonl,43
laya,temporal_graph_consistency,80,0.65,0.6618,0.7102,0.4987,0.8822,0.2726,,,0,0.0,37.7,37.2,42.2,/Users/admin/Code/typed-decision-bench/output/laya_stats.jsonl,44
laya,causal_chain_validation,80,0.6125,0.5085,1.0909,0.5287,0.6893,0.1936,,,0,0.0,37.2,36.5,40.8,/Users/admin/Code/typed-decision-bench/output/laya_stats.jsonl,45
laya,root_cause_attribution,80,1.0,0.9501,0.0575,0.0159,0.9501,0.0499,,,0,0.0,37.6,36.9,40.9,/Users/admin/Code/typed-decision-bench/output/laya_stats.jsonl,46
laya,evidence_provenance,80,1.0,0.7725,0.2807,0.1161,0.7725,0.2275,,,0,0.0,37.4,36.5,41.2,/Users/admin/Code/typed-decision-bench/output/laya_stats.jsonl,47
laya,source_reliability_in_context,80,0.85,0.8284,0.2626,0.1356,0.8446,0.0949,,,0,0.0,36.5,36.0,39.6,/Users/admin/Code/typed-decision-bench/output/laya_stats.jsonl,48
laya,semantic_similarity_and_factual_correctness,80,0.4875,0.4577,1.116,0.6282,0.6592,0.3866,,,0,0.0,37.6,37.0,40.2,/Users/admin/Code/typed-decision-bench/output/laya_stats.jsonl,49
laya,summary_completeness,80,0.2125,0.2194,2.9279,1.4477,0.9382,0.7429,,,0,0.0,38.1,37.8,42.0,/Users/admin/Code/typed-decision-bench/output/laya_stats.jsonl,50
laya,claim_entailment,80,0.55,0.5274,0.8692,0.5279,0.703,0.3281,,,0,0.0,40.3,38.0,50.6,/Users/admin/Code/typed-decision-bench/output/laya_stats.jsonl,51
laya,unknown_known_state_classification,80,0.7625,0.6426,0.6025,0.3058,0.715,0.2244,,,0,0.0,37.2,36.6,42.4,/Users/admin/Code/typed-decision-bench/output/laya_stats.jsonl,52
laya,answerability_from_provided_context,80,0.575,0.394,1.06,0.5626,0.4846,0.094,,,0,0.0,38.2,37.2,46.1,/Users/admin/Code/typed-decision-bench/output/laya_stats.jsonl,53
laya,evidence_sufficiency,80,0.6125,0.5881,0.9363,0.6288,0.8896,0.2771,,,0,0.0,37.1,36.1,45.1,/Users/admin/Code/typed-decision-bench/output/laya_stats.jsonl,54
laya,fact_vs_inference_classification,80,0.4875,0.4664,1.1217,0.6247,0.6593,0.2813,,,0,0.0,36.8,36.3,40.0,/Users/admin/Code/typed-decision-bench/output/laya_stats.jsonl,55
laya,hallucination_detection,80,0.55,0.4592,1.1253,0.6203,0.651,0.3223,,,0,0.0,38.0,37.7,42.1,/Users/admin/Code/typed-decision-bench/output/laya_stats.jsonl,56
laya,topic_keyword_fidelity,80,0.875,0.6218,0.5372,0.2821,0.6581,0.222,,,0,0.0,36.4,35.9,42.8,/Users/admin/Code/typed-decision-bench/output/laya_stats.jsonl,57
laya,information_retrieval_relevance,80,0.2875,0.2485,1.4718,0.7789,0.3596,0.1362,,,0,0.0,36.4,36.0,41.0,/Users/admin/Code/typed-decision-bench/output/laya_stats.jsonl,58
laya,recommendation_reranking_quality,80,0.55,0.3082,1.2126,0.6539,0.3523,0.1977,,,0,0.0,39.7,39.1,44.6,/Users/admin/Code/typed-decision-bench/output/laya_stats.jsonl,59
laya,entity_resolution,80,0.725,0.6947,0.4681,0.3289,0.7981,0.1981,,,0,0.0,36.7,36.3,39.4,/Users/admin/Code/typed-decision-bench/output/laya_stats.jsonl,60
laya,record_deduplication,80,0.3875,0.3535,1.6761,0.7786,0.6037,0.2468,,,0,0.0,38.6,37.2,42.6,/Users/admin/Code/typed-decision-bench/output/laya_stats.jsonl,61
laya,cross_document_reconciliation,80,0.75,0.4164,0.9198,0.4937,0.4505,0.2995,,,0,0.0,37.9,37.0,42.8,/Users/admin/Code/typed-decision-bench/output/laya_stats.jsonl,62
laya,document_consistency,80,0.25,0.2441,1.7279,0.8846,0.5062,0.2617,,,0,0.0,37.3,37.0,40.8,/Users/admin/Code/typed-decision-bench/output/laya_stats.jsonl,63
laya,booking_accounting_mapping,80,0.5875,0.5376,1.9241,0.6524,0.7938,0.272,,,0,0.0,37.1,36.8,40.3,/Users/admin/Code/typed-decision-bench/output/laya_stats.jsonl,64
laya,accounting_reasonableness,80,0.425,0.4157,0.911,0.5679,0.5058,0.0902,,,0,0.0,38.0,37.4,42.8,/Users/admin/Code/typed-decision-bench/output/laya_stats.jsonl,65
laya,invoice_anomaly_detection,80,0.5625,0.5153,0.9609,0.5246,0.6723,0.177,,,0,0.0,37.6,37.2,40.3,/Users/admin/Code/typed-decision-bench/output/laya_stats.jsonl,66
laya,fraud_scam_likelihood,80,0.25,0.2594,1.5192,0.8125,0.4456,0.2014,0.8743,0.5375,0,0.0,38.3,37.3,46.8,/Users/admin/Code/typed-decision-bench/output/laya_stats.jsonl,67
laya,transaction_anomaly_detection,80,0.5375,0.4249,0.9198,0.5612,0.5231,0.1193,,,0,0.0,38.6,37.6,43.9,/Users/admin/Code/typed-decision-bench/output/laya_stats.jsonl,68
laya,commercial_price_plausibility,80,0.075,0.1962,1.6947,0.8817,0.3473,0.2723,,,0,0.0,38.5,37.3,47.3,/Users/admin/Code/typed-decision-bench/output/laya_stats.jsonl,69
laya,budget_consistency,80,0.5125,0.4927,1.2317,0.7883,0.8521,0.4091,,,0,0.0,37.0,35.6,42.5,/Users/admin/Code/typed-decision-bench/output/laya_stats.jsonl,70
laya,resource_planning,80,0.2625,0.2673,1.4298,0.7899,0.4348,0.1951,,,0,0.0,36.8,36.5,43.0,/Users/admin/Code/typed-decision-bench/output/laya_stats.jsonl,71
laya,capacity_planning,80,0.175,0.2401,1.4473,0.7845,0.3284,0.1534,,,0,0.0,37.5,36.7,40.8,/Users/admin/Code/typed-decision-bench/output/laya_stats.jsonl,72
laya,inventory_decisions,80,0.45,0.3424,1.1062,0.6703,0.4457,0.1225,,,0,0.0,39.7,37.4,47.7,/Users/admin/Code/typed-decision-bench/output/laya_stats.jsonl,73
laya,scheduling_feasibility,80,0.3375,0.4236,1.0616,0.8057,0.7609,0.4234,,,0,0.0,36.8,36.5,41.6,/Users/admin/Code/typed-decision-bench/output/laya_stats.jsonl,74
laya,prioritization_under_constraints,80,0.1875,0.2466,1.4091,0.7618,0.2932,0.1285,,,0,0.0,41.3,40.1,47.8,/Users/admin/Code/typed-decision-bench/output/laya_stats.jsonl,75
laya,pareto_optimal_decision_taking,80,0.725,0.6661,0.6945,0.454,0.8773,0.1636,,,0,0.0,37.2,36.5,39.9,/Users/admin/Code/typed-decision-bench/output/laya_stats.jsonl,76
laya,expected_utility_decisions,80,0.4375,0.3733,1.1459,0.6854,0.5406,0.1591,,,0,0.0,40.5,39.5,46.5,/Users/admin/Code/typed-decision-bench/output/laya_stats.jsonl,77
laya,bayesian_evidence_updating,80,0.6,0.5533,0.6725,0.4817,0.6887,0.1744,,,0,0.0,36.5,36.0,39.0,/Users/admin/Code/typed-decision-bench/output/laya_stats.jsonl,78
laya,game_theory_judgements,80,0.2875,0.3683,1.1392,0.8804,0.7316,0.4568,,,0,0.0,37.6,36.9,41.2,/Users/admin/Code/typed-decision-bench/output/laya_stats.jsonl,79
laya,adversarial_agent_reasoning,80,0.875,0.7552,0.3526,0.1667,0.7674,0.1512,,,0,0.0,36.8,36.4,40.7,/Users/admin/Code/typed-decision-bench/output/laya_stats.jsonl,80
laya,negotiation_judgements,80,0.325,0.2816,1.4212,0.778,0.4567,0.1687,,,0,0.0,37.0,36.5,41.8,/Users/admin/Code/typed-decision-bench/output/laya_stats.jsonl,81
laya,probability_support_judgement,80,0.2875,0.3469,1.3861,0.9971,0.7845,0.5208,,,0,0.0,38.3,36.6,41.7,/Users/admin/Code/typed-decision-bench/output/laya_stats.jsonl,82
laya,probability_calibration_language,80,0.4,0.3232,1.4122,0.6872,0.4491,0.155,,,0,0.0,37.7,37.0,43.1,/Users/admin/Code/typed-decision-bench/output/laya_stats.jsonl,83
laya,forecast_consistency,80,0.4,0.4261,1.3823,0.9509,0.8855,0.4923,,,0,0.0,36.7,36.4,40.1,/Users/admin/Code/typed-decision-bench/output/laya_stats.jsonl,84
laya,counterfactual_plausibility,80,0.75,0.5559,0.9218,0.5813,0.762,0.3985,,,0,0.0,36.5,35.9,40.3,/Users/admin/Code/typed-decision-bench/output/laya_stats.jsonl,85
laya,base_rate_awareness,80,0.7875,0.5828,0.8024,0.4061,0.7167,0.1442,,,0,0.0,36.7,36.2,41.7,/Users/admin/Code/typed-decision-bench/output/laya_stats.jsonl,86
laya,sampling_statistical_interpretation,80,0.5625,0.3896,1.0401,0.536,0.4269,0.2912,,,0,0.0,37.4,36.7,43.4,/Users/admin/Code/typed-decision-bench/output/laya_stats.jsonl,87
laya,unit_understanding,80,0.3375,0.3275,1.3727,0.8026,0.5699,0.2324,,,0,0.0,37.1,36.8,40.1,/Users/admin/Code/typed-decision-bench/output/laya_stats.jsonl,88
laya,dimensional_consistency,80,0.8125,0.6832,0.6419,0.387,0.8408,0.2551,,,0,0.0,36.2,35.9,40.8,/Users/admin/Code/typed-decision-bench/output/laya_stats.jsonl,89
laya,order_of_magnitude_reasoning,80,0.4625,0.3554,1.1606,0.6428,0.4657,0.0644,,,0,0.0,37.0,36.3,40.5,/Users/admin/Code/typed-decision-bench/output/laya_stats.jsonl,90
laya,scale_plausibility,80,0.775,0.7398,0.5603,0.3653,0.9148,0.1616,,,0,0.0,37.8,36.2,41.8,/Users/admin/Code/typed-decision-bench/output/laya_stats.jsonl,91
laya,geometry_and_embodied_navigation,80,0.325,0.2647,1.3537,0.7462,0.3586,0.2031,,,0,0.0,36.5,36.1,39.8,/Users/admin/Code/typed-decision-bench/output/laya_stats.jsonl,92
laya,spatial_relation_reasoning,80,0.6375,0.6127,1.3917,0.482,0.7905,0.1761,,,0,0.0,37.3,37.0,39.1,/Users/admin/Code/typed-decision-bench/output/laya_stats.jsonl,93
laya,route_feasibility,80,0.125,0.2453,1.5114,0.909,0.5066,0.3816,,,0,0.0,40.2,39.6,44.9,/Users/admin/Code/typed-decision-bench/output/laya_stats.jsonl,94
laya,embodied_affordances,80,0.5,0.4961,1.1701,0.7986,0.8764,0.4123,,,0,0.0,38.2,36.5,45.5,/Users/admin/Code/typed-decision-bench/output/laya_stats.jsonl,95
laya,physical_commonsense,80,0.4,0.3889,1.4275,0.9765,0.8362,0.5,,,0,0.0,37.9,36.5,46.4,/Users/admin/Code/typed-decision-bench/output/laya_stats.jsonl,96
laya,mechanical_system_reasoning,80,0.1875,0.1917,20.445,1.5928,0.9835,0.796,,,0,0.0,38.4,37.4,44.3,/Users/admin/Code/typed-decision-bench/output/laya_stats.jsonl,97
laya,object_permanence_state_tracking,80,0.2375,0.288,2.1793,1.1084,0.7779,0.5569,,,0,0.0,37.3,36.7,41.6,/Users/admin/Code/typed-decision-bench/output/laya_stats.jsonl,98
laya,temporal_ordering,80,0.3125,0.3116,1.5375,0.9277,0.6847,0.3784,,,0,0.0,39.1,37.4,45.5,/Users/admin/Code/typed-decision-bench/output/laya_stats.jsonl,99
laya,calendar_time_zone_understanding,80,0.675,0.6046,0.7363,0.4253,0.75,0.1162,,,0,0.0,36.8,36.6,39.7,/Users/admin/Code/typed-decision-bench/output/laya_stats.jsonl,100
laya,historical_fact_verification,80,0.575,0.5594,0.9501,0.6762,0.8665,0.4074,,,0,0.0,36.9,36.4,41.2,/Users/admin/Code/typed-decision-bench/output/laya_stats.jsonl,101
laya,historical_anachronism_detection,80,0.3875,0.4651,0.942,0.7215,0.7553,0.3768,,,0,0.0,36.8,36.3,40.0,/Users/admin/Code/typed-decision-bench/output/laya_stats.jsonl,102
laya,geographical_consistency,80,0.425,0.374,1.5393,1.0051,0.8349,0.5624,,,0,0.0,36.9,36.2,41.7,/Users/admin/Code/typed-decision-bench/output/laya_stats.jsonl,103
laya,weather_state_interpretation,80,0.225,0.3217,1.5621,1.1191,0.8455,0.6309,,,0,0.0,37.3,36.3,41.9,/Users/admin/Code/typed-decision-bench/output/laya_stats.jsonl,104
laya,scientific_hypothesis_plausibility,80,0.3875,0.298,1.3998,0.8709,0.5724,0.4632,,,0,0.0,37.0,36.6,39.6,/Users/admin/Code/typed-decision-bench/output/laya_stats.jsonl,105
laya,experimental_design_judgement,80,0.8125,0.4714,0.846,0.4427,0.5368,0.2852,,,0,0.0,37.8,37.0,41.1,/Users/admin/Code/typed-decision-bench/output/laya_stats.jsonl,106
laya,measurement_uncertainty_reasoning,80,0.325,0.3871,1.257,0.9245,0.8009,0.4759,,,0,0.0,36.7,36.3,38.8,/Users/admin/Code/typed-decision-bench/output/laya_stats.jsonl,107
laya,biological_system_reasoning,80,0.7,0.6271,0.8241,0.4907,0.8198,0.2314,,,0,0.0,37.1,36.3,40.8,/Users/admin/Code/typed-decision-bench/output/laya_stats.jsonl,108
laya,biological_signal_understanding,80,0.6875,0.5196,0.8021,0.4363,0.6339,0.0579,,,0,0.0,37.0,36.4,39.6,/Users/admin/Code/typed-decision-bench/output/laya_stats.jsonl,109
laya,medical_differential_reasoning_benchmarks,80,1.0,0.8249,0.1997,0.0683,0.8249,0.1751,,,0,0.0,36.4,35.9,38.8,/Users/admin/Code/typed-decision-bench/output/laya_stats.jsonl,110
laya,medical_chronology_consistency,80,0.8,0.687,0.51,0.3284,0.8134,0.1435,,,0,0.0,36.9,36.5,39.8,/Users/admin/Code/typed-decision-bench/output/laya_stats.jsonl,111
laya,translation_correctness,80,0.3125,0.2748,2.4384,1.1105,0.7691,0.4888,,,0,0.0,37.9,36.8,43.4,/Users/admin/Code/typed-decision-bench/output/laya_stats.jsonl,112
laya,grammar_judgement,80,0.425,0.3837,1.4846,0.6552,0.5362,0.159,,,0,0.0,38.5,37.3,48.6,/Users/admin/Code/typed-decision-bench/output/laya_stats.jsonl,113
laya,glossary_adherence,80,0.875,0.773,0.3504,0.2122,0.846,0.1323,,,0,0.0,37.4,36.2,42.8,/Users/admin/Code/typed-decision-bench/output/laya_stats.jsonl,114
laya,synonym_semantic_substitution_scoring,80,0.1625,0.1884,1.7879,0.8634,0.3336,0.1711,,,0,0.0,37.2,37.0,40.2,/Users/admin/Code/typed-decision-bench/output/laya_stats.jsonl,115
laya,word_sense_disambiguation,80,0.9625,0.8861,0.1362,0.064,0.8891,0.0999,,,0,0.0,36.6,36.1,40.1,/Users/admin/Code/typed-decision-bench/output/laya_stats.jsonl,116
laya,language_dialect_identification,80,0.825,0.8419,0.335,0.1772,0.9056,0.1072,,,0,0.0,37.6,37.1,41.5,/Users/admin/Code/typed-decision-bench/output/laya_stats.jsonl,117
laya,code_switch_understanding,80,0.0,0.115,2.2047,1.0468,0.3985,0.3985,,,0,0.0,36.9,36.5,40.5,/Users/admin/Code/typed-decision-bench/output/laya_stats.jsonl,118
laya,pragmatic_intent_understanding,80,0.4125,0.3386,1.511,0.6973,0.4733,0.1947,,,0,0.0,37.8,37.1,42.2,/Users/admin/Code/typed-decision-bench/output/laya_stats.jsonl,119
laya,sarcasm_and_humor_understanding,80,0.6,0.3682,1.2587,0.6351,0.5118,0.2873,,,0,0.0,37.8,36.8,44.5,/Users/admin/Code/typed-decision-bench/output/laya_stats.jsonl,120
laya,humor_explanation_correctness,80,1.0,0.7112,0.3617,0.137,0.7112,0.2888,,,0,0.0,37.7,36.9,43.7,/Users/admin/Code/typed-decision-bench/output/laya_stats.jsonl,121
laya,mood_atmosphere_understanding,80,0.8375,0.6708,0.4768,0.2404,0.6814,0.1881,,,0,0.0,36.8,36.3,40.9,/Users/admin/Code/typed-decision-bench/output/laya_stats.jsonl,122
laya,tone_register_classification,80,0.725,0.6047,0.7028,0.3629,0.6499,0.1924,,,0,0.0,37.4,36.9,41.2,/Users/admin/Code/typed-decision-bench/output/laya_stats.jsonl,123
laya,dialogue_coherence,80,0.3,0.2165,1.6455,0.8432,0.3957,0.3002,,,0,0.0,37.2,36.6,41.1,/Users/admin/Code/typed-decision-bench/output/laya_stats.jsonl,124
laya,conversation_state_tracking,80,0.5875,0.5439,1.2763,0.6525,0.8272,0.2821,,,0,0.0,37.5,36.8,43.1,/Users/admin/Code/typed-decision-bench/output/laya_stats.jsonl,125
laya,persona_consistency,80,0.425,0.3334,1.1678,0.6334,0.3899,0.1557,,,0,0.0,37.2,37.0,39.9,/Users/admin/Code/typed-decision-bench/output/laya_stats.jsonl,126
laya,theory_of_mind_false_belief_reasoning,80,0.8,0.7451,0.4273,0.2543,0.8154,0.0664,,,0,0.0,38.3,37.1,43.5,/Users/admin/Code/typed-decision-bench/output/laya_stats.jsonl,127
laya,embodied_unknowns,80,0.375,0.4505,1.2603,0.87,0.8499,0.4749,,,0,0.0,39.8,38.7,45.9,/Users/admin/Code/typed-decision-bench/output/laya_stats.jsonl,128
laya,embodied_time_aware_world_views,80,0.5375,0.5491,1.3759,0.8283,0.9614,0.4239,,,0,0.0,37.8,36.9,42.6,/Users/admin/Code/typed-decision-bench/output/laya_stats.jsonl,129
laya,embodied_emotions,80,0.8375,0.5485,0.6653,0.3325,0.5611,0.2808,,,0,0.0,38.2,37.3,43.9,/Users/admin/Code/typed-decision-bench/output/laya_stats.jsonl,130
laya,emotion_cause_attribution,80,0.675,0.6425,0.4793,0.3133,0.6773,0.2367,,,0,0.0,37.3,37.0,40.5,/Users/admin/Code/typed-decision-bench/output/laya_stats.jsonl,131
laya,social_norm_reasoning,80,0.3625,0.3203,1.2391,0.6813,0.4432,0.2663,,,0,0.0,37.3,36.7,41.5,/Users/admin/Code/typed-decision-bench/output/laya_stats.jsonl,132
laya,relationship_permission_reasoning,80,0.5125,0.5356,0.8557,0.6276,0.7907,0.3069,,,0,0.0,37.0,36.5,38.9,/Users/admin/Code/typed-decision-bench/output/laya_stats.jsonl,133
laya,embodied_animal_understanding,80,0.525,0.3834,1.4657,0.6924,0.5917,0.2384,,,0,0.0,38.6,37.1,44.8,/Users/admin/Code/typed-decision-bench/output/laya_stats.jsonl,134
laya,animal_affordance_constraint_reasoning,80,0.4875,0.5135,1.2084,0.8248,0.9179,0.4706,,,0,0.0,37.0,36.4,41.0,/Users/admin/Code/typed-decision-bench/output/laya_stats.jsonl,135
laya,narrative_next_event_plausibility,80,0.625,0.4506,1.0859,0.6668,0.6991,0.3715,,,0,0.0,38.7,37.2,47.3,/Users/admin/Code/typed-decision-bench/output/laya_stats.jsonl,136
laya,character_goal_consistency,80,0.75,0.7078,0.5582,0.3818,0.8689,0.2028,,,0,0.0,36.8,36.1,42.9,/Users/admin/Code/typed-decision-bench/output/laya_stats.jsonl,137
laya,ocr_ngram_based_text_recognition,80,0.5625,0.4103,1.0248,0.5547,0.4949,0.1532,,,0,0.0,38.4,37.5,42.9,/Users/admin/Code/typed-decision-bench/output/laya_stats.jsonl,138
laya,noisy_ocr_reconstruction,80,0.075,0.1843,1.8916,1.1813,0.6845,0.6095,,,0,0.0,37.0,36.4,43.4,/Users/admin/Code/typed-decision-bench/output/laya_stats.jsonl,139
laya,document_field_association,80,0.175,0.1939,3.8046,1.4979,0.9354,0.7604,,,0,0.0,37.8,36.9,43.5,/Users/admin/Code/typed-decision-bench/output/laya_stats.jsonl,140
laya,document_type_classification,80,0.85,0.8346,0.7354,0.2864,0.9698,0.1638,,,0,0.0,38.4,37.7,43.7,/Users/admin/Code/typed-decision-bench/output/laya_stats.jsonl,141
laya,document_workflow_state,80,0.225,0.259,2.6938,1.2017,0.8108,0.5858,,,0,0.0,37.1,36.4,41.7,/Users/admin/Code/typed-decision-bench/output/laya_stats.jsonl,142
laya,table_reasoning_from_linearized_text,80,0.2625,0.2492,1.6591,0.9,0.5447,0.2822,,,0,0.0,39.3,38.7,43.5,/Users/admin/Code/typed-decision-bench/output/laya_stats.jsonl,143
laya,spreadsheet_formula_semantics_from_text,80,0.225,0.26,2.075,0.9797,0.6325,0.4091,,,0,0.0,38.0,36.3,54.7,/Users/admin/Code/typed-decision-bench/output/laya_stats.jsonl,144
laya,form_completeness,80,0.5375,0.5005,1.1518,0.506,0.6029,0.1728,,,0,0.0,38.1,37.6,41.7,/Users/admin/Code/typed-decision-bench/output/laya_stats.jsonl,145
laya,contract_clause_consistency,80,0.0,0.1719,1.8447,1.0327,0.5115,0.5115,,,0,0.0,37.5,36.9,41.3,/Users/admin/Code/typed-decision-bench/output/laya_stats.jsonl,146
laya,requirement_traceability,80,0.325,0.2427,1.8059,0.8681,0.4823,0.204,,,0,0.0,38.0,37.1,44.2,/Users/admin/Code/typed-decision-bench/output/laya_stats.jsonl,147
laya,business_process_conformance,80,0.2625,0.2686,2.6206,1.2913,0.9068,0.6443,,,0,0.0,36.9,36.5,40.2,/Users/admin/Code/typed-decision-bench/output/laya_stats.jsonl,148
laya,email_thread_state_understanding,80,0.8125,0.7351,0.8462,0.3761,0.9116,0.2246,,,0,0.0,38.3,37.0,46.6,/Users/admin/Code/typed-decision-bench/output/laya_stats.jsonl,149
laya,action_item_extraction_verification,80,0.6,0.6866,0.519,0.3816,0.829,0.2697,,,0,0.0,36.8,36.0,41.4,/Users/admin/Code/typed-decision-bench/output/laya_stats.jsonl,150
laya,product_catalog_matching,80,0.3875,0.2865,1.3026,0.7057,0.3586,0.0567,,,0,0.0,39.8,38.6,45.2,/Users/admin/Code/typed-decision-bench/output/laya_stats.jsonl,151
laya,compatibility_matching,80,0.3625,0.3591,1.8974,1.1441,0.9225,0.5947,,,0,0.0,36.3,35.8,41.3,/Users/admin/Code/typed-decision-bench/output/laya_stats.jsonl,152
laya,taxonomy_category_assignment,80,0.65,0.5853,0.651,0.3653,0.6439,0.26,,,0,0.0,36.9,36.4,41.2,/Users/admin/Code/typed-decision-bench/output/laya_stats.jsonl,153
laya,multi_label_topic_classification,80,0.55,0.5538,1.1953,0.7585,0.9257,0.3757,,,0,0.0,36.4,36.1,38.6,/Users/admin/Code/typed-decision-bench/output/laya_stats.jsonl,154
laya,domain_identification,80,0.7625,0.5087,0.7463,0.4027,0.5434,0.2191,,,0,0.0,36.8,36.2,42.9,/Users/admin/Code/typed-decision-bench/output/laya_stats.jsonl,155
laya,expertise_level_estimation_of_text,80,0.6875,0.5591,0.7724,0.4215,0.6632,0.2342,,,0,0.0,37.2,36.6,41.3,/Users/admin/Code/typed-decision-bench/output/laya_stats.jsonl,156
laya,explanation_necessity_judgement,80,0.4,0.4071,1.388,0.9633,0.8713,0.4713,,,0,0.0,37.5,36.8,41.5,/Users/admin/Code/typed-decision-bench/output/laya_stats.jsonl,157
laya,explanation_quality_judgement,80,0.6,0.3415,1.6068,0.7923,0.6225,0.4393,,,0,0.0,38.2,37.5,42.4,/Users/admin/Code/typed-decision-bench/output/laya_stats.jsonl,158
laya,rationale_to_answer_consistency,80,0.8,0.74,0.4985,0.3292,0.8841,0.2245,,,0,0.0,39.0,36.8,52.6,/Users/admin/Code/typed-decision-bench/output/laya_stats.jsonl,159
laya,constraint_satisfaction_judgement,80,0.775,0.7005,0.572,0.3481,0.8358,0.1507,,,0,0.0,36.8,36.3,40.2,/Users/admin/Code/typed-decision-bench/output/laya_stats.jsonl,160
laya,soft_vs_hard_constraint_discrimination,80,0.7625,0.5652,0.7513,0.3902,0.6553,0.1294,,,0,0.0,37.3,36.7,41.2,/Users/admin/Code/typed-decision-bench/output/laya_stats.jsonl,161
laya,preference_learning_from_explicit_examples,80,0.275,0.3538,1.2482,0.9435,0.7551,0.5061,,,0,0.0,38.2,37.7,41.8,/Users/admin/Code/typed-decision-bench/output/laya_stats.jsonl,162
laya,multi_criteria_scoring_consistency,80,0.5875,0.5743,0.9454,0.6407,0.8729,0.2957,,,0,0.0,37.9,36.9,44.0,/Users/admin/Code/typed-decision-bench/output/laya_stats.jsonl,163
laya,rubric_based_quality_assessment,80,0.175,0.2701,1.5183,0.797,0.4325,0.2898,0.9624,0.575,0,0.0,37.7,37.2,42.1,/Users/admin/Code/typed-decision-bench/output/laya_stats.jsonl,164
laya,comparative_judgement_transitivity,80,0.4375,0.4629,1.5877,0.9567,0.9309,0.5003,,,0,0.0,36.6,36.2,39.2,/Users/admin/Code/typed-decision-bench/output/laya_stats.jsonl,165
laya,pairwise_preference_prediction,80,0.4875,0.3716,1.038,0.62,0.4462,0.0851,,,0,0.0,38.5,37.3,46.6,/Users/admin/Code/typed-decision-bench/output/laya_stats.jsonl,166
laya,set_coverage_diversity_judgement,80,0.4125,0.4062,1.0462,0.6467,0.569,0.1948,,,0,0.0,36.5,35.9,39.1,/Users/admin/Code/typed-decision-bench/output/laya_stats.jsonl,167
laya,redundancy_detection,80,0.475,0.3008,1.3584,0.7665,0.5091,0.4098,,,0,0.0,37.5,36.9,41.7,/Users/admin/Code/typed-decision-bench/output/laya_stats.jsonl,168
laya,information_density_judgement,80,0.0,0.1358,2.0172,1.2377,0.6649,0.6649,1.0634,0.325,0,0.0,37.4,36.6,41.4,/Users/admin/Code/typed-decision-bench/output/laya_stats.jsonl,169
laya,data_quality_validation,80,0.5125,0.4996,1.679,0.813,0.8904,0.3779,,,0,0.0,38.4,37.2,44.3,/Users/admin/Code/typed-decision-bench/output/laya_stats.jsonl,170
laya,synthetic_data_plausibility,80,0.4625,0.5798,0.6756,0.5055,0.743,0.2925,,,0,0.0,37.0,36.7,40.0,/Users/admin/Code/typed-decision-bench/output/laya_stats.jsonl,171
laya,class_label_leakage_detection,80,0.775,0.6871,0.5464,0.3544,0.8187,0.1111,,,0,0.0,36.7,36.0,38.9,/Users/admin/Code/typed-decision-bench/output/laya_stats.jsonl,172
laya,dataset_example_quality,80,0.35,0.327,1.6427,0.8631,0.6356,0.3465,,,0,0.0,38.5,37.6,44.6,/Users/admin/Code/typed-decision-bench/output/laya_stats.jsonl,173
laya,benchmark_contamination_clues,80,0.4625,0.4283,1.2898,0.7409,0.7174,0.3,,,0,0.0,38.4,37.2,43.8,/Users/admin/Code/typed-decision-bench/output/laya_stats.jsonl,174
laya,adversarial_example_detection,80,0.625,0.4753,0.9432,0.5162,0.6248,0.2225,,,0,0.0,37.7,37.5,42.4,/Users/admin/Code/typed-decision-bench/output/laya_stats.jsonl,175
laya,spurious_correlation_resistance,80,0.5375,0.5461,1.8322,0.6641,0.8225,0.2877,,,0,0.0,37.6,37.1,40.8,/Users/admin/Code/typed-decision-bench/output/laya_stats.jsonl,176
laya,invariant_detection,80,0.7875,0.6599,0.5237,0.3433,0.7699,0.1453,,,0,0.0,36.5,36.2,40.2,/Users/admin/Code/typed-decision-bench/output/laya_stats.jsonl,177
laya,boundary_condition_judgement,80,0.8125,0.7131,0.4284,0.2768,0.8019,0.0892,,,0,0.0,36.6,35.9,40.2,/Users/admin/Code/typed-decision-bench/output/laya_stats.jsonl,178
laya,failure_mode_classification,80,0.4375,0.4008,1.565,0.7841,0.7084,0.2709,,,0,0.0,38.0,37.1,43.1,/Users/admin/Code/typed-decision-bench/output/laya_stats.jsonl,179
laya,recoverability_judgement,80,0.1875,0.2033,4.8982,1.5532,0.9784,0.7909,,,0,0.0,37.6,36.9,40.9,/Users/admin/Code/typed-decision-bench/output/laya_stats.jsonl,180
laya,reversibility_destructiveness,80,0.625,0.4011,1.0707,0.5607,0.4713,0.1777,,,0,0.0,38.0,37.1,42.3,/Users/admin/Code/typed-decision-bench/output/laya_stats.jsonl,181
laya,operational_urgency,80,0.1,0.3023,1.4959,0.8577,0.5402,0.4402,0.8517,0.7,0,0.0,38.1,37.4,41.9,/Users/admin/Code/typed-decision-bench/output/laya_stats.jsonl,182
laya,change_risk_judgement,80,0.225,0.2943,1.5338,0.9576,0.6927,0.4677,0.8527,0.725,0,0.0,37.5,37.0,40.9,/Users/admin/Code/typed-decision-bench/output/laya_stats.jsonl,183
laya,regression_likelihood_judgement,80,0.2875,0.2454,1.9886,0.9603,0.5959,0.3084,1.0215,0.4375,0,0.0,37.1,36.7,40.4,/Users/admin/Code/typed-decision-bench/output/laya_stats.jsonl,184
laya,human_vs_machine_task_suitability,80,0.5875,0.43,1.1513,0.5702,0.5397,0.1916,,,0,0.0,38.2,37.5,43.4,/Users/admin/Code/typed-decision-bench/output/laya_stats.jsonl,185
laya,live_data_requirement,80,0.625,0.6149,0.6974,0.5045,0.8375,0.2873,,,0,0.0,37.4,36.4,41.9,/Users/admin/Code/typed-decision-bench/output/laya_stats.jsonl,186
laya,information_acquisition_value,80,0.5125,0.4882,0.9486,0.6618,0.7373,0.2431,,,0,0.0,37.7,36.5,44.0,/Users/admin/Code/typed-decision-bench/output/laya_stats.jsonl,187
laya,stopping_decision_sufficiency,80,0.8125,0.7332,0.4356,0.275,0.8416,0.1255,,,0,0.0,38.2,36.9,46.2,/Users/admin/Code/typed-decision-bench/output/laya_stats.jsonl,188
laya,confidence_vs_evidence_consistency,80,0.1,0.2195,1.6438,1.0774,0.6754,0.5882,,,0,0.0,40.3,38.4,49.9,/Users/admin/Code/typed-decision-bench/output/laya_stats.jsonl,189
laya,self_consistency_across_outputs,80,0.6375,0.6515,0.7463,0.5061,0.8756,0.2381,,,0,0.0,40.0,37.6,51.0,/Users/admin/Code/typed-decision-bench/output/laya_stats.jsonl,190
laya,granularity_selection,80,0.8125,0.6931,0.4895,0.2382,0.7526,0.2118,,,0,0.0,37.6,36.7,41.4,/Users/admin/Code/typed-decision-bench/output/laya_stats.jsonl,191
laya,abstraction_level_matching,80,0.3875,0.4073,1.0892,0.645,0.5806,0.2477,,,0,0.0,37.2,36.5,41.7,/Users/admin/Code/typed-decision-bench/output/laya_stats.jsonl,192
laya,analogy_validity,80,0.35,0.3029,1.2688,0.7035,0.4169,0.2728,,,0,0.0,37.3,37.0,40.5,/Users/admin/Code/typed-decision-bench/output/laya_stats.jsonl,193
laya,category_error_detection,80,0.9,0.8704,0.2479,0.1292,0.895,0.052,,,0,0.0,37.1,36.9,40.1,/Users/admin/Code/typed-decision-bench/output/laya_stats.jsonl,194
laya,cognitive_bias_illogic_detection,80,0.5875,0.5369,1.1459,0.4874,0.6407,0.1114,,,0,0.0,37.9,37.1,42.3,/Users/admin/Code/typed-decision-bench/output/laya_stats.jsonl,195
laya,contradiction_resolution,80,0.75,0.4619,0.8377,0.4434,0.4825,0.2675,,,0,0.0,37.6,37.1,41.0,/Users/admin/Code/typed-decision-bench/output/laya_stats.jsonl,196
laya,scope_reasoning,80,0.5,0.4362,1.1435,0.6432,0.6506,0.3366,,,0,0.0,37.6,37.1,40.6,/Users/admin/Code/typed-decision-bench/output/laya_stats.jsonl,197
laya,quantifier_reasoning_in_natural_text,80,0.525,0.4839,1.0156,0.5655,0.6464,0.3156,,,0,0.0,37.0,36.7,40.0,/Users/admin/Code/typed-decision-bench/output/laya_stats.jsonl,198
laya,negation_polarity_tracking,80,0.75,0.5129,1.0156,0.551,0.6932,0.4492,,,0,0.0,37.0,36.8,39.8,/Users/admin/Code/typed-decision-bench/output/laya_stats.jsonl,199
laya,reference_coreference_resolution,80,0.475,0.4648,2.4367,0.9128,0.8846,0.4281,,,0,0.0,37.9,37.3,41.4,/Users/admin/Code/typed-decision-bench/output/laya_stats.jsonl,200
laya,comparative_language_reasoning,80,0.5375,0.4609,1.1185,0.6354,0.6511,0.3307,,,0,0.0,38.2,37.3,43.5,/Users/admin/Code/typed-decision-bench/output/laya_stats.jsonl,201
laya,definition_adherence,80,0.5,0.4995,1.0263,0.6899,0.7735,0.2735,,,0,0.0,36.4,35.8,39.0,/Users/admin/Code/typed-decision-bench/output/laya_stats.jsonl,202
laya,local_rule_over_world_knowledge_judgement,80,0.7875,0.7287,0.4775,0.3115,0.8516,0.0917,,,0,0.0,37.1,36.1,42.3,/Users/admin/Code/typed-decision-bench/output/laya_stats.jsonl,203
laya,world_model_consistency,80,0.4875,0.4477,1.3786,0.8969,0.8768,0.5187,,,0,0.0,37.0,35.7,47.9,/Users/admin/Code/typed-decision-bench/output/laya_stats.jsonl,204
laya,long_context_distractor_resistance,80,0.3875,0.3046,1.2492,0.678,0.3799,0.1125,,,0,0.0,39.7,39.0,43.5,/Users/admin/Code/typed-decision-bench/output/laya_stats.jsonl,205
laya,needle_set_retrieval,80,0.225,0.2543,1.3882,0.757,0.3101,0.0851,,,0,0.0,38.8,38.1,42.5,/Users/admin/Code/typed-decision-bench/output/laya_stats.jsonl,206
laya,cross_domain_synthesis,80,0.375,0.3913,1.7577,1.0998,0.9371,0.5621,,,0,0.0,37.6,36.7,43.3,/Users/admin/Code/typed-decision-bench/output/laya_stats.jsonl,207
laya,minimal_sufficient_explanation_selection,80,0.5625,0.49,0.9277,0.5316,0.6403,0.1424,,,0,0.0,37.4,36.8,42.3,/Users/admin/Code/typed-decision-bench/output/laya_stats.jsonl,208
laya,competing_hypothesis_discrimination,80,0.575,0.4828,0.7657,0.4583,0.5417,0.2172,,,0,0.0,36.7,36.2,40.3,/Users/admin/Code/typed-decision-bench/output/laya_stats.jsonl,209
laya,mechanism_vs_pattern_distinction,80,0.6375,0.4475,0.944,0.5552,0.5785,0.2784,,,0,0.0,37.7,36.6,45.2,/Users/admin/Code/typed-decision-bench/output/laya_stats.jsonl,210
laya,decision_robustness,80,0.3625,0.4427,0.9593,0.7226,0.711,0.3485,,,0,0.0,37.7,36.4,45.1,/Users/admin/Code/typed-decision-bench/output/laya_stats.jsonl,211
laya,sensitivity_analysis,80,0.375,0.3594,1.3139,0.7922,0.6276,0.274,,,0,0.0,38.9,37.4,45.2,/Users/admin/Code/typed-decision-bench/output/laya_stats.jsonl,212
laya,dominated_information_detection,80,0.5,0.4951,0.8956,0.6682,0.7667,0.3844,,,0,0.0,36.4,35.8,38.7,/Users/admin/Code/typed-decision-bench/output/laya_stats.jsonl,213
laya,consistency_under_paraphrase,80,0.4875,0.4797,1.8741,0.9632,0.9594,0.4719,,,0,0.0,36.0,35.6,38.7,/Users/admin/Code/typed-decision-bench/output/laya_stats.jsonl,214
laya,consistency_under_irrelevant_context_insertion,80,0.5375,0.5357,1.2458,0.7682,0.904,0.3771,,,0,0.0,36.5,36.3,39.9,/Users/admin/Code/typed-decision-bench/output/laya_stats.jsonl,215
laya,consistency_under_option_permutation,80,0.5875,0.5803,1.0705,0.6835,0.901,0.3533,,,0,0.0,36.9,35.9,41.4,/Users/admin/Code/typed-decision-bench/output/laya_stats.jsonl,216
laya,calibration_under_ambiguity,80,0.275,0.2679,1.6285,0.954,0.6138,0.3388,0.8939,0.5375,0,0.0,36.0,35.1,38.7,/Users/admin/Code/typed-decision-bench/output/laya_stats.jsonl,217
laya,support_department,80,0.55,0.4503,1.0682,0.5242,0.5497,0.2006,,,0,0.0,37.2,36.4,41.4,/Users/admin/Code/typed-decision-bench/output/laya_stats.jsonl,218
laya,email_intent,80,0.8375,0.6364,0.5488,0.2681,0.6827,0.198,,,0,0.0,36.6,36.0,41.2,/Users/admin/Code/typed-decision-bench/output/laya_stats.jsonl,219
laya,refund_eligible,80,0.5625,0.5443,1.0293,0.6858,0.8635,0.3283,,,0,0.0,36.1,35.3,38.2,/Users/admin/Code/typed-decision-bench/output/laya_stats.jsonl,220
laya,urgency,80,1.0,0.8478,0.1672,0.052,0.8478,0.1522,,,0,0.0,37.4,35.6,46.4,/Users/admin/Code/typed-decision-bench/output/laya_stats.jsonl,221
laya,secret_leak,80,0.675,0.6383,0.6151,0.4269,0.8076,0.2214,,,0,0.0,36.8,35.8,43.5,/Users/admin/Code/typed-decision-bench/output/laya_stats.jsonl,222
laya,frustration_level,80,0.325,0.4004,1.1064,0.7322,0.6657,0.4293,0.6115,1.0,0,0.0,36.1,35.3,41.9,/Users/admin/Code/typed-decision-bench/output/laya_stats.jsonl,223
laya,incident_severity,80,0.35,0.344,1.1388,0.6568,0.4549,0.1485,0.6808,0.725,0,0.0,36.9,36.5,40.3,/Users/admin/Code/typed-decision-bench/output/laya_stats.jsonl,224
laya,review_sentiment,80,0.2875,0.3048,2.6864,1.1642,0.8533,0.5875,1.2662,0.5125,0,0.0,36.1,35.5,41.8,/Users/admin/Code/typed-decision-bench/output/laya_stats.jsonl,225
laya,support_department_hard,80,0.45,0.3434,1.3492,0.6731,0.4953,0.1094,,,0,0.0,39.4,38.3,44.1,/Users/admin/Code/typed-decision-bench/output/laya_stats.jsonl,226
laya,email_intent_hard,80,0.4375,0.3682,1.4234,0.7238,0.593,0.1944,,,0,0.0,38.9,37.9,42.9,/Users/admin/Code/typed-decision-bench/output/laya_stats.jsonl,227
laya,refund_eligible_hard,80,0.5625,0.5528,0.8395,0.61,0.8266,0.27,,,0,0.0,38.9,38.0,42.9,/Users/admin/Code/typed-decision-bench/output/laya_stats.jsonl,228
laya,urgency_hard,80,0.6875,0.5918,0.6006,0.4099,0.6931,0.1164,,,0,0.0,38.1,37.1,42.4,/Users/admin/Code/typed-decision-bench/output/laya_stats.jsonl,229
laya,secret_leak_hard,80,0.5,0.5017,0.8577,0.6379,0.7516,0.2842,,,0,0.0,38.6,38.1,43.7,/Users/admin/Code/typed-decision-bench/output/laya_stats.jsonl,230
laya,frustration_level_hard,80,0.325,0.3805,1.1907,0.7648,0.6672,0.3422,0.6496,0.8625,0,0.0,38.1,37.6,42.7,/Users/admin/Code/typed-decision-bench/output/laya_stats.jsonl,231
laya,incident_severity_hard,80,0.3,0.2594,1.6533,0.8044,0.4345,0.1501,1.1092,0.5,0,0.0,40.6,37.9,49.5,/Users/admin/Code/typed-decision-bench/output/laya_stats.jsonl,232
laya,review_sentiment_hard,80,0.3125,0.2705,3.5175,1.132,0.7683,0.4558,1.5959,0.4,0,0.0,38.6,37.8,43.3,/Users/admin/Code/typed-decision-bench/output/laya_stats.jsonl,233
laya,expense_category,80,0.7625,0.598,0.6513,0.343,0.6848,0.1419,,,0,0.0,38.7,37.5,46.3,/Users/admin/Code/typed-decision-bench/output/laya_stats.jsonl,234
laya,oncall_route,80,0.85,0.5255,0.7052,0.3374,0.5362,0.3385,,,0,0.0,38.1,37.5,42.3,/Users/admin/Code/typed-decision-bench/output/laya_stats.jsonl,235
laya,churn_risk,80,0.8375,0.652,0.5271,0.2406,0.6771,0.2205,0.5275,0.875,0,0.0,37.9,37.0,44.0,/Users/admin/Code/typed-decision-bench/output/laya_stats.jsonl,236
laya,lead_qualification,80,0.5,0.3915,1.2184,0.6241,0.5368,0.154,0.7366,0.65,0,0.0,37.5,36.7,42.9,/Users/admin/Code/typed-decision-bench/output/laya_stats.jsonl,237
laya,app_review_intent,80,0.9,0.7664,0.3139,0.1294,0.7712,0.1839,,,0,0.0,36.7,36.2,41.7,/Users/admin/Code/typed-decision-bench/output/laya_stats.jsonl,238
laya,content_moderation,80,0.7375,0.5926,0.8957,0.4179,0.7254,0.1649,,,0,0.0,39.7,37.2,50.3,/Users/admin/Code/typed-decision-bench/output/laya_stats.jsonl,239
laya,code_review_intent,80,0.4625,0.3931,1.2538,0.6177,0.5472,0.1797,,,0,0.0,38.1,37.0,44.0,/Users/admin/Code/typed-decision-bench/output/laya_stats.jsonl,240
laya,commit_intent,80,0.75,0.5185,0.8975,0.4183,0.6013,0.2438,,,0,0.0,38.0,36.1,46.7,/Users/admin/Code/typed-decision-bench/output/laya_stats.jsonl,241
laya,recipe_cuisine,80,0.625,0.4164,1.179,0.5357,0.4916,0.2229,,,0,0.0,40.0,38.4,57.5,/Users/admin/Code/typed-decision-bench/output/laya_stats.jsonl,242
laya,question_duplicate,80,0.6375,0.631,0.577,0.4039,0.746,0.1324,,,0,0.0,36.3,35.7,41.5,/Users/admin/Code/typed-decision-bench/output/laya_stats.jsonl,243
laya,sql_injection_risk,80,0.25,0.4001,0.9943,0.769,0.6596,0.4096,,,0,0.0,36.3,35.8,39.8,/Users/admin/Code/typed-decision-bench/output/laya_stats.jsonl,244
laya,travel_policy_violation,80,0.5625,0.5619,0.7851,0.5596,0.7779,0.2288,,,0,0.0,37.9,36.4,43.8,/Users/admin/Code/typed-decision-bench/output/laya_stats.jsonl,245
laya,contains_pii,80,0.7375,0.7116,0.5147,0.3547,0.8607,0.1996,,,0,0.0,36.9,36.4,40.5,/Users/admin/Code/typed-decision-bench/output/laya_stats.jsonl,246
laya,contains_spoiler,80,0.8125,0.627,0.526,0.3525,0.6989,0.2935,,,0,0.0,37.0,35.6,40.7,/Users/admin/Code/typed-decision-bench/output/laya_stats.jsonl,247
laya,formality_level,80,0.1625,0.2739,1.61,0.8704,0.5165,0.3602,0.9589,0.5,0,0.0,37.6,36.9,41.1,/Users/admin/Code/typed-decision-bench/output/laya_stats.jsonl,248
laya,phishing_email,80,0.7,0.6765,0.5956,0.4168,0.8569,0.1741,,,0,0.0,38.0,36.5,44.3,/Users/admin/Code/typed-decision-bench/output/laya_stats.jsonl,249
laya,meeting_conflict,80,0.4,0.4555,1.1608,0.8205,0.8179,0.4179,,,0,0.0,36.0,35.2,40.2,/Users/admin/Code/typed-decision-bench/output/laya_stats.jsonl,250
laya,hazmat_shipping,80,0.825,0.6439,0.4969,0.3262,0.7089,0.1952,,,0,0.0,36.4,35.9,39.9,/Users/admin/Code/typed-decision-bench/output/laya_stats.jsonl,251
laya,dietary_vegan,80,0.3625,0.3971,1.3838,0.9911,0.8729,0.5592,,,0,0.0,36.6,35.7,40.0,/Users/admin/Code/typed-decision-bench/output/laya_stats.jsonl,252
laya,news_topic,80,0.9125,0.6978,0.3949,0.1812,0.7102,0.2023,,,0,0.0,37.1,36.7,39.8,/Users/admin/Code/typed-decision-bench/output/laya_stats.jsonl,253
laya,document_type,80,0.9875,0.9328,0.085,0.0255,0.9337,0.0625,,,0,0.0,91.4,36.4,522.4,/Users/admin/Code/typed-decision-bench/output/laya_stats.jsonl,254
laya,reading_level,80,0.425,0.4592,1.0721,0.6237,0.6333,0.3155,0.6403,0.675,0,0.0,37.6,36.4,46.0,/Users/admin/Code/typed-decision-bench/output/laya_stats.jsonl,255
laya,insurance_claim_priority,80,0.2625,0.331,1.4547,0.7619,0.5557,0.3977,0.8653,0.5375,0,0.0,39.1,36.3,59.5,/Users/admin/Code/typed-decision-bench/output/laya_stats.jsonl,256
laya,symptom_triage,80,0.2375,0.3428,1.2572,0.7536,0.5645,0.327,0.7543,0.7375,0,0.0,35.7,34.8,40.2,/Users/admin/Code/typed-decision-bench/output/laya_stats.jsonl,257
laya,delivery_exception,80,0.925,0.8089,0.258,0.114,0.8134,0.1219,,,0,0.0,37.1,36.1,43.3,/Users/admin/Code/typed-decision-bench/output/laya_stats.jsonl,258
laya,city_service_request,80,0.825,0.535,0.7505,0.3506,0.5625,0.2833,,,0,0.0,36.3,36.0,39.2,/Users/admin/Code/typed-decision-bench/output/laya_stats.jsonl,259
laya,ad_policy_violation,80,0.825,0.7696,0.3578,0.2303,0.8392,0.0634,,,0,0.0,35.0,34.6,38.5,/Users/admin/Code/typed-decision-bench/output/laya_stats.jsonl,260
laya,fair_housing_violation,80,0.5,0.6041,0.7826,0.5996,0.8744,0.3744,,,0,0.0,36.0,35.2,41.0,/Users/admin/Code/typed-decision-bench/output/laya_stats.jsonl,261
laya,contract_clause_type,80,0.8875,0.718,0.4066,0.1772,0.7292,0.2083,,,0,0.0,37.1,35.7,43.2,/Users/admin/Code/typed-decision-bench/output/laya_stats.jsonl,262
laya,voice_assistant_intent,80,0.8125,0.5493,0.7245,0.3495,0.571,0.2481,,,0,0.0,36.3,35.7,41.9,/Users/admin/Code/typed-decision-bench/output/laya_stats.jsonl,263
laya,grammar_issue,80,0.1375,0.1835,1.7895,0.8813,0.3551,0.2176,,,0,0.0,37.1,35.8,42.7,/Users/admin/Code/typed-decision-bench/output/laya_stats.jsonl,264
laya,action_item_assignment,80,0.525,0.5688,0.6528,0.4763,0.7119,0.2705,,,0,0.0,35.8,35.1,39.0,/Users/admin/Code/typed-decision-bench/output/laya_stats.jsonl,265
laya,suspicious_transaction,80,0.75,0.6945,0.4496,0.3019,0.7732,0.1269,,,0,0.0,36.2,35.5,40.8,/Users/admin/Code/typed-decision-bench/output/laya_stats.jsonl,266
laya,return_reason,80,0.625,0.4459,0.9611,0.4703,0.5127,0.196,,,0,0.0,37.3,36.3,43.1,/Users/admin/Code/typed-decision-bench/output/laya_stats.jsonl,267
laya,allergen_present,80,0.5625,0.5783,0.7721,0.5609,0.8057,0.303,,,0,0.0,35.3,35.0,38.5,/Users/admin/Code/typed-decision-bench/output/laya_stats.jsonl,268
laya,home_service_routing,80,0.9,0.4604,0.8368,0.4111,0.4689,0.4311,,,0,0.0,37.4,36.6,41.7,/Users/admin/Code/typed-decision-bench/output/laya_stats.jsonl,269
laya,gaming_report_type,80,0.825,0.5027,0.7562,0.3677,0.5131,0.3119,,,0,0.0,37.0,35.8,46.9,/Users/admin/Code/typed-decision-bench/output/laya_stats.jsonl,270
laya,warranty_claim_eligible,80,0.55,0.5628,0.6534,0.4694,0.6895,0.1633,,,0,0.0,37.0,35.8,40.9,/Users/admin/Code/typed-decision-bench/output/laya_stats.jsonl,271
laya,weather_alert_severity,80,0.675,0.4523,1.0638,0.5092,0.5499,0.239,0.7041,0.8,0,0.0,35.8,35.3,40.4,/Users/admin/Code/typed-decision-bench/output/laya_stats.jsonl,272
laya,content_type,80,0.6125,0.4664,0.91,0.4929,0.5689,0.1429,,,0,0.0,36.8,36.1,40.9,/Users/admin/Code/typed-decision-bench/output/laya_stats.jsonl,273
laya,veterinary_triage,80,0.4375,0.3959,1.091,0.6365,0.5345,0.184,0.6637,0.8125,0,0.0,36.9,36.6,41.0,/Users/admin/Code/typed-decision-bench/output/laya_stats.jsonl,274
laya,gpqa_diamond,81,0.4321,0.3077,1.2725,0.6803,0.3851,0.0768,,,0,0.0,39.2,37.9,46.3,/Users/admin/Code/typed-decision-bench/output/laya_stats.jsonl,275
laya,micro,22001,0.5255,0.467,1.2487,0.6382,0.6741,0.1492,0.8679,0.6385,0,0.0,37.7,36.7,43.2,/Users/admin/Code/typed-decision-bench/output/laya_stats.jsonl,276
openjev-qwen3.5-4b,hard_reasoning,80,0.2625,0.2945,1.4684,0.7691,0.4646,0.2189,,,0,0.0,81.4,65.2,146.4,/Users/admin/Code/typed-decision-bench/output/openjev-qwen3.5-4b_stats.jsonl,1
openjev-qwen3.5-4b,math_quantitative_decisions,80,0.3375,0.3314,1.3482,0.7464,0.5303,0.2147,,,0,0.0,61.0,58.7,72.3,/Users/admin/Code/typed-decision-bench/output/openjev-qwen3.5-4b_stats.jsonl,2
openjev-qwen3.5-4b,oos_abstention_ambiguity,80,0.7375,0.6429,0.8075,0.4043,0.7816,0.1297,,,0,0.0,61.0,59.7,70.7,/Users/admin/Code/typed-decision-bench/output/openjev-qwen3.5-4b_stats.jsonl,3
openjev-qwen3.5-4b,pii_sensitive_data_classification,80,0.975,0.9401,0.1064,0.0524,0.9587,0.0247,,,0,0.0,68.4,65.5,86.0,/Users/admin/Code/typed-decision-bench/output/openjev-qwen3.5-4b_stats.jsonl,4
openjev-qwen3.5-4b,routing_intent_support_priority,80,0.925,0.8948,0.2284,0.095,0.9233,0.0573,0.4999,0.8421,0,0.0,73.0,71.9,101.0,/Users/admin/Code/typed-decision-bench/output/openjev-qwen3.5-4b_stats.jsonl,5
openjev-qwen3.5-4b,rule_following_formal_logic,80,0.825,0.7022,0.6045,0.3268,0.8195,0.1508,,,0,0.0,64.6,63.7,71.9,/Users/admin/Code/typed-decision-bench/output/openjev-qwen3.5-4b_stats.jsonl,6
openjev-qwen3.5-4b,security_policy_risk,80,0.825,0.7752,0.4466,0.2486,0.854,0.0915,0.5407,0.8333,0,0.0,61.2,59.5,72.4,/Users/admin/Code/typed-decision-bench/output/openjev-qwen3.5-4b_stats.jsonl,7
openjev-qwen3.5-4b,structured_schema_decisions,80,0.9375,0.8607,0.2247,0.1077,0.8857,0.0624,,,0,0.0,64.6,62.5,78.8,/Users/admin/Code/typed-decision-bench/output/openjev-qwen3.5-4b_stats.jsonl,8
openjev-qwen3.5-4b,tool_action_selection,80,0.925,0.858,0.2916,0.1265,0.8968,0.0419,,,0,0.0,284.3,230.0,615.1,/Users/admin/Code/typed-decision-bench/output/openjev-qwen3.5-4b_stats.jsonl,9
openjev-qwen3.5-4b,typed_jev_native_replay,80,0.825,0.8057,0.4383,0.2323,0.8891,0.0916,0.6471,0.7308,0,0.0,117.0,78.8,308.2,/Users/admin/Code/typed-decision-bench/output/openjev-qwen3.5-4b_stats.jsonl,10
openjev-qwen3.5-4b,code_quality_judgements,80,0.875,0.8457,0.2876,0.1872,0.9221,0.0852,0.0276,1.0,0,0.0,59.9,57.8,71.2,/Users/admin/Code/typed-decision-bench/output/openjev-qwen3.5-4b_stats.jsonl,11
openjev-qwen3.5-4b,program_behavior_prediction,80,0.925,0.7897,0.3108,0.1508,0.8126,0.1145,,,0,0.0,62.2,58.6,79.2,/Users/admin/Code/typed-decision-bench/output/openjev-qwen3.5-4b_stats.jsonl,12
openjev-qwen3.5-4b,code_requirement_satisfaction,80,0.5,0.464,1.3144,0.721,0.7519,0.2939,,,0,0.0,60.8,59.1,69.5,/Users/admin/Code/typed-decision-bench/output/openjev-qwen3.5-4b_stats.jsonl,13
openjev-qwen3.5-4b,patch_diff_correctness,80,0.475,0.4494,3.1384,1.0099,0.9496,0.5047,,,0,0.0,64.0,62.4,69.9,/Users/admin/Code/typed-decision-bench/output/openjev-qwen3.5-4b_stats.jsonl,14
openjev-qwen3.5-4b,test_quality_and_adequacy,80,0.5,0.4885,1.0848,0.6138,0.6975,0.1986,,,0,0.0,64.2,60.6,94.8,/Users/admin/Code/typed-decision-bench/output/openjev-qwen3.5-4b_stats.jsonl,15
openjev-qwen3.5-4b,api_contract_compatibility,80,0.4375,0.4035,1.6132,0.7849,0.7224,0.2931,,,0,0.0,63.3,62.5,67.9,/Users/admin/Code/typed-decision-bench/output/openjev-qwen3.5-4b_stats.jsonl,16
openjev-qwen3.5-4b,dependency_api_existence_judgements,80,0.7125,0.7021,0.6913,0.4355,0.9007,0.2026,,,0,0.0,60.8,59.0,69.4,/Users/admin/Code/typed-decision-bench/output/openjev-qwen3.5-4b_stats.jsonl,17
openjev-qwen3.5-4b,version_compatibility,80,0.875,0.8559,0.2138,0.1303,0.8893,0.0741,,,0,0.0,60.3,58.9,67.0,/Users/admin/Code/typed-decision-bench/output/openjev-qwen3.5-4b_stats.jsonl,18
openjev-qwen3.5-4b,environment_portability_judgements,80,0.9625,0.8884,0.1455,0.0597,0.8969,0.0925,,,0,0.0,61.1,59.5,71.2,/Users/admin/Code/typed-decision-bench/output/openjev-qwen3.5-4b_stats.jsonl,19
openjev-qwen3.5-4b,concurrency_correctness,80,0.9875,0.9164,0.0925,0.0232,0.9187,0.0834,,,0,0.0,60.0,59.1,64.5,/Users/admin/Code/typed-decision-bench/output/openjev-qwen3.5-4b_stats.jsonl,20
openjev-qwen3.5-4b,idempotency_judgements,80,0.8,0.7452,0.495,0.2454,0.8158,0.1426,,,0,0.0,59.9,58.9,64.1,/Users/admin/Code/typed-decision-bench/output/openjev-qwen3.5-4b_stats.jsonl,21
openjev-qwen3.5-4b,error_handling_quality,80,0.825,0.7435,0.5247,0.2635,0.8436,0.1207,,,0,0.0,59.8,59.4,64.1,/Users/admin/Code/typed-decision-bench/output/openjev-qwen3.5-4b_stats.jsonl,22
openjev-qwen3.5-4b,algorithm_data_structure_appropriateness,80,0.7375,0.691,0.8621,0.4578,0.9109,0.1734,,,0,0.0,59.1,58.6,62.6,/Users/admin/Code/typed-decision-bench/output/openjev-qwen3.5-4b_stats.jsonl,23
openjev-qwen3.5-4b,complexity_estimation,80,1.0,0.954,0.0509,0.0135,0.954,0.046,,,0,0.0,60.1,59.8,62.7,/Users/admin/Code/typed-decision-bench/output/openjev-qwen3.5-4b_stats.jsonl,24
openjev-qwen3.5-4b,performance_bottleneck_attribution,80,0.875,0.8294,0.2467,0.1254,0.861,0.1441,,,0,0.0,60.8,60.2,65.4,/Users/admin/Code/typed-decision-bench/output/openjev-qwen3.5-4b_stats.jsonl,25
openjev-qwen3.5-4b,parallelization_suitability,80,0.7,0.554,0.7686,0.4229,0.6706,0.0741,,,0,0.0,59.9,59.0,66.7,/Users/admin/Code/typed-decision-bench/output/openjev-qwen3.5-4b_stats.jsonl,26
openjev-qwen3.5-4b,database_query_reasoning,80,0.7875,0.7637,0.4161,0.2168,0.8112,0.109,,,0,0.0,63.8,62.3,71.9,/Users/admin/Code/typed-decision-bench/output/openjev-qwen3.5-4b_stats.jsonl,27
openjev-qwen3.5-4b,regex_pattern_correctness,80,0.4625,0.4628,1.1801,0.6188,0.6534,0.2407,,,0,0.0,59.9,59.0,67.2,/Users/admin/Code/typed-decision-bench/output/openjev-qwen3.5-4b_stats.jsonl,28
openjev-qwen3.5-4b,state_machine_correctness,80,0.375,0.369,2.4399,1.1203,0.9231,0.5481,,,0,0.0,59.6,58.7,66.6,/Users/admin/Code/typed-decision-bench/output/openjev-qwen3.5-4b_stats.jsonl,29
openjev-qwen3.5-4b,serialization_compatibility,80,0.7,0.6596,0.5766,0.3157,0.7277,0.1161,,,0,0.0,63.2,61.4,73.7,/Users/admin/Code/typed-decision-bench/output/openjev-qwen3.5-4b_stats.jsonl,30
openjev-qwen3.5-4b,data_migration_correctness,80,0.7125,0.6407,0.7705,0.3598,0.7256,0.1126,,,0,0.0,59.9,59.2,64.9,/Users/admin/Code/typed-decision-bench/output/openjev-qwen3.5-4b_stats.jsonl,31
openjev-qwen3.5-4b,distributed_systems_consistency,80,0.5875,0.4937,1.0848,0.4945,0.6015,0.1528,,,0,0.0,75.2,63.3,129.8,/Users/admin/Code/typed-decision-bench/output/openjev-qwen3.5-4b_stats.jsonl,32
openjev-qwen3.5-4b,cache_correctness,80,0.3875,0.2963,1.7564,0.8061,0.5362,0.2018,,,0,0.0,67.0,62.0,104.1,/Users/admin/Code/typed-decision-bench/output/openjev-qwen3.5-4b_stats.jsonl,33
openjev-qwen3.5-4b,observability_adequacy,80,0.675,0.4962,0.9747,0.4929,0.6282,0.1503,,,0,0.0,59.8,59.2,63.7,/Users/admin/Code/typed-decision-bench/output/openjev-qwen3.5-4b_stats.jsonl,34
openjev-qwen3.5-4b,log_event_sequence_diagnosis,80,1.0,0.957,0.047,0.0106,0.957,0.043,,,0,0.0,63.0,61.1,72.7,/Users/admin/Code/typed-decision-bench/output/openjev-qwen3.5-4b_stats.jsonl,35
openjev-qwen3.5-4b,configuration_correctness,80,0.6625,0.6287,0.6767,0.4374,0.7783,0.2018,,,0,0.0,63.9,61.9,77.0,/Users/admin/Code/typed-decision-bench/output/openjev-qwen3.5-4b_stats.jsonl,36
openjev-qwen3.5-4b,command_line_semantics,80,0.7875,0.718,0.5046,0.2873,0.8059,0.0954,,,0,0.0,62.8,62.2,66.6,/Users/admin/Code/typed-decision-bench/output/openjev-qwen3.5-4b_stats.jsonl,37
openjev-qwen3.5-4b,open_source_license_compatibility,80,0.6,0.5761,0.8211,0.4693,0.7269,0.1517,,,0,0.0,61.3,60.5,69.8,/Users/admin/Code/typed-decision-bench/output/openjev-qwen3.5-4b_stats.jsonl,38
openjev-qwen3.5-4b,accessibility_semantics_from_source,80,0.6375,0.5643,1.1821,0.5617,0.8007,0.2147,,,0,0.0,60.8,60.0,66.6,/Users/admin/Code/typed-decision-bench/output/openjev-qwen3.5-4b_stats.jsonl,39
openjev-qwen3.5-4b,graph_logic,80,0.3625,0.3967,2.1133,1.0356,0.8902,0.5277,,,0,0.0,63.9,62.0,75.2,/Users/admin/Code/typed-decision-bench/output/openjev-qwen3.5-4b_stats.jsonl,40
openjev-qwen3.5-4b,graph_knowledge,80,1.0,0.9963,0.0038,0.0,0.9963,0.0037,,,0,0.0,59.6,59.1,64.7,/Users/admin/Code/typed-decision-bench/output/openjev-qwen3.5-4b_stats.jsonl,41
openjev-qwen3.5-4b,ontology_taxonomy_consistency,80,0.45,0.3953,1.7718,0.7806,0.6869,0.2369,,,0,0.0,62.7,61.7,67.0,/Users/admin/Code/typed-decision-bench/output/openjev-qwen3.5-4b_stats.jsonl,42
openjev-qwen3.5-4b,graph_path_relevance,80,0.7625,0.7161,0.4532,0.2916,0.7992,0.1171,,,0,0.0,59.2,58.6,64.4,/Users/admin/Code/typed-decision-bench/output/openjev-qwen3.5-4b_stats.jsonl,43
openjev-qwen3.5-4b,temporal_graph_consistency,80,0.75,0.7412,0.492,0.3483,0.8938,0.1978,,,0,0.0,58.5,57.8,63.1,/Users/admin/Code/typed-decision-bench/output/openjev-qwen3.5-4b_stats.jsonl,44
openjev-qwen3.5-4b,causal_chain_validation,80,0.825,0.8058,0.392,0.2089,0.8691,0.0884,,,0,0.0,59.7,58.5,66.7,/Users/admin/Code/typed-decision-bench/output/openjev-qwen3.5-4b_stats.jsonl,45
openjev-qwen3.5-4b,root_cause_attribution,80,0.725,0.6941,0.4883,0.3132,0.7904,0.1498,,,0,0.0,64.1,61.6,81.8,/Users/admin/Code/typed-decision-bench/output/openjev-qwen3.5-4b_stats.jsonl,46
openjev-qwen3.5-4b,evidence_provenance,80,0.6375,0.6416,0.6504,0.4483,0.8017,0.1879,,,0,0.0,59.0,58.5,63.6,/Users/admin/Code/typed-decision-bench/output/openjev-qwen3.5-4b_stats.jsonl,47
openjev-qwen3.5-4b,source_reliability_in_context,80,1.0,0.989,0.0112,0.0005,0.989,0.011,,,0,0.0,57.8,56.8,65.8,/Users/admin/Code/typed-decision-bench/output/openjev-qwen3.5-4b_stats.jsonl,48
openjev-qwen3.5-4b,semantic_similarity_and_factual_correctness,80,0.8125,0.8007,0.4694,0.2888,0.9292,0.1501,,,0,0.0,60.0,59.3,66.5,/Users/admin/Code/typed-decision-bench/output/openjev-qwen3.5-4b_stats.jsonl,49
openjev-qwen3.5-4b,summary_completeness,80,0.775,0.6845,0.5491,0.3454,0.7887,0.1322,,,0,0.0,58.9,58.6,61.5,/Users/admin/Code/typed-decision-bench/output/openjev-qwen3.5-4b_stats.jsonl,50
openjev-qwen3.5-4b,claim_entailment,80,0.225,0.3064,1.9114,1.1297,0.8434,0.6193,,,0,0.0,62.5,61.4,70.2,/Users/admin/Code/typed-decision-bench/output/openjev-qwen3.5-4b_stats.jsonl,51
openjev-qwen3.5-4b,unknown_known_state_classification,80,0.975,0.9101,0.1253,0.0533,0.9272,0.0605,,,0,0.0,58.8,58.4,62.8,/Users/admin/Code/typed-decision-bench/output/openjev-qwen3.5-4b_stats.jsonl,52
openjev-qwen3.5-4b,answerability_from_provided_context,80,0.85,0.7923,0.4324,0.2277,0.8738,0.1284,,,0,0.0,60.3,59.2,65.8,/Users/admin/Code/typed-decision-bench/output/openjev-qwen3.5-4b_stats.jsonl,53
openjev-qwen3.5-4b,evidence_sufficiency,80,1.0,0.9917,0.0083,0.0002,0.9917,0.0083,,,0,0.0,57.8,56.9,62.0,/Users/admin/Code/typed-decision-bench/output/openjev-qwen3.5-4b_stats.jsonl,54
openjev-qwen3.5-4b,fact_vs_inference_classification,80,0.7625,0.7577,0.9163,0.4096,0.9574,0.1949,,,0,0.0,59.5,58.5,64.0,/Users/admin/Code/typed-decision-bench/output/openjev-qwen3.5-4b_stats.jsonl,55
openjev-qwen3.5-4b,hallucination_detection,80,0.75,0.7673,0.5151,0.3389,0.9247,0.2054,,,0,0.0,60.0,59.4,67.1,/Users/admin/Code/typed-decision-bench/output/openjev-qwen3.5-4b_stats.jsonl,56
openjev-qwen3.5-4b,topic_keyword_fidelity,80,1.0,0.948,0.0567,0.0126,0.948,0.052,,,0,0.0,57.5,56.6,61.1,/Users/admin/Code/typed-decision-bench/output/openjev-qwen3.5-4b_stats.jsonl,57
openjev-qwen3.5-4b,information_retrieval_relevance,80,1.0,0.9556,0.0462,0.0054,0.9556,0.0444,,,0,0.0,59.5,58.6,65.3,/Users/admin/Code/typed-decision-bench/output/openjev-qwen3.5-4b_stats.jsonl,58
openjev-qwen3.5-4b,recommendation_reranking_quality,80,0.7375,0.6542,0.8198,0.4382,0.8301,0.1678,,,0,0.0,205.4,216.7,293.4,/Users/admin/Code/typed-decision-bench/output/openjev-qwen3.5-4b_stats.jsonl,59
openjev-qwen3.5-4b,entity_resolution,80,0.675,0.7365,0.4608,0.349,0.8842,0.2635,,,0,0.0,91.9,59.4,257.7,/Users/admin/Code/typed-decision-bench/output/openjev-qwen3.5-4b_stats.jsonl,60
openjev-qwen3.5-4b,record_deduplication,80,0.3875,0.3843,1.9488,0.8625,0.7479,0.3696,,,0,0.0,62.6,61.9,67.6,/Users/admin/Code/typed-decision-bench/output/openjev-qwen3.5-4b_stats.jsonl,61
openjev-qwen3.5-4b,cross_document_reconciliation,80,1.0,0.9935,0.0066,0.0001,0.9935,0.0065,,,0,0.0,64.5,61.9,77.7,/Users/admin/Code/typed-decision-bench/output/openjev-qwen3.5-4b_stats.jsonl,62
openjev-qwen3.5-4b,document_consistency,80,0.575,0.5085,1.1902,0.5996,0.7344,0.1594,,,0,0.0,63.3,61.8,71.8,/Users/admin/Code/typed-decision-bench/output/openjev-qwen3.5-4b_stats.jsonl,63
openjev-qwen3.5-4b,booking_accounting_mapping,80,0.95,0.9063,0.1525,0.0755,0.9217,0.0424,,,0,0.0,61.2,60.2,64.7,/Users/admin/Code/typed-decision-bench/output/openjev-qwen3.5-4b_stats.jsonl,64
openjev-qwen3.5-4b,accounting_reasonableness,80,0.475,0.4555,1.5435,0.8617,0.8552,0.3967,,,0,0.0,59.5,58.9,65.0,/Users/admin/Code/typed-decision-bench/output/openjev-qwen3.5-4b_stats.jsonl,65
openjev-qwen3.5-4b,invoice_anomaly_detection,80,0.825,0.7629,0.4211,0.2403,0.8421,0.0827,,,0,0.0,60.0,59.0,64.1,/Users/admin/Code/typed-decision-bench/output/openjev-qwen3.5-4b_stats.jsonl,66
openjev-qwen3.5-4b,fraud_scam_likelihood,80,0.4375,0.3442,1.1433,0.6434,0.4266,0.0943,0.6804,0.7625,0,0.0,61.8,61.5,64.3,/Users/admin/Code/typed-decision-bench/output/openjev-qwen3.5-4b_stats.jsonl,67
openjev-qwen3.5-4b,transaction_anomaly_detection,80,0.8375,0.721,0.3754,0.2166,0.7481,0.1036,,,0,0.0,60.0,58.8,67.5,/Users/admin/Code/typed-decision-bench/output/openjev-qwen3.5-4b_stats.jsonl,68
openjev-qwen3.5-4b,commercial_price_plausibility,80,0.875,0.8678,0.2397,0.1586,0.9275,0.0704,,,0,0.0,60.3,58.9,67.9,/Users/admin/Code/typed-decision-bench/output/openjev-qwen3.5-4b_stats.jsonl,69
openjev-qwen3.5-4b,budget_consistency,80,0.6375,0.5685,0.6613,0.4689,0.7167,0.1174,,,0,0.0,60.9,58.6,67.7,/Users/admin/Code/typed-decision-bench/output/openjev-qwen3.5-4b_stats.jsonl,70
openjev-qwen3.5-4b,resource_planning,80,0.35,0.297,1.3935,0.7594,0.4626,0.1259,,,0,0.0,60.9,59.1,68.8,/Users/admin/Code/typed-decision-bench/output/openjev-qwen3.5-4b_stats.jsonl,71
openjev-qwen3.5-4b,capacity_planning,80,0.275,0.2641,1.5071,0.8184,0.4866,0.2214,,,0,0.0,60.5,59.5,66.7,/Users/admin/Code/typed-decision-bench/output/openjev-qwen3.5-4b_stats.jsonl,72
openjev-qwen3.5-4b,inventory_decisions,80,0.5875,0.5303,0.8274,0.553,0.7189,0.2428,,,0,0.0,59.0,58.2,64.2,/Users/admin/Code/typed-decision-bench/output/openjev-qwen3.5-4b_stats.jsonl,73
openjev-qwen3.5-4b,scheduling_feasibility,80,0.6375,0.5529,0.628,0.4382,0.6258,0.0707,,,0,0.0,58.9,58.3,63.0,/Users/admin/Code/typed-decision-bench/output/openjev-qwen3.5-4b_stats.jsonl,74
openjev-qwen3.5-4b,prioritization_under_constraints,80,0.7875,0.7189,0.4901,0.2668,0.7955,0.0884,,,0,0.0,340.1,333.2,564.0,/Users/admin/Code/typed-decision-bench/output/openjev-qwen3.5-4b_stats.jsonl,75
openjev-qwen3.5-4b,pareto_optimal_decision_taking,80,0.75,0.5635,0.5843,0.3938,0.5875,0.1734,,,0,0.0,276.6,266.9,545.6,/Users/admin/Code/typed-decision-bench/output/openjev-qwen3.5-4b_stats.jsonl,76
openjev-qwen3.5-4b,expected_utility_decisions,80,0.3625,0.4068,1.3923,0.8161,0.7294,0.3924,,,0,0.0,189.8,195.5,261.6,/Users/admin/Code/typed-decision-bench/output/openjev-qwen3.5-4b_stats.jsonl,77
openjev-qwen3.5-4b,bayesian_evidence_updating,80,0.5125,0.5688,0.7069,0.527,0.7443,0.2402,,,0,0.0,87.2,59.8,229.6,/Users/admin/Code/typed-decision-bench/output/openjev-qwen3.5-4b_stats.jsonl,78
openjev-qwen3.5-4b,game_theory_judgements,80,0.5375,0.5891,0.6062,0.4263,0.682,0.2106,,,0,0.0,60.7,59.2,73.7,/Users/admin/Code/typed-decision-bench/output/openjev-qwen3.5-4b_stats.jsonl,79
openjev-qwen3.5-4b,adversarial_agent_reasoning,80,1.0,0.9155,0.0915,0.0204,0.9155,0.0845,,,0,0.0,60.0,59.1,66.8,/Users/admin/Code/typed-decision-bench/output/openjev-qwen3.5-4b_stats.jsonl,80
openjev-qwen3.5-4b,negotiation_judgements,80,0.6375,0.4929,0.9042,0.5053,0.6282,0.1267,,,0,0.0,59.9,58.9,67.8,/Users/admin/Code/typed-decision-bench/output/openjev-qwen3.5-4b_stats.jsonl,81
openjev-qwen3.5-4b,probability_support_judgement,80,0.275,0.353,1.8003,1.1117,0.8804,0.6054,,,0,0.0,58.9,57.9,64.9,/Users/admin/Code/typed-decision-bench/output/openjev-qwen3.5-4b_stats.jsonl,82
openjev-qwen3.5-4b,probability_calibration_language,80,0.85,0.7477,0.3922,0.2218,0.8028,0.0958,,,0,0.0,62.9,61.8,71.2,/Users/admin/Code/typed-decision-bench/output/openjev-qwen3.5-4b_stats.jsonl,83
openjev-qwen3.5-4b,forecast_consistency,80,0.6125,0.6416,0.6857,0.4848,0.8493,0.2565,,,0,0.0,63.2,58.5,98.1,/Users/admin/Code/typed-decision-bench/output/openjev-qwen3.5-4b_stats.jsonl,84
openjev-qwen3.5-4b,counterfactual_plausibility,80,0.7625,0.7012,0.7671,0.4429,0.9122,0.2326,,,0,0.0,58.4,57.7,63.5,/Users/admin/Code/typed-decision-bench/output/openjev-qwen3.5-4b_stats.jsonl,85
openjev-qwen3.5-4b,base_rate_awareness,80,0.5,0.4348,0.9055,0.5434,0.5073,0.1132,,,0,0.0,58.7,58.4,62.1,/Users/admin/Code/typed-decision-bench/output/openjev-qwen3.5-4b_stats.jsonl,86
openjev-qwen3.5-4b,sampling_statistical_interpretation,80,0.8625,0.8227,0.2505,0.1489,0.8491,0.0774,,,0,0.0,64.9,60.1,107.8,/Users/admin/Code/typed-decision-bench/output/openjev-qwen3.5-4b_stats.jsonl,87
openjev-qwen3.5-4b,unit_understanding,80,0.45,0.3597,1.4752,0.7672,0.5994,0.1554,,,0,0.0,59.2,58.0,66.6,/Users/admin/Code/typed-decision-bench/output/openjev-qwen3.5-4b_stats.jsonl,88
openjev-qwen3.5-4b,dimensional_consistency,80,1.0,0.9092,0.1138,0.0666,0.9092,0.0908,,,0,0.0,56.5,55.9,59.6,/Users/admin/Code/typed-decision-bench/output/openjev-qwen3.5-4b_stats.jsonl,89
openjev-qwen3.5-4b,order_of_magnitude_reasoning,80,0.675,0.6528,0.5901,0.3906,0.7881,0.1506,,,0,0.0,58.6,58.3,60.5,/Users/admin/Code/typed-decision-bench/output/openjev-qwen3.5-4b_stats.jsonl,90
openjev-qwen3.5-4b,scale_plausibility,80,1.0,0.9706,0.0308,0.005,0.9706,0.0294,,,0,0.0,57.2,56.7,60.3,/Users/admin/Code/typed-decision-bench/output/openjev-qwen3.5-4b_stats.jsonl,91
openjev-qwen3.5-4b,geometry_and_embodied_navigation,80,0.4125,0.3692,1.0908,0.6393,0.502,0.1289,,,0,0.0,158.6,67.8,447.0,/Users/admin/Code/typed-decision-bench/output/openjev-qwen3.5-4b_stats.jsonl,92
openjev-qwen3.5-4b,spatial_relation_reasoning,80,0.675,0.566,0.9718,0.4118,0.6588,0.1248,,,0,0.0,66.4,64.5,80.1,/Users/admin/Code/typed-decision-bench/output/openjev-qwen3.5-4b_stats.jsonl,93
openjev-qwen3.5-4b,route_feasibility,80,0.475,0.4415,1.073,0.6619,0.6641,0.2031,,,0,0.0,102.1,95.2,141.7,/Users/admin/Code/typed-decision-bench/output/openjev-qwen3.5-4b_stats.jsonl,94
openjev-qwen3.5-4b,embodied_affordances,80,0.8375,0.8053,0.3281,0.2388,0.8924,0.1664,,,0,0.0,61.3,56.9,85.3,/Users/admin/Code/typed-decision-bench/output/openjev-qwen3.5-4b_stats.jsonl,95
openjev-qwen3.5-4b,physical_commonsense,80,1.0,0.954,0.0499,0.0136,0.954,0.046,,,0,0.0,57.1,56.7,60.7,/Users/admin/Code/typed-decision-bench/output/openjev-qwen3.5-4b_stats.jsonl,96
openjev-qwen3.5-4b,mechanical_system_reasoning,80,0.5125,0.4736,1.6238,0.7563,0.8026,0.3306,,,0,0.0,110.1,109.9,121.9,/Users/admin/Code/typed-decision-bench/output/openjev-qwen3.5-4b_stats.jsonl,97
openjev-qwen3.5-4b,object_permanence_state_tracking,80,0.9875,0.9644,0.0421,0.0169,0.9659,0.0247,,,0,0.0,61.2,58.6,77.9,/Users/admin/Code/typed-decision-bench/output/openjev-qwen3.5-4b_stats.jsonl,98
openjev-qwen3.5-4b,temporal_ordering,80,0.4625,0.4908,1.4673,0.844,0.8816,0.4191,,,0,0.0,66.2,65.3,71.5,/Users/admin/Code/typed-decision-bench/output/openjev-qwen3.5-4b_stats.jsonl,99
openjev-qwen3.5-4b,calendar_time_zone_understanding,80,0.625,0.4797,0.8255,0.5311,0.5791,0.1976,,,0,0.0,60.7,58.1,74.2,/Users/admin/Code/typed-decision-bench/output/openjev-qwen3.5-4b_stats.jsonl,100
openjev-qwen3.5-4b,historical_fact_verification,80,1.0,0.9775,0.023,0.0019,0.9775,0.0225,,,0,0.0,57.2,56.1,62.5,/Users/admin/Code/typed-decision-bench/output/openjev-qwen3.5-4b_stats.jsonl,101
openjev-qwen3.5-4b,historical_anachronism_detection,80,0.6625,0.654,0.4885,0.335,0.7357,0.2084,,,0,0.0,56.9,56.5,60.2,/Users/admin/Code/typed-decision-bench/output/openjev-qwen3.5-4b_stats.jsonl,102
openjev-qwen3.5-4b,geographical_consistency,80,0.95,0.8729,0.1635,0.0968,0.876,0.074,,,0,0.0,57.5,56.6,64.3,/Users/admin/Code/typed-decision-bench/output/openjev-qwen3.5-4b_stats.jsonl,103
openjev-qwen3.5-4b,weather_state_interpretation,80,0.85,0.7862,0.5029,0.2793,0.901,0.1137,,,0,0.0,59.3,58.3,64.9,/Users/admin/Code/typed-decision-bench/output/openjev-qwen3.5-4b_stats.jsonl,104
openjev-qwen3.5-4b,scientific_hypothesis_plausibility,80,0.975,0.8056,0.238,0.1148,0.8071,0.1679,,,0,0.0,59.0,57.9,66.3,/Users/admin/Code/typed-decision-bench/output/openjev-qwen3.5-4b_stats.jsonl,105
openjev-qwen3.5-4b,experimental_design_judgement,80,0.7125,0.6578,0.6139,0.3303,0.7289,0.1269,,,0,0.0,58.8,58.2,64.0,/Users/admin/Code/typed-decision-bench/output/openjev-qwen3.5-4b_stats.jsonl,106
openjev-qwen3.5-4b,measurement_uncertainty_reasoning,80,0.3875,0.4799,0.8631,0.6563,0.7269,0.3549,,,0,0.0,59.3,58.4,67.0,/Users/admin/Code/typed-decision-bench/output/openjev-qwen3.5-4b_stats.jsonl,107
openjev-qwen3.5-4b,biological_system_reasoning,80,1.0,0.9764,0.0243,0.0027,0.9764,0.0236,,,0,0.0,57.4,56.5,62.0,/Users/admin/Code/typed-decision-bench/output/openjev-qwen3.5-4b_stats.jsonl,108
openjev-qwen3.5-4b,biological_signal_understanding,80,0.975,0.8822,0.1488,0.0658,0.8828,0.1019,,,0,0.0,58.7,58.2,62.9,/Users/admin/Code/typed-decision-bench/output/openjev-qwen3.5-4b_stats.jsonl,109
openjev-qwen3.5-4b,medical_differential_reasoning_benchmarks,80,1.0,0.9876,0.0125,0.0007,0.9876,0.0124,,,0,0.0,58.0,56.7,66.0,/Users/admin/Code/typed-decision-bench/output/openjev-qwen3.5-4b_stats.jsonl,110
openjev-qwen3.5-4b,medical_chronology_consistency,80,1.0,0.9591,0.0438,0.0105,0.9591,0.0409,,,0,0.0,57.6,57.2,60.7,/Users/admin/Code/typed-decision-bench/output/openjev-qwen3.5-4b_stats.jsonl,111
openjev-qwen3.5-4b,translation_correctness,80,0.85,0.8022,0.4628,0.2198,0.8879,0.0702,,,0,0.0,60.7,59.5,66.5,/Users/admin/Code/typed-decision-bench/output/openjev-qwen3.5-4b_stats.jsonl,112
openjev-qwen3.5-4b,grammar_judgement,80,1.0,0.9377,0.0832,0.0383,0.9377,0.0623,,,0,0.0,59.5,58.8,64.1,/Users/admin/Code/typed-decision-bench/output/openjev-qwen3.5-4b_stats.jsonl,113
openjev-qwen3.5-4b,glossary_adherence,80,0.8875,0.9186,0.1281,0.0962,0.9521,0.0814,,,0,0.0,57.0,56.2,60.6,/Users/admin/Code/typed-decision-bench/output/openjev-qwen3.5-4b_stats.jsonl,114
openjev-qwen3.5-4b,synonym_semantic_substitution_scoring,80,0.5875,0.5669,1.1442,0.5482,0.7555,0.1922,,,0,0.0,59.6,58.8,64.4,/Users/admin/Code/typed-decision-bench/output/openjev-qwen3.5-4b_stats.jsonl,115
openjev-qwen3.5-4b,word_sense_disambiguation,80,1.0,0.9919,0.0083,0.0009,0.9919,0.0081,,,0,0.0,57.7,56.9,62.9,/Users/admin/Code/typed-decision-bench/output/openjev-qwen3.5-4b_stats.jsonl,116
openjev-qwen3.5-4b,language_dialect_identification,80,0.9875,0.968,0.0432,0.0185,0.9703,0.0287,,,0,0.0,63.0,62.1,67.2,/Users/admin/Code/typed-decision-bench/output/openjev-qwen3.5-4b_stats.jsonl,117
openjev-qwen3.5-4b,code_switch_understanding,80,0.5375,0.5321,0.9735,0.5522,0.728,0.2216,,,0,0.0,61.2,59.7,70.2,/Users/admin/Code/typed-decision-bench/output/openjev-qwen3.5-4b_stats.jsonl,118
openjev-qwen3.5-4b,pragmatic_intent_understanding,80,0.8125,0.581,0.7515,0.3684,0.6568,0.2692,,,0,0.0,60.7,60.0,66.2,/Users/admin/Code/typed-decision-bench/output/openjev-qwen3.5-4b_stats.jsonl,119
openjev-qwen3.5-4b,sarcasm_and_humor_understanding,80,0.95,0.7693,0.3158,0.1531,0.7809,0.1691,,,0,0.0,60.4,59.7,65.8,/Users/admin/Code/typed-decision-bench/output/openjev-qwen3.5-4b_stats.jsonl,120
openjev-qwen3.5-4b,humor_explanation_correctness,80,0.9875,0.9323,0.0944,0.0343,0.9405,0.0582,,,0,0.0,61.8,59.6,72.5,/Users/admin/Code/typed-decision-bench/output/openjev-qwen3.5-4b_stats.jsonl,121
openjev-qwen3.5-4b,mood_atmosphere_understanding,80,1.0,0.944,0.061,0.0142,0.944,0.056,,,0,0.0,62.1,59.9,73.4,/Users/admin/Code/typed-decision-bench/output/openjev-qwen3.5-4b_stats.jsonl,122
openjev-qwen3.5-4b,tone_register_classification,80,0.8875,0.8883,0.269,0.1473,0.9532,0.0934,,,0,0.0,62.6,60.2,77.0,/Users/admin/Code/typed-decision-bench/output/openjev-qwen3.5-4b_stats.jsonl,123
openjev-qwen3.5-4b,dialogue_coherence,80,0.8375,0.7736,0.3533,0.2083,0.8341,0.0796,,,0,0.0,60.5,59.7,67.3,/Users/admin/Code/typed-decision-bench/output/openjev-qwen3.5-4b_stats.jsonl,124
openjev-qwen3.5-4b,conversation_state_tracking,80,0.95,0.9249,0.1044,0.0598,0.9454,0.0567,,,0,0.0,59.7,58.6,65.7,/Users/admin/Code/typed-decision-bench/output/openjev-qwen3.5-4b_stats.jsonl,125
openjev-qwen3.5-4b,persona_consistency,80,0.675,0.5982,0.8317,0.4308,0.7281,0.1332,,,0,0.0,59.9,59.3,64.6,/Users/admin/Code/typed-decision-bench/output/openjev-qwen3.5-4b_stats.jsonl,126
openjev-qwen3.5-4b,theory_of_mind_false_belief_reasoning,80,0.9125,0.8355,0.2194,0.1067,0.8487,0.0796,,,0,0.0,63.8,62.6,66.7,/Users/admin/Code/typed-decision-bench/output/openjev-qwen3.5-4b_stats.jsonl,127
openjev-qwen3.5-4b,embodied_unknowns,80,1.0,0.8701,0.1453,0.0511,0.8701,0.1299,,,0,0.0,58.3,57.3,62.9,/Users/admin/Code/typed-decision-bench/output/openjev-qwen3.5-4b_stats.jsonl,128
openjev-qwen3.5-4b,embodied_time_aware_world_views,80,0.9125,0.774,0.2927,0.1763,0.7923,0.121,,,0,0.0,58.8,57.8,65.5,/Users/admin/Code/typed-decision-bench/output/openjev-qwen3.5-4b_stats.jsonl,129
openjev-qwen3.5-4b,embodied_emotions,80,0.2,0.222,3.0299,1.4001,0.9115,0.7115,,,0,0.0,59.7,59.1,64.5,/Users/admin/Code/typed-decision-bench/output/openjev-qwen3.5-4b_stats.jsonl,130
openjev-qwen3.5-4b,emotion_cause_attribution,80,1.0,0.9555,0.0478,0.0114,0.9555,0.0445,,,0,0.0,59.2,58.8,63.3,/Users/admin/Code/typed-decision-bench/output/openjev-qwen3.5-4b_stats.jsonl,131
openjev-qwen3.5-4b,social_norm_reasoning,80,1.0,0.9545,0.0482,0.0077,0.9545,0.0455,,,0,0.0,59.8,59.4,64.6,/Users/admin/Code/typed-decision-bench/output/openjev-qwen3.5-4b_stats.jsonl,132
openjev-qwen3.5-4b,relationship_permission_reasoning,80,1.0,0.9518,0.0531,0.0167,0.9518,0.0482,,,0,0.0,57.9,56.8,63.6,/Users/admin/Code/typed-decision-bench/output/openjev-qwen3.5-4b_stats.jsonl,133
openjev-qwen3.5-4b,embodied_animal_understanding,80,0.7,0.6634,0.9738,0.496,0.8882,0.2264,,,0,0.0,60.5,59.7,64.8,/Users/admin/Code/typed-decision-bench/output/openjev-qwen3.5-4b_stats.jsonl,134
openjev-qwen3.5-4b,animal_affordance_constraint_reasoning,80,0.85,0.7685,0.456,0.2842,0.8868,0.1609,,,0,0.0,56.7,56.3,61.3,/Users/admin/Code/typed-decision-bench/output/openjev-qwen3.5-4b_stats.jsonl,135
openjev-qwen3.5-4b,narrative_next_event_plausibility,80,1.0,0.9761,0.0252,0.0045,0.9761,0.0239,,,0,0.0,59.4,59.0,64.1,/Users/admin/Code/typed-decision-bench/output/openjev-qwen3.5-4b_stats.jsonl,136
openjev-qwen3.5-4b,character_goal_consistency,80,1.0,0.9899,0.0102,0.0005,0.9899,0.0101,,,0,0.0,57.8,57.5,61.5,/Users/admin/Code/typed-decision-bench/output/openjev-qwen3.5-4b_stats.jsonl,137
openjev-qwen3.5-4b,ocr_ngram_based_text_recognition,80,1.0,0.9967,0.0033,0.0,0.9967,0.0033,,,0,0.0,62.7,62.0,65.8,/Users/admin/Code/typed-decision-bench/output/openjev-qwen3.5-4b_stats.jsonl,138
openjev-qwen3.5-4b,noisy_ocr_reconstruction,80,1.0,0.9899,0.0102,0.0003,0.9899,0.0101,,,0,0.0,58.8,57.9,65.6,/Users/admin/Code/typed-decision-bench/output/openjev-qwen3.5-4b_stats.jsonl,139
openjev-qwen3.5-4b,document_field_association,80,1.0,0.995,0.005,0.0001,0.995,0.005,,,0,0.0,62.7,62.4,66.2,/Users/admin/Code/typed-decision-bench/output/openjev-qwen3.5-4b_stats.jsonl,140
openjev-qwen3.5-4b,document_type_classification,80,0.925,0.9026,0.1676,0.0942,0.9365,0.0697,,,0,0.0,68.0,63.6,99.9,/Users/admin/Code/typed-decision-bench/output/openjev-qwen3.5-4b_stats.jsonl,141
openjev-qwen3.5-4b,document_workflow_state,80,0.85,0.7691,0.3838,0.1922,0.8159,0.0881,,,0,0.0,60.4,58.8,68.6,/Users/admin/Code/typed-decision-bench/output/openjev-qwen3.5-4b_stats.jsonl,142
openjev-qwen3.5-4b,table_reasoning_from_linearized_text,80,0.8,0.7025,0.5316,0.2627,0.758,0.1397,,,0,0.0,97.9,97.1,116.2,/Users/admin/Code/typed-decision-bench/output/openjev-qwen3.5-4b_stats.jsonl,143
openjev-qwen3.5-4b,spreadsheet_formula_semantics_from_text,80,0.625,0.5603,0.8808,0.457,0.687,0.1294,,,0,0.0,66.1,60.9,86.5,/Users/admin/Code/typed-decision-bench/output/openjev-qwen3.5-4b_stats.jsonl,144
openjev-qwen3.5-4b,form_completeness,80,0.725,0.65,0.7643,0.4322,0.8044,0.178,,,0,0.0,61.0,60.6,66.3,/Users/admin/Code/typed-decision-bench/output/openjev-qwen3.5-4b_stats.jsonl,145
openjev-qwen3.5-4b,contract_clause_consistency,80,0.9,0.7844,0.3442,0.1694,0.8185,0.1025,,,0,0.0,60.0,59.5,64.6,/Users/admin/Code/typed-decision-bench/output/openjev-qwen3.5-4b_stats.jsonl,146
openjev-qwen3.5-4b,requirement_traceability,80,0.375,0.3187,1.7585,0.7686,0.5232,0.2324,,,0,0.0,330.1,62.4,1245.3,/Users/admin/Code/typed-decision-bench/output/openjev-qwen3.5-4b_stats.jsonl,147
openjev-qwen3.5-4b,business_process_conformance,80,0.9,0.7031,0.4541,0.228,0.7268,0.1732,,,0,0.0,4076.1,3843.7,6420.6,/Users/admin/Code/typed-decision-bench/output/openjev-qwen3.5-4b_stats.jsonl,148
openjev-qwen3.5-4b,email_thread_state_understanding,80,0.95,0.8704,0.182,0.0881,0.888,0.0734,,,0,0.0,6836.7,6881.0,8331.9,/Users/admin/Code/typed-decision-bench/output/openjev-qwen3.5-4b_stats.jsonl,149
openjev-qwen3.5-4b,action_item_extraction_verification,80,1.0,0.9012,0.1102,0.0385,0.9012,0.0988,,,0,0.0,6296.1,6435.7,7509.1,/Users/admin/Code/typed-decision-bench/output/openjev-qwen3.5-4b_stats.jsonl,150
openjev-qwen3.5-4b,product_catalog_matching,80,0.975,0.9213,0.1124,0.0483,0.9347,0.0481,,,0,0.0,6261.0,6396.1,7457.0,/Users/admin/Code/typed-decision-bench/output/openjev-qwen3.5-4b_stats.jsonl,151
openjev-qwen3.5-4b,compatibility_matching,80,1.0,0.9265,0.0809,0.0253,0.9265,0.0735,,,0,0.0,5215.4,5353.0,6587.3,/Users/admin/Code/typed-decision-bench/output/openjev-qwen3.5-4b_stats.jsonl,152
openjev-qwen3.5-4b,taxonomy_category_assignment,80,1.0,0.9702,0.0306,0.0026,0.9702,0.0298,,,0,0.0,2207.7,2150.4,2952.3,/Users/admin/Code/typed-decision-bench/output/openjev-qwen3.5-4b_stats.jsonl,153
openjev-qwen3.5-4b,multi_label_topic_classification,80,1.0,0.9938,0.0063,0.0005,0.9938,0.0062,,,0,0.0,2770.6,2840.5,3735.0,/Users/admin/Code/typed-decision-bench/output/openjev-qwen3.5-4b_stats.jsonl,154
openjev-qwen3.5-4b,domain_identification,80,0.9875,0.9633,0.042,0.0103,0.9633,0.0342,,,0,0.0,2390.9,2217.7,3500.3,/Users/admin/Code/typed-decision-bench/output/openjev-qwen3.5-4b_stats.jsonl,155
openjev-qwen3.5-4b,expertise_level_estimation_of_text,80,1.0,0.9129,0.1035,0.0464,0.9129,0.0871,,,0,0.0,1198.3,1211.1,1585.8,/Users/admin/Code/typed-decision-bench/output/openjev-qwen3.5-4b_stats.jsonl,156
openjev-qwen3.5-4b,explanation_necessity_judgement,80,1.0,0.9106,0.097,0.0266,0.9106,0.0894,,,0,0.0,293.1,226.3,711.9,/Users/admin/Code/typed-decision-bench/output/openjev-qwen3.5-4b_stats.jsonl,157
openjev-qwen3.5-4b,explanation_quality_judgement,80,0.4875,0.4436,1.4803,0.7329,0.7323,0.2879,,,0,0.0,62.4,60.0,76.3,/Users/admin/Code/typed-decision-bench/output/openjev-qwen3.5-4b_stats.jsonl,158
openjev-qwen3.5-4b,rationale_to_answer_consistency,80,0.6125,0.6255,1.2222,0.7073,0.9782,0.3657,,,0,0.0,58.3,56.2,64.0,/Users/admin/Code/typed-decision-bench/output/openjev-qwen3.5-4b_stats.jsonl,159
openjev-qwen3.5-4b,constraint_satisfaction_judgement,80,0.9875,0.9348,0.0812,0.0403,0.9406,0.0469,,,0,0.0,58.8,58.1,63.7,/Users/admin/Code/typed-decision-bench/output/openjev-qwen3.5-4b_stats.jsonl,160
openjev-qwen3.5-4b,soft_vs_hard_constraint_discrimination,80,1.0,0.9356,0.0721,0.0203,0.9356,0.0644,,,0,0.0,57.9,57.1,63.0,/Users/admin/Code/typed-decision-bench/output/openjev-qwen3.5-4b_stats.jsonl,161
openjev-qwen3.5-4b,preference_learning_from_explicit_examples,80,0.9,0.5663,0.5743,0.3836,0.5709,0.3291,,,0,0.0,63.0,61.6,70.1,/Users/admin/Code/typed-decision-bench/output/openjev-qwen3.5-4b_stats.jsonl,162
openjev-qwen3.5-4b,multi_criteria_scoring_consistency,80,0.3875,0.4445,0.981,0.7259,0.7051,0.3176,,,0,0.0,684.5,350.1,2178.4,/Users/admin/Code/typed-decision-bench/output/openjev-qwen3.5-4b_stats.jsonl,163
openjev-qwen3.5-4b,rubric_based_quality_assessment,80,0.575,0.4652,1.6275,0.8211,0.8423,0.5038,0.5675,0.775,0,0.0,4440.4,4300.1,6039.3,/Users/admin/Code/typed-decision-bench/output/openjev-qwen3.5-4b_stats.jsonl,164
openjev-qwen3.5-4b,comparative_judgement_transitivity,80,0.7125,0.6987,0.4455,0.3229,0.7597,0.1658,,,0,0.0,5556.9,5670.5,6638.7,/Users/admin/Code/typed-decision-bench/output/openjev-qwen3.5-4b_stats.jsonl,165
openjev-qwen3.5-4b,pairwise_preference_prediction,80,0.75,0.6322,0.5958,0.3617,0.7213,0.1895,,,0,0.0,2341.4,2131.4,3597.0,/Users/admin/Code/typed-decision-bench/output/openjev-qwen3.5-4b_stats.jsonl,166
openjev-qwen3.5-4b,set_coverage_diversity_judgement,80,1.0,0.9856,0.0147,0.0008,0.9856,0.0144,,,0,0.0,1366.7,1280.5,2228.2,/Users/admin/Code/typed-decision-bench/output/openjev-qwen3.5-4b_stats.jsonl,167
openjev-qwen3.5-4b,redundancy_detection,80,0.525,0.4442,1.2886,0.6467,0.648,0.1659,,,0,0.0,1820.7,1912.9,2939.4,/Users/admin/Code/typed-decision-bench/output/openjev-qwen3.5-4b_stats.jsonl,168
openjev-qwen3.5-4b,information_density_judgement,80,1.0,0.6273,0.4733,0.2231,0.6273,0.3727,0.517,1.0,0,0.0,2878.9,2850.2,3773.5,/Users/admin/Code/typed-decision-bench/output/openjev-qwen3.5-4b_stats.jsonl,169
openjev-qwen3.5-4b,data_quality_validation,80,0.8,0.6832,0.5261,0.2823,0.7536,0.1371,,,0,0.0,2772.0,2750.2,3338.4,/Users/admin/Code/typed-decision-bench/output/openjev-qwen3.5-4b_stats.jsonl,170
openjev-qwen3.5-4b,synthetic_data_plausibility,80,1.0,0.993,0.007,0.0001,0.993,0.007,,,0,0.0,3073.3,3048.7,4333.5,/Users/admin/Code/typed-decision-bench/output/openjev-qwen3.5-4b_stats.jsonl,171
openjev-qwen3.5-4b,class_label_leakage_detection,80,1.0,0.7929,0.2554,0.1412,0.7929,0.2071,,,0,0.0,3020.1,2911.7,3966.7,/Users/admin/Code/typed-decision-bench/output/openjev-qwen3.5-4b_stats.jsonl,172
openjev-qwen3.5-4b,dataset_example_quality,80,0.475,0.3742,1.7803,0.8137,0.6854,0.2949,,,0,0.0,1909.4,1792.7,2358.3,/Users/admin/Code/typed-decision-bench/output/openjev-qwen3.5-4b_stats.jsonl,173
openjev-qwen3.5-4b,benchmark_contamination_clues,80,0.5125,0.4829,1.9705,0.7987,0.8455,0.3477,,,0,0.0,3135.4,2233.1,6933.6,/Users/admin/Code/typed-decision-bench/output/openjev-qwen3.5-4b_stats.jsonl,174
openjev-qwen3.5-4b,adversarial_example_detection,80,0.625,0.5431,0.9899,0.4901,0.7063,0.1406,,,0,0.0,6648.8,6775.8,8722.5,/Users/admin/Code/typed-decision-bench/output/openjev-qwen3.5-4b_stats.jsonl,175
openjev-qwen3.5-4b,spurious_correlation_resistance,80,0.7125,0.5451,0.8828,0.3992,0.6138,0.1863,,,0,0.0,7080.0,7228.8,8288.1,/Users/admin/Code/typed-decision-bench/output/openjev-qwen3.5-4b_stats.jsonl,176
openjev-qwen3.5-4b,invariant_detection,80,0.9625,0.8458,0.1978,0.1207,0.8527,0.1098,,,0,0.0,6185.0,6403.1,7856.2,/Users/admin/Code/typed-decision-bench/output/openjev-qwen3.5-4b_stats.jsonl,177
openjev-qwen3.5-4b,boundary_condition_judgement,80,1.0,0.9447,0.062,0.0217,0.9447,0.0553,,,0,0.0,3458.7,3313.2,4762.7,/Users/admin/Code/typed-decision-bench/output/openjev-qwen3.5-4b_stats.jsonl,178
openjev-qwen3.5-4b,failure_mode_classification,80,0.8875,0.9072,0.1367,0.0866,0.9276,0.0767,,,0,0.0,3033.5,2986.5,3788.3,/Users/admin/Code/typed-decision-bench/output/openjev-qwen3.5-4b_stats.jsonl,179
openjev-qwen3.5-4b,recoverability_judgement,80,0.75,0.7479,0.6514,0.3257,0.8759,0.1718,,,0,0.0,2189.2,2028.6,3039.5,/Users/admin/Code/typed-decision-bench/output/openjev-qwen3.5-4b_stats.jsonl,180
openjev-qwen3.5-4b,reversibility_destructiveness,80,0.5625,0.4923,1.0713,0.588,0.7044,0.1837,,,0,0.0,5511.9,6007.6,7810.3,/Users/admin/Code/typed-decision-bench/output/openjev-qwen3.5-4b_stats.jsonl,181
openjev-qwen3.5-4b,operational_urgency,80,0.725,0.6826,0.4851,0.2913,0.7472,0.1423,0.485,0.7875,0,0.0,6483.0,6813.7,8284.6,/Users/admin/Code/typed-decision-bench/output/openjev-qwen3.5-4b_stats.jsonl,182
openjev-qwen3.5-4b,change_risk_judgement,80,0.275,0.4069,1.2531,0.8649,0.759,0.4854,0.6742,0.7625,0,0.0,4732.9,4818.4,5672.5,/Users/admin/Code/typed-decision-bench/output/openjev-qwen3.5-4b_stats.jsonl,183
openjev-qwen3.5-4b,regression_likelihood_judgement,80,0.425,0.3573,1.3696,0.7121,0.5367,0.1915,0.6938,0.675,0,0.0,3333.6,3252.9,4259.1,/Users/admin/Code/typed-decision-bench/output/openjev-qwen3.5-4b_stats.jsonl,184
openjev-qwen3.5-4b,human_vs_machine_task_suitability,80,0.75,0.5918,1.7077,0.5666,0.8267,0.3878,,,0,0.0,4177.1,4264.8,5197.8,/Users/admin/Code/typed-decision-bench/output/openjev-qwen3.5-4b_stats.jsonl,185
openjev-qwen3.5-4b,live_data_requirement,80,0.8,0.7244,0.3487,0.1976,0.7446,0.2756,,,0,0.0,3273.9,3358.3,4799.8,/Users/admin/Code/typed-decision-bench/output/openjev-qwen3.5-4b_stats.jsonl,186
openjev-qwen3.5-4b,information_acquisition_value,80,0.7875,0.6261,0.5699,0.3632,0.7246,0.1938,,,0,0.0,1252.0,1361.4,1912.6,/Users/admin/Code/typed-decision-bench/output/openjev-qwen3.5-4b_stats.jsonl,187
openjev-qwen3.5-4b,stopping_decision_sufficiency,80,0.9625,0.9274,0.1783,0.0749,0.9632,0.0138,,,0,0.0,494.1,472.7,1111.5,/Users/admin/Code/typed-decision-bench/output/openjev-qwen3.5-4b_stats.jsonl,188
openjev-qwen3.5-4b,confidence_vs_evidence_consistency,80,0.875,0.7125,0.4141,0.2104,0.7373,0.1609,,,0,0.0,82.5,59.2,300.0,/Users/admin/Code/typed-decision-bench/output/openjev-qwen3.5-4b_stats.jsonl,189
openjev-qwen3.5-4b,self_consistency_across_outputs,80,0.575,0.48,0.8065,0.5924,0.6266,0.25,,,0,0.0,57.1,56.5,61.4,/Users/admin/Code/typed-decision-bench/output/openjev-qwen3.5-4b_stats.jsonl,190
openjev-qwen3.5-4b,granularity_selection,80,1.0,0.9216,0.0915,0.0313,0.9216,0.0784,,,0,0.0,59.9,58.7,68.4,/Users/admin/Code/typed-decision-bench/output/openjev-qwen3.5-4b_stats.jsonl,191
openjev-qwen3.5-4b,abstraction_level_matching,80,1.0,0.8414,0.183,0.0648,0.8414,0.1586,,,0,0.0,59.0,58.0,64.9,/Users/admin/Code/typed-decision-bench/output/openjev-qwen3.5-4b_stats.jsonl,192
openjev-qwen3.5-4b,analogy_validity,80,0.75,0.5979,0.9441,0.4398,0.7549,0.0981,,,0,0.0,59.4,58.7,65.4,/Users/admin/Code/typed-decision-bench/output/openjev-qwen3.5-4b_stats.jsonl,193
openjev-qwen3.5-4b,category_error_detection,80,1.0,0.9349,0.0796,0.0313,0.9349,0.0651,,,0,0.0,62.5,61.6,67.7,/Users/admin/Code/typed-decision-bench/output/openjev-qwen3.5-4b_stats.jsonl,194
openjev-qwen3.5-4b,cognitive_bias_illogic_detection,80,0.9625,0.9283,0.1052,0.0626,0.9472,0.0433,,,0,0.0,67.2,64.4,83.0,/Users/admin/Code/typed-decision-bench/output/openjev-qwen3.5-4b_stats.jsonl,195
openjev-qwen3.5-4b,contradiction_resolution,80,1.0,0.9059,0.1064,0.0312,0.9059,0.0941,,,0,0.0,61.0,59.3,74.4,/Users/admin/Code/typed-decision-bench/output/openjev-qwen3.5-4b_stats.jsonl,196
openjev-qwen3.5-4b,scope_reasoning,80,0.825,0.7705,0.4197,0.2551,0.8658,0.0955,,,0,0.0,60.0,59.4,66.3,/Users/admin/Code/typed-decision-bench/output/openjev-qwen3.5-4b_stats.jsonl,197
openjev-qwen3.5-4b,quantifier_reasoning_in_natural_text,80,0.775,0.7481,0.8018,0.4014,0.9446,0.1696,,,0,0.0,62.0,61.0,68.5,/Users/admin/Code/typed-decision-bench/output/openjev-qwen3.5-4b_stats.jsonl,198
openjev-qwen3.5-4b,negation_polarity_tracking,80,0.7625,0.7402,1.12,0.46,0.9686,0.2114,,,0,0.0,60.9,59.2,71.5,/Users/admin/Code/typed-decision-bench/output/openjev-qwen3.5-4b_stats.jsonl,199
openjev-qwen3.5-4b,reference_coreference_resolution,80,0.675,0.6351,0.696,0.4356,0.7904,0.1541,,,0,0.0,63.2,62.8,66.6,/Users/admin/Code/typed-decision-bench/output/openjev-qwen3.5-4b_stats.jsonl,200
openjev-qwen3.5-4b,comparative_language_reasoning,80,0.7625,0.7593,0.7913,0.413,0.9625,0.2,,,0,0.0,60.8,60.3,66.4,/Users/admin/Code/typed-decision-bench/output/openjev-qwen3.5-4b_stats.jsonl,201
openjev-qwen3.5-4b,definition_adherence,80,1.0,0.9935,0.0066,0.0002,0.9935,0.0065,,,0,0.0,59.2,56.7,77.6,/Users/admin/Code/typed-decision-bench/output/openjev-qwen3.5-4b_stats.jsonl,202
openjev-qwen3.5-4b,local_rule_over_world_knowledge_judgement,80,1.0,0.9866,0.0137,0.0009,0.9866,0.0134,,,0,0.0,59.2,57.0,63.2,/Users/admin/Code/typed-decision-bench/output/openjev-qwen3.5-4b_stats.jsonl,203
openjev-qwen3.5-4b,world_model_consistency,80,1.0,0.9412,0.066,0.0233,0.9412,0.0588,,,0,0.0,857.6,964.8,1309.3,/Users/admin/Code/typed-decision-bench/output/openjev-qwen3.5-4b_stats.jsonl,204
openjev-qwen3.5-4b,long_context_distractor_resistance,80,1.0,0.9989,0.0011,0.0,0.9989,0.0011,,,0,0.0,4101.5,4004.2,7935.8,/Users/admin/Code/typed-decision-bench/output/openjev-qwen3.5-4b_stats.jsonl,205
openjev-qwen3.5-4b,needle_set_retrieval,80,0.3125,0.2831,1.5629,0.836,0.5415,0.2354,,,0,0.0,7486.0,7226.8,9572.4,/Users/admin/Code/typed-decision-bench/output/openjev-qwen3.5-4b_stats.jsonl,206
openjev-qwen3.5-4b,cross_domain_synthesis,80,0.95,0.7942,0.2661,0.1591,0.8049,0.1453,,,0,0.0,6286.5,6132.1,8451.9,/Users/admin/Code/typed-decision-bench/output/openjev-qwen3.5-4b_stats.jsonl,207
openjev-qwen3.5-4b,minimal_sufficient_explanation_selection,80,1.0,0.9799,0.0207,0.0019,0.9799,0.0201,,,0,0.0,4550.8,4293.5,6401.2,/Users/admin/Code/typed-decision-bench/output/openjev-qwen3.5-4b_stats.jsonl,208
openjev-qwen3.5-4b,competing_hypothesis_discrimination,80,0.925,0.7813,0.2818,0.1455,0.8018,0.1232,,,0,0.0,1936.6,1800.5,2952.6,/Users/admin/Code/typed-decision-bench/output/openjev-qwen3.5-4b_stats.jsonl,209
openjev-qwen3.5-4b,mechanism_vs_pattern_distinction,80,0.3625,0.42,1.5049,0.9281,0.8492,0.4867,,,0,0.0,2270.8,2295.2,3023.8,/Users/admin/Code/typed-decision-bench/output/openjev-qwen3.5-4b_stats.jsonl,210
openjev-qwen3.5-4b,decision_robustness,80,0.6,0.5336,0.9471,0.6394,0.7961,0.2781,,,0,0.0,1169.0,1155.1,1959.8,/Users/admin/Code/typed-decision-bench/output/openjev-qwen3.5-4b_stats.jsonl,211
openjev-qwen3.5-4b,sensitivity_analysis,80,0.625,0.5006,0.8555,0.5022,0.6181,0.0795,,,0,0.0,409.9,434.7,770.4,/Users/admin/Code/typed-decision-bench/output/openjev-qwen3.5-4b_stats.jsonl,212
openjev-qwen3.5-4b,dominated_information_detection,80,0.7375,0.5557,0.6767,0.4738,0.6899,0.2989,,,0,0.0,116.5,57.2,372.0,/Users/admin/Code/typed-decision-bench/output/openjev-qwen3.5-4b_stats.jsonl,213
openjev-qwen3.5-4b,consistency_under_paraphrase,80,0.7625,0.7436,0.3777,0.2608,0.8261,0.129,,,0,0.0,119.7,57.1,66.9,/Users/admin/Code/typed-decision-bench/output/openjev-qwen3.5-4b_stats.jsonl,214
openjev-qwen3.5-4b,consistency_under_irrelevant_context_insertion,80,0.3625,0.4912,0.8219,0.6326,0.6957,0.3421,,,0,0.0,534.0,60.6,3099.0,/Users/admin/Code/typed-decision-bench/output/openjev-qwen3.5-4b_stats.jsonl,215
openjev-qwen3.5-4b,consistency_under_option_permutation,80,1.0,0.9235,0.0828,0.0225,0.9235,0.0765,,,0,0.0,2398.3,2701.2,3468.9,/Users/admin/Code/typed-decision-bench/output/openjev-qwen3.5-4b_stats.jsonl,216
openjev-qwen3.5-4b,calibration_under_ambiguity,80,0.725,0.7015,0.5346,0.3746,0.8674,0.2141,0.3282,1.0,0,0.0,3776.2,3745.5,4803.4,/Users/admin/Code/typed-decision-bench/output/openjev-qwen3.5-4b_stats.jsonl,217
openjev-qwen3.5-4b,support_department,80,0.925,0.9073,0.2645,0.1141,0.9578,0.0731,,,0,0.0,3208.5,3222.4,4026.0,/Users/admin/Code/typed-decision-bench/output/openjev-qwen3.5-4b_stats.jsonl,218
openjev-qwen3.5-4b,email_intent,80,1.0,0.9911,0.0091,0.0005,0.9911,0.0089,,,0,0.0,2995.6,3183.2,3852.1,/Users/admin/Code/typed-decision-bench/output/openjev-qwen3.5-4b_stats.jsonl,219
openjev-qwen3.5-4b,refund_eligible,80,0.975,0.9242,0.1106,0.0592,0.9421,0.0579,,,0,0.0,3702.9,3776.4,4453.9,/Users/admin/Code/typed-decision-bench/output/openjev-qwen3.5-4b_stats.jsonl,220
openjev-qwen3.5-4b,urgency,80,1.0,0.9718,0.031,0.0094,0.9718,0.0282,,,0,0.0,3294.3,3243.3,4062.5,/Users/admin/Code/typed-decision-bench/output/openjev-qwen3.5-4b_stats.jsonl,221
openjev-qwen3.5-4b,secret_leak,80,0.8,0.7854,0.3705,0.2512,0.8597,0.164,,,0,0.0,2517.8,2395.8,3270.0,/Users/admin/Code/typed-decision-bench/output/openjev-qwen3.5-4b_stats.jsonl,222
openjev-qwen3.5-4b,frustration_level,80,0.825,0.8241,0.2572,0.1518,0.8531,0.1545,0.2057,1.0,0,0.0,2438.4,2419.5,3337.9,/Users/admin/Code/typed-decision-bench/output/openjev-qwen3.5-4b_stats.jsonl,223
openjev-qwen3.5-4b,incident_severity,80,0.8875,0.7276,0.6773,0.2982,0.823,0.2084,0.2446,1.0,0,0.0,1117.3,1139.7,1505.3,/Users/admin/Code/typed-decision-bench/output/openjev-qwen3.5-4b_stats.jsonl,224
openjev-qwen3.5-4b,review_sentiment,80,0.925,0.8354,0.2155,0.1143,0.8435,0.0815,0.138,1.0,0,0.0,330.2,285.4,745.2,/Users/admin/Code/typed-decision-bench/output/openjev-qwen3.5-4b_stats.jsonl,225
openjev-qwen3.5-4b,support_department_hard,80,0.85,0.8206,0.4029,0.2209,0.9137,0.0886,,,0,0.0,81.2,71.9,110.5,/Users/admin/Code/typed-decision-bench/output/openjev-qwen3.5-4b_stats.jsonl,226
openjev-qwen3.5-4b,email_intent_hard,80,0.9875,0.9814,0.0286,0.0152,0.9879,0.0177,,,0,0.0,70.0,69.0,77.6,/Users/admin/Code/typed-decision-bench/output/openjev-qwen3.5-4b_stats.jsonl,227
openjev-qwen3.5-4b,refund_eligible_hard,80,0.725,0.691,0.5218,0.3417,0.8008,0.1221,,,0,0.0,421.8,69.2,1517.9,/Users/admin/Code/typed-decision-bench/output/openjev-qwen3.5-4b_stats.jsonl,228
openjev-qwen3.5-4b,urgency_hard,80,0.9875,0.9454,0.066,0.0275,0.9512,0.0363,,,0,0.0,5105.9,5244.1,7553.5,/Users/admin/Code/typed-decision-bench/output/openjev-qwen3.5-4b_stats.jsonl,229
openjev-qwen3.5-4b,secret_leak_hard,80,0.7,0.6659,0.7453,0.464,0.8357,0.2325,,,0,0.0,6589.1,6524.1,7771.9,/Users/admin/Code/typed-decision-bench/output/openjev-qwen3.5-4b_stats.jsonl,230
openjev-qwen3.5-4b,frustration_level_hard,80,0.7125,0.6674,0.4883,0.3068,0.736,0.1253,0.3488,1.0,0,0.0,4653.5,4551.0,6020.0,/Users/admin/Code/typed-decision-bench/output/openjev-qwen3.5-4b_stats.jsonl,231
openjev-qwen3.5-4b,incident_severity_hard,80,0.825,0.7192,0.513,0.2707,0.782,0.1011,0.2522,0.95,0,0.0,4758.9,4340.4,6352.8,/Users/admin/Code/typed-decision-bench/output/openjev-qwen3.5-4b_stats.jsonl,232
openjev-qwen3.5-4b,review_sentiment_hard,80,0.9125,0.7585,0.3636,0.1764,0.769,0.1562,0.242,0.9875,0,0.0,5165.9,5246.6,5839.8,/Users/admin/Code/typed-decision-bench/output/openjev-qwen3.5-4b_stats.jsonl,233
openjev-qwen3.5-4b,expense_category,80,0.9875,0.9821,0.0303,0.0183,0.9905,0.0139,,,0,0.0,2568.6,2539.8,3189.0,/Users/admin/Code/typed-decision-bench/output/openjev-qwen3.5-4b_stats.jsonl,234
openjev-qwen3.5-4b,oncall_route,80,1.0,0.9783,0.0224,0.0021,0.9783,0.0217,,,0,0.0,1511.5,1472.7,2180.3,/Users/admin/Code/typed-decision-bench/output/openjev-qwen3.5-4b_stats.jsonl,235
openjev-qwen3.5-4b,churn_risk,80,0.975,0.9411,0.1279,0.0454,0.9605,0.0326,0.0937,0.9875,0,0.0,692.0,735.3,1170.3,/Users/admin/Code/typed-decision-bench/output/openjev-qwen3.5-4b_stats.jsonl,236
openjev-qwen3.5-4b,lead_qualification,80,0.825,0.731,0.3802,0.2133,0.7469,0.1894,0.2996,0.8875,0,0.0,141.4,63.0,402.8,/Users/admin/Code/typed-decision-bench/output/openjev-qwen3.5-4b_stats.jsonl,237
openjev-qwen3.5-4b,app_review_intent,80,1.0,0.9593,0.0513,0.0265,0.9593,0.0407,,,0,0.0,233.9,58.0,1212.5,/Users/admin/Code/typed-decision-bench/output/openjev-qwen3.5-4b_stats.jsonl,238
openjev-qwen3.5-4b,content_moderation,80,0.8125,0.8173,0.6209,0.2673,0.9353,0.1341,,,0,0.0,2712.7,2923.9,4170.1,/Users/admin/Code/typed-decision-bench/output/openjev-qwen3.5-4b_stats.jsonl,239
openjev-qwen3.5-4b,code_review_intent,80,0.95,0.9221,0.1306,0.0705,0.9403,0.048,,,0,0.0,4826.8,4619.7,6782.9,/Users/admin/Code/typed-decision-bench/output/openjev-qwen3.5-4b_stats.jsonl,240
openjev-qwen3.5-4b,commit_intent,80,0.7,0.6945,0.722,0.4231,0.8704,0.1913,,,0,0.0,5739.8,5583.8,7099.3,/Users/admin/Code/typed-decision-bench/output/openjev-qwen3.5-4b_stats.jsonl,241
openjev-qwen3.5-4b,recipe_cuisine,80,0.9875,0.9839,0.0359,0.0136,0.9875,0.0093,,,0,0.0,5041.0,4957.7,6088.6,/Users/admin/Code/typed-decision-bench/output/openjev-qwen3.5-4b_stats.jsonl,242
openjev-qwen3.5-4b,question_duplicate,80,0.8625,0.8092,0.2495,0.1492,0.8313,0.1256,,,0,0.0,3054.4,3051.8,4454.2,/Users/admin/Code/typed-decision-bench/output/openjev-qwen3.5-4b_stats.jsonl,243
openjev-qwen3.5-4b,sql_injection_risk,80,0.5375,0.5985,1.1163,0.6909,0.9253,0.4003,,,0,0.0,3748.2,3724.7,5279.6,/Users/admin/Code/typed-decision-bench/output/openjev-qwen3.5-4b_stats.jsonl,244
openjev-qwen3.5-4b,travel_policy_violation,80,0.7875,0.7198,0.4269,0.2906,0.8148,0.1494,,,0,0.0,4344.1,4295.4,5248.8,/Users/admin/Code/typed-decision-bench/output/openjev-qwen3.5-4b_stats.jsonl,245
openjev-qwen3.5-4b,contains_pii,80,0.9875,0.9377,0.0752,0.0335,0.9429,0.0623,,,0,0.0,3851.4,4008.0,4904.2,/Users/admin/Code/typed-decision-bench/output/openjev-qwen3.5-4b_stats.jsonl,246
openjev-qwen3.5-4b,contains_spoiler,80,0.975,0.9126,0.1711,0.0606,0.9359,0.0442,,,0,0.0,2238.2,2197.7,2842.0,/Users/admin/Code/typed-decision-bench/output/openjev-qwen3.5-4b_stats.jsonl,247
openjev-qwen3.5-4b,formality_level,80,0.6375,0.6444,0.7746,0.4711,0.8323,0.2465,0.3977,0.875,0,0.0,2348.8,2366.9,3131.8,/Users/admin/Code/typed-decision-bench/output/openjev-qwen3.5-4b_stats.jsonl,248
openjev-qwen3.5-4b,phishing_email,80,0.7625,0.7595,0.3665,0.2512,0.8297,0.1862,,,0,0.0,1438.6,1325.0,2309.4,/Users/admin/Code/typed-decision-bench/output/openjev-qwen3.5-4b_stats.jsonl,249
openjev-qwen3.5-4b,meeting_conflict,80,0.7875,0.7237,0.4396,0.2963,0.811,0.1121,,,0,0.0,364.1,326.4,839.7,/Users/admin/Code/typed-decision-bench/output/openjev-qwen3.5-4b_stats.jsonl,250
openjev-qwen3.5-4b,hazmat_shipping,80,1.0,0.9451,0.0687,0.0394,0.9451,0.0549,,,0,0.0,58.1,56.9,68.8,/Users/admin/Code/typed-decision-bench/output/openjev-qwen3.5-4b_stats.jsonl,251
openjev-qwen3.5-4b,dietary_vegan,80,0.9875,0.9683,0.0479,0.0245,0.9774,0.0287,,,0,0.0,58.4,57.4,68.0,/Users/admin/Code/typed-decision-bench/output/openjev-qwen3.5-4b_stats.jsonl,252
openjev-qwen3.5-4b,news_topic,80,1.0,0.9786,0.025,0.0083,0.9786,0.0214,,,0,0.0,121.0,60.5,491.7,/Users/admin/Code/typed-decision-bench/output/openjev-qwen3.5-4b_stats.jsonl,253
openjev-qwen3.5-4b,document_type,80,1.0,0.9959,0.0041,0.0001,0.9959,0.0041,,,0,0.0,964.5,943.9,1201.7,/Users/admin/Code/typed-decision-bench/output/openjev-qwen3.5-4b_stats.jsonl,254
openjev-qwen3.5-4b,reading_level,80,0.975,0.9396,0.0753,0.0332,0.9467,0.0415,0.0564,1.0,0,0.0,1314.3,1306.9,1723.0,/Users/admin/Code/typed-decision-bench/output/openjev-qwen3.5-4b_stats.jsonl,255
openjev-qwen3.5-4b,insurance_claim_priority,80,0.85,0.7048,0.6392,0.3264,0.8214,0.2274,0.2994,0.875,0,0.0,524.4,526.2,866.1,/Users/admin/Code/typed-decision-bench/output/openjev-qwen3.5-4b_stats.jsonl,256
openjev-qwen3.5-4b,symptom_triage,80,0.6,0.5815,1.2294,0.6243,0.8456,0.3099,0.3456,0.9875,0,0.0,889.6,944.8,1277.6,/Users/admin/Code/typed-decision-bench/output/openjev-qwen3.5-4b_stats.jsonl,257
openjev-qwen3.5-4b,delivery_exception,80,1.0,0.9909,0.0092,0.0005,0.9909,0.0091,,,0,0.0,356.4,293.2,812.4,/Users/admin/Code/typed-decision-bench/output/openjev-qwen3.5-4b_stats.jsonl,258
openjev-qwen3.5-4b,city_service_request,80,0.9875,0.9832,0.0575,0.0223,0.9941,0.0156,,,0,0.0,60.0,58.9,68.7,/Users/admin/Code/typed-decision-bench/output/openjev-qwen3.5-4b_stats.jsonl,259
openjev-qwen3.5-4b,ad_policy_violation,80,1.0,0.9903,0.0098,0.0005,0.9903,0.0097,,,0,0.0,410.4,229.6,958.2,/Users/admin/Code/typed-decision-bench/output/openjev-qwen3.5-4b_stats.jsonl,260
openjev-qwen3.5-4b,fair_housing_violation,80,0.7875,0.8383,0.2408,0.1673,0.8833,0.1412,,,0,0.0,816.7,708.4,1419.8,/Users/admin/Code/typed-decision-bench/output/openjev-qwen3.5-4b_stats.jsonl,261
openjev-qwen3.5-4b,contract_clause_type,80,1.0,0.9992,0.0008,0.0,0.9992,0.0008,,,0,0.0,931.5,924.5,1280.0,/Users/admin/Code/typed-decision-bench/output/openjev-qwen3.5-4b_stats.jsonl,262
openjev-qwen3.5-4b,voice_assistant_intent,80,1.0,0.9834,0.0179,0.0033,0.9834,0.0166,,,0,0.0,703.5,517.8,1304.7,/Users/admin/Code/typed-decision-bench/output/openjev-qwen3.5-4b_stats.jsonl,263
openjev-qwen3.5-4b,grammar_issue,80,0.325,0.3495,2.2401,0.9562,0.7404,0.4445,,,0,0.0,793.6,792.2,1172.7,/Users/admin/Code/typed-decision-bench/output/openjev-qwen3.5-4b_stats.jsonl,264
openjev-qwen3.5-4b,action_item_assignment,80,0.825,0.8667,0.2487,0.1787,0.9341,0.1333,,,0,0.0,79.9,57.0,221.7,/Users/admin/Code/typed-decision-bench/output/openjev-qwen3.5-4b_stats.jsonl,265
openjev-qwen3.5-4b,suspicious_transaction,80,0.975,0.9015,0.1139,0.0457,0.9038,0.0985,,,0,0.0,56.7,56.3,59.5,/Users/admin/Code/typed-decision-bench/output/openjev-qwen3.5-4b_stats.jsonl,266
openjev-qwen3.5-4b,return_reason,80,1.0,0.9551,0.0511,0.0145,0.9551,0.0449,,,0,0.0,59.4,58.6,64.8,/Users/admin/Code/typed-decision-bench/output/openjev-qwen3.5-4b_stats.jsonl,267
openjev-qwen3.5-4b,allergen_present,80,0.975,0.9265,0.1023,0.0424,0.9381,0.0502,,,0,0.0,57.7,56.9,62.8,/Users/admin/Code/typed-decision-bench/output/openjev-qwen3.5-4b_stats.jsonl,268
openjev-qwen3.5-4b,home_service_routing,80,1.0,0.9942,0.006,0.0006,0.9942,0.0058,,,0,0.0,65.9,58.8,73.1,/Users/admin/Code/typed-decision-bench/output/openjev-qwen3.5-4b_stats.jsonl,269
openjev-qwen3.5-4b,gaming_report_type,80,0.8375,0.8094,0.3654,0.2287,0.9038,0.1046,,,0,0.0,1582.0,1783.0,2538.8,/Users/admin/Code/typed-decision-bench/output/openjev-qwen3.5-4b_stats.jsonl,270
openjev-qwen3.5-4b,warranty_claim_eligible,80,0.775,0.7726,0.3515,0.2222,0.8129,0.0961,,,0,0.0,3029.5,2816.6,4799.7,/Users/admin/Code/typed-decision-bench/output/openjev-qwen3.5-4b_stats.jsonl,271
openjev-qwen3.5-4b,weather_alert_severity,80,0.975,0.946,0.117,0.0431,0.9638,0.0436,0.0758,0.975,0,0.0,5163.8,5083.3,6324.6,/Users/admin/Code/typed-decision-bench/output/openjev-qwen3.5-4b_stats.jsonl,272
openjev-qwen3.5-4b,content_type,80,0.9,0.7964,0.323,0.1697,0.8336,0.0838,,,0,0.0,4965.9,4938.9,6530.4,/Users/admin/Code/typed-decision-bench/output/openjev-qwen3.5-4b_stats.jsonl,273
openjev-qwen3.5-4b,veterinary_triage,80,0.5375,0.581,0.941,0.5691,0.7984,0.3288,0.3197,0.9875,0,0.0,3436.2,3675.4,4517.6,/Users/admin/Code/typed-decision-bench/output/openjev-qwen3.5-4b_stats.jsonl,274
openjev-qwen3.5-4b,gpqa_diamond,81,0.6914,0.5033,0.8107,0.4562,0.5723,0.1771,,,0,0.0,3140.0,3289.1,4053.6,/Users/admin/Code/typed-decision-bench/output/openjev-qwen3.5-4b_stats.jsonl,275
openjev-qwen3.5-4b,micro,22001,0.7911,0.7413,0.5495,0.2947,0.8401,0.049,0.3518,0.9139,0,0.0,1080.7,62.5,5503.0,/Users/admin/Code/typed-decision-bench/output/openjev-qwen3.5-4b_stats.jsonl,276
spark-X2.5,hard_reasoning,80,0.1625,0.1968,4.3836,1.3995,0.8514,0.6896,,,0,0.0,2755.5,2691.1,4399.7,/Users/admin/Code/typed-decision-bench/output/spark-X2.5_stats.jsonl,1
spark-X2.5,math_quantitative_decisions,80,0.325,0.3295,2.6668,1.0371,0.7819,0.4569,,,0,0.0,2690.7,2517.0,4603.7,/Users/admin/Code/typed-decision-bench/output/spark-X2.5_stats.jsonl,2
spark-X2.5,oos_abstention_ambiguity,80,0.5375,0.5311,1.6618,0.7039,0.8275,0.2935,,,0,0.0,1349.5,1042.5,3557.0,/Users/admin/Code/typed-decision-bench/output/spark-X2.5_stats.jsonl,3
spark-X2.5,pii_sensitive_data_classification,80,0.975,0.9688,0.271,0.0517,0.9938,0.025,,,0,0.0,1786.9,1643.4,3882.4,/Users/admin/Code/typed-decision-bench/output/spark-X2.5_stats.jsonl,4
spark-X2.5,routing_intent_support_priority,80,0.8875,0.9002,0.393,0.1568,0.9694,0.09,0.3045,0.9474,0,0.0,4298.9,4073.7,6334.2,/Users/admin/Code/typed-decision-bench/output/spark-X2.5_stats.jsonl,5
spark-X2.5,rule_following_formal_logic,80,0.5875,0.5692,3.6297,0.8041,0.958,0.4115,,,0,0.0,4862.4,4884.2,5773.6,/Users/admin/Code/typed-decision-bench/output/spark-X2.5_stats.jsonl,6
spark-X2.5,security_policy_risk,80,0.8375,0.8164,0.8298,0.2889,0.9471,0.1272,0.3624,0.875,0,0.0,4577.2,4686.1,5720.5,/Users/admin/Code/typed-decision-bench/output/spark-X2.5_stats.jsonl,7
spark-X2.5,structured_schema_decisions,80,0.5,0.4999,3.8808,0.9446,0.9593,0.4709,,,0,0.0,4700.2,4524.6,6443.9,/Users/admin/Code/typed-decision-bench/output/spark-X2.5_stats.jsonl,8
spark-X2.5,tool_action_selection,80,0.7125,0.7142,2.4333,0.5316,0.9735,0.2688,,,0,0.0,5508.6,5562.1,6547.1,/Users/admin/Code/typed-decision-bench/output/spark-X2.5_stats.jsonl,9
spark-X2.5,typed_jev_native_replay,80,0.825,0.8134,0.9942,0.2949,0.9413,0.1475,0.5618,0.7692,0,0.0,2624.8,2413.6,5159.8,/Users/admin/Code/typed-decision-bench/output/spark-X2.5_stats.jsonl,10
spark-X2.5,code_quality_judgements,80,0.7375,0.7372,1.3689,0.4671,0.9579,0.2403,0.0257,1.0,0,0.0,76.6,54.8,60.8,/Users/admin/Code/typed-decision-bench/output/spark-X2.5_stats.jsonl,11
spark-X2.5,program_behavior_prediction,80,0.95,0.9456,0.1511,0.073,0.9786,0.0324,,,0,0.0,77.4,55.0,161.0,/Users/admin/Code/typed-decision-bench/output/spark-X2.5_stats.jsonl,12
spark-X2.5,code_requirement_satisfaction,80,0.35,0.3397,4.0644,1.2017,0.9115,0.5982,,,0,0.0,456.1,470.0,798.6,/Users/admin/Code/typed-decision-bench/output/spark-X2.5_stats.jsonl,13
spark-X2.5,patch_diff_correctness,80,0.3375,0.3392,5.2613,1.2212,0.9298,0.5957,,,0,0.0,871.8,864.4,1185.3,/Users/admin/Code/typed-decision-bench/output/spark-X2.5_stats.jsonl,14
spark-X2.5,test_quality_and_adequacy,80,0.6125,0.5818,1.5647,0.6802,0.8928,0.3084,,,0,0.0,1209.9,1199.6,1603.9,/Users/admin/Code/typed-decision-bench/output/spark-X2.5_stats.jsonl,15
spark-X2.5,api_contract_compatibility,80,0.425,0.4217,4.5449,1.1058,0.9675,0.5476,,,0,0.0,1595.3,1560.6,2186.1,/Users/admin/Code/typed-decision-bench/output/spark-X2.5_stats.jsonl,16
spark-X2.5,dependency_api_existence_judgements,80,0.525,0.542,3.0461,0.8178,0.9346,0.4096,,,0,0.0,1809.3,1930.1,2670.2,/Users/admin/Code/typed-decision-bench/output/spark-X2.5_stats.jsonl,17
spark-X2.5,version_compatibility,80,0.825,0.8219,0.4046,0.2314,0.9101,0.1126,,,0,0.0,450.3,227.4,1408.9,/Users/admin/Code/typed-decision-bench/output/spark-X2.5_stats.jsonl,18
spark-X2.5,environment_portability_judgements,80,0.9875,0.9829,0.1023,0.0203,0.9908,0.0124,,,0,0.0,966.5,1011.7,1888.7,/Users/admin/Code/typed-decision-bench/output/spark-X2.5_stats.jsonl,19
spark-X2.5,concurrency_correctness,80,0.8125,0.769,0.9498,0.3747,0.9395,0.2026,,,0,0.0,768.7,516.0,2076.0,/Users/admin/Code/typed-decision-bench/output/spark-X2.5_stats.jsonl,20
spark-X2.5,idempotency_judgements,80,0.9875,0.975,0.0358,0.0201,0.9821,0.025,,,0,0.0,71.7,58.0,113.4,/Users/admin/Code/typed-decision-bench/output/spark-X2.5_stats.jsonl,21
spark-X2.5,error_handling_quality,80,0.5875,0.5922,2.9617,0.7585,0.9586,0.3792,,,0,0.0,57.2,55.8,64.3,/Users/admin/Code/typed-decision-bench/output/spark-X2.5_stats.jsonl,22
spark-X2.5,algorithm_data_structure_appropriateness,80,0.7375,0.7403,2.4432,0.4748,0.9682,0.2307,,,0,0.0,58.2,56.2,64.0,/Users/admin/Code/typed-decision-bench/output/spark-X2.5_stats.jsonl,23
spark-X2.5,complexity_estimation,80,0.9625,0.9615,0.2305,0.0747,0.9988,0.0363,,,0,0.0,293.1,190.0,757.3,/Users/admin/Code/typed-decision-bench/output/spark-X2.5_stats.jsonl,24
spark-X2.5,performance_bottleneck_attribution,80,0.8875,0.8851,1.0081,0.2241,0.9969,0.1146,,,0,0.0,1303.7,1224.3,2170.7,/Users/admin/Code/typed-decision-bench/output/spark-X2.5_stats.jsonl,25
spark-X2.5,parallelization_suitability,80,0.5,0.4812,4.0871,0.9439,0.9362,0.4766,,,0,0.0,618.2,185.0,1851.7,/Users/admin/Code/typed-decision-bench/output/spark-X2.5_stats.jsonl,26
spark-X2.5,database_query_reasoning,80,0.925,0.9194,0.1772,0.0979,0.9543,0.0571,,,0,0.0,802.9,739.6,1559.5,/Users/admin/Code/typed-decision-bench/output/spark-X2.5_stats.jsonl,27
spark-X2.5,regex_pattern_correctness,80,0.5125,0.5076,3.7327,0.9138,0.9509,0.4384,,,0,0.0,1880.0,1813.7,3163.6,/Users/admin/Code/typed-decision-bench/output/spark-X2.5_stats.jsonl,28
spark-X2.5,state_machine_correctness,80,0.375,0.3731,3.8242,1.1931,0.9667,0.5917,,,0,0.0,1161.9,969.4,2846.2,/Users/admin/Code/typed-decision-bench/output/spark-X2.5_stats.jsonl,29
spark-X2.5,serialization_compatibility,80,0.975,0.9694,0.0488,0.0353,0.9818,0.0306,,,0,0.0,789.2,728.0,1668.4,/Users/admin/Code/typed-decision-bench/output/spark-X2.5_stats.jsonl,30
spark-X2.5,data_migration_correctness,80,0.6375,0.6398,2.6543,0.6338,0.9391,0.3114,,,0,0.0,1819.7,1757.3,2665.2,/Users/admin/Code/typed-decision-bench/output/spark-X2.5_stats.jsonl,31
spark-X2.5,distributed_systems_consistency,80,0.4875,0.5008,3.9453,0.876,0.9131,0.4256,,,0,0.0,3144.7,3099.1,4482.1,/Users/admin/Code/typed-decision-bench/output/spark-X2.5_stats.jsonl,32
spark-X2.5,cache_correctness,80,0.675,0.6239,2.6493,0.5766,0.8791,0.2449,,,0,0.0,4278.0,4130.4,5677.5,/Users/admin/Code/typed-decision-bench/output/spark-X2.5_stats.jsonl,33
spark-X2.5,observability_adequacy,80,0.4875,0.5067,3.2305,0.8604,0.9088,0.4213,,,0,0.0,4232.7,4201.6,5606.1,/Users/admin/Code/typed-decision-bench/output/spark-X2.5_stats.jsonl,34
spark-X2.5,log_event_sequence_diagnosis,80,1.0,0.9989,0.0012,0.0001,0.9989,0.0011,,,0,0.0,4395.4,4308.5,5678.9,/Users/admin/Code/typed-decision-bench/output/spark-X2.5_stats.jsonl,35
spark-X2.5,configuration_correctness,80,0.75,0.7616,0.9742,0.4335,0.9694,0.2315,,,0,0.0,4205.0,4095.5,5726.2,/Users/admin/Code/typed-decision-bench/output/spark-X2.5_stats.jsonl,36
spark-X2.5,command_line_semantics,80,0.775,0.7667,1.3089,0.4057,0.9545,0.2227,,,0,0.0,4350.3,4308.9,5600.0,/Users/admin/Code/typed-decision-bench/output/spark-X2.5_stats.jsonl,37
spark-X2.5,open_source_license_compatibility,80,0.4,0.4063,4.6134,1.105,0.9416,0.5416,,,0,0.0,4218.2,4141.2,5675.4,/Users/admin/Code/typed-decision-bench/output/spark-X2.5_stats.jsonl,38
spark-X2.5,accessibility_semantics_from_source,80,0.5375,0.5334,2.4984,0.8323,0.9332,0.42,,,0,0.0,4163.4,4154.8,5464.1,/Users/admin/Code/typed-decision-bench/output/spark-X2.5_stats.jsonl,39
spark-X2.5,graph_logic,80,0.425,0.4244,4.5116,1.0691,0.9431,0.531,,,0,0.0,4267.7,4295.8,5446.6,/Users/admin/Code/typed-decision-bench/output/spark-X2.5_stats.jsonl,40
spark-X2.5,graph_knowledge,80,1.0,1.0,0.0,0.0,1.0,0.0,,,0,0.0,1605.3,1116.8,4087.3,/Users/admin/Code/typed-decision-bench/output/spark-X2.5_stats.jsonl,41
spark-X2.5,ontology_taxonomy_consistency,80,0.4125,0.4029,5.2815,1.0631,0.9077,0.4952,,,0,0.0,960.5,836.5,2102.1,/Users/admin/Code/typed-decision-bench/output/spark-X2.5_stats.jsonl,42
spark-X2.5,graph_path_relevance,80,1.0,0.9934,0.0073,0.002,0.9934,0.0066,,,0,0.0,1898.4,1861.7,2949.6,/Users/admin/Code/typed-decision-bench/output/spark-X2.5_stats.jsonl,43
spark-X2.5,temporal_graph_consistency,80,0.9875,0.9491,0.0616,0.0304,0.9493,0.0382,,,0,0.0,1130.4,913.5,2642.1,/Users/admin/Code/typed-decision-bench/output/spark-X2.5_stats.jsonl,44
spark-X2.5,causal_chain_validation,80,0.65,0.6506,1.649,0.5736,0.9113,0.2613,,,0,0.0,165.0,58.4,587.0,/Users/admin/Code/typed-decision-bench/output/spark-X2.5_stats.jsonl,45
spark-X2.5,root_cause_attribution,80,0.15,0.159,6.2945,1.6078,0.9473,0.8199,,,0,0.0,686.2,652.1,1334.9,/Users/admin/Code/typed-decision-bench/output/spark-X2.5_stats.jsonl,46
spark-X2.5,evidence_provenance,80,0.6625,0.627,1.3399,0.5949,0.8882,0.3199,,,0,0.0,164.7,57.8,801.1,/Users/admin/Code/typed-decision-bench/output/spark-X2.5_stats.jsonl,47
spark-X2.5,source_reliability_in_context,80,1.0,0.9987,0.0013,0.0,0.9987,0.0013,,,0,0.0,60.7,56.8,71.2,/Users/admin/Code/typed-decision-bench/output/spark-X2.5_stats.jsonl,48
spark-X2.5,semantic_similarity_and_factual_correctness,80,0.7375,0.7368,2.8139,0.5168,0.9942,0.2567,,,0,0.0,663.2,663.9,1184.9,/Users/admin/Code/typed-decision-bench/output/spark-X2.5_stats.jsonl,49
spark-X2.5,summary_completeness,80,0.8125,0.8161,0.443,0.2879,0.9453,0.1413,,,0,0.0,1781.8,1683.6,2634.7,/Users/admin/Code/typed-decision-bench/output/spark-X2.5_stats.jsonl,50
spark-X2.5,claim_entailment,80,0.675,0.6769,2.3839,0.5908,0.9622,0.2872,,,0,0.0,2997.1,2988.8,4068.6,/Users/admin/Code/typed-decision-bench/output/spark-X2.5_stats.jsonl,51
spark-X2.5,unknown_known_state_classification,80,0.9625,0.9671,0.2845,0.0571,0.9928,0.0321,,,0,0.0,1231.0,1075.6,2988.1,/Users/admin/Code/typed-decision-bench/output/spark-X2.5_stats.jsonl,52
spark-X2.5,answerability_from_provided_context,80,0.6125,0.6056,1.6218,0.6053,0.8683,0.268,,,0,0.0,60.8,55.9,68.6,/Users/admin/Code/typed-decision-bench/output/spark-X2.5_stats.jsonl,53
spark-X2.5,evidence_sufficiency,80,1.0,0.9997,0.0003,0.0,0.9997,0.0003,,,0,0.0,71.1,55.3,164.4,/Users/admin/Code/typed-decision-bench/output/spark-X2.5_stats.jsonl,54
spark-X2.5,fact_vs_inference_classification,80,0.75,0.7494,3.1401,0.4969,0.9977,0.2477,,,0,0.0,556.3,530.7,1208.7,/Users/admin/Code/typed-decision-bench/output/spark-X2.5_stats.jsonl,55
spark-X2.5,hallucination_detection,80,0.75,0.75,2.6441,0.4999,0.9999,0.2499,,,0,0.0,1646.2,1542.5,2494.9,/Users/admin/Code/typed-decision-bench/output/spark-X2.5_stats.jsonl,56
spark-X2.5,topic_keyword_fidelity,80,1.0,1.0,0.0,0.0,1.0,0.0,,,0,0.0,497.3,59.9,1632.5,/Users/admin/Code/typed-decision-bench/output/spark-X2.5_stats.jsonl,57
spark-X2.5,information_retrieval_relevance,80,1.0,1.0,0.0,0.0,1.0,0.0,,,0,0.0,72.0,56.9,85.0,/Users/admin/Code/typed-decision-bench/output/spark-X2.5_stats.jsonl,58
spark-X2.5,recommendation_reranking_quality,80,0.6625,0.6525,0.9404,0.5154,0.8732,0.2107,,,0,0.0,841.0,796.1,1479.1,/Users/admin/Code/typed-decision-bench/output/spark-X2.5_stats.jsonl,59
spark-X2.5,entity_resolution,80,0.675,0.693,1.0174,0.5812,0.982,0.307,,,0,0.0,497.2,58.5,1718.3,/Users/admin/Code/typed-decision-bench/output/spark-X2.5_stats.jsonl,60
spark-X2.5,record_deduplication,80,0.4625,0.4626,4.1986,0.9836,0.9351,0.4726,,,0,0.0,759.9,765.9,1407.7,/Users/admin/Code/typed-decision-bench/output/spark-X2.5_stats.jsonl,61
spark-X2.5,cross_document_reconciliation,80,1.0,0.9914,0.0095,0.0029,0.9914,0.0086,,,0,0.0,1938.3,1834.6,3063.1,/Users/admin/Code/typed-decision-bench/output/spark-X2.5_stats.jsonl,62
spark-X2.5,document_consistency,80,0.575,0.5191,2.8163,0.7956,0.8798,0.3392,,,0,0.0,3058.9,2955.1,4238.7,/Users/admin/Code/typed-decision-bench/output/spark-X2.5_stats.jsonl,63
spark-X2.5,booking_accounting_mapping,80,0.9,0.8969,0.5946,0.183,0.984,0.099,,,0,0.0,4381.7,4426.9,5684.3,/Users/admin/Code/typed-decision-bench/output/spark-X2.5_stats.jsonl,64
spark-X2.5,accounting_reasonableness,80,0.45,0.4497,6.2576,1.0997,0.9996,0.5496,,,0,0.0,4737.9,4773.1,5772.0,/Users/admin/Code/typed-decision-bench/output/spark-X2.5_stats.jsonl,65
spark-X2.5,invoice_anomaly_detection,80,0.825,0.8094,1.1886,0.3357,0.9672,0.177,,,0,0.0,4654.2,4558.6,5777.3,/Users/admin/Code/typed-decision-bench/output/spark-X2.5_stats.jsonl,66
spark-X2.5,fraud_scam_likelihood,80,0.375,0.3588,1.8594,0.9168,0.7381,0.3697,0.7141,0.75,0,0.0,4400.4,4320.6,5710.3,/Users/admin/Code/typed-decision-bench/output/spark-X2.5_stats.jsonl,67
spark-X2.5,transaction_anomaly_detection,80,0.65,0.6326,1.4368,0.5666,0.8837,0.2708,,,0,0.0,3937.3,3935.3,5101.7,/Users/admin/Code/typed-decision-bench/output/spark-X2.5_stats.jsonl,68
spark-X2.5,commercial_price_plausibility,80,0.8875,0.8846,0.4511,0.1741,0.9621,0.092,,,0,0.0,4172.8,4145.1,5629.4,/Users/admin/Code/typed-decision-bench/output/spark-X2.5_stats.jsonl,69
spark-X2.5,budget_consistency,80,0.525,0.5299,1.7143,0.8839,0.9704,0.4454,,,0,0.0,3019.6,2836.2,5407.7,/Users/admin/Code/typed-decision-bench/output/spark-X2.5_stats.jsonl,70
spark-X2.5,resource_planning,80,0.1625,0.1654,3.4912,1.4922,0.8751,0.7621,,,0,0.0,479.7,173.0,1642.4,/Users/admin/Code/typed-decision-bench/output/spark-X2.5_stats.jsonl,71
spark-X2.5,capacity_planning,80,0.3,0.3118,1.7661,0.8937,0.6307,0.3307,,,0,0.0,928.8,886.4,2136.0,/Users/admin/Code/typed-decision-bench/output/spark-X2.5_stats.jsonl,72
spark-X2.5,inventory_decisions,80,0.5,0.5588,1.3956,0.7221,0.8854,0.3854,,,0,0.0,2132.0,2077.2,3128.3,/Users/admin/Code/typed-decision-bench/output/spark-X2.5_stats.jsonl,73
spark-X2.5,scheduling_feasibility,80,0.675,0.664,1.3094,0.6178,0.9716,0.2966,,,0,0.0,629.0,440.7,1840.5,/Users/admin/Code/typed-decision-bench/output/spark-X2.5_stats.jsonl,74
spark-X2.5,prioritization_under_constraints,80,0.6125,0.5377,1.1577,0.5765,0.735,0.1729,,,0,0.0,1008.2,951.2,1890.1,/Users/admin/Code/typed-decision-bench/output/spark-X2.5_stats.jsonl,75
spark-X2.5,pareto_optimal_decision_taking,80,0.075,0.325,1.2274,0.948,0.6875,0.6125,,,0,0.0,2225.5,2076.4,3528.7,/Users/admin/Code/typed-decision-bench/output/spark-X2.5_stats.jsonl,76
spark-X2.5,expected_utility_decisions,80,0.3875,0.4128,3.0245,1.0041,0.8746,0.4871,,,0,0.0,3448.0,3302.2,4780.5,/Users/admin/Code/typed-decision-bench/output/spark-X2.5_stats.jsonl,77
spark-X2.5,bayesian_evidence_updating,80,0.625,0.6021,2.1778,0.7226,0.956,0.3635,,,0,0.0,1754.4,1716.8,3561.7,/Users/admin/Code/typed-decision-bench/output/spark-X2.5_stats.jsonl,78
spark-X2.5,game_theory_judgements,80,0.4625,0.5371,1.8931,0.7748,0.8857,0.4232,,,0,0.0,56.7,54.8,66.6,/Users/admin/Code/typed-decision-bench/output/spark-X2.5_stats.jsonl,79
spark-X2.5,adversarial_agent_reasoning,80,0.9125,0.8945,0.3634,0.1666,0.9693,0.0886,,,0,0.0,57.4,56.1,66.4,/Users/admin/Code/typed-decision-bench/output/spark-X2.5_stats.jsonl,80
spark-X2.5,negotiation_judgements,80,0.45,0.4373,2.8604,0.8655,0.8164,0.3664,,,0,0.0,59.1,56.4,74.4,/Users/admin/Code/typed-decision-bench/output/spark-X2.5_stats.jsonl,81
spark-X2.5,probability_support_judgement,80,0.2125,0.2247,5.7491,1.5315,0.9873,0.7748,,,0,0.0,75.9,57.5,103.4,/Users/admin/Code/typed-decision-bench/output/spark-X2.5_stats.jsonl,82
spark-X2.5,probability_calibration_language,80,0.9,0.8814,0.3188,0.1733,0.9588,0.084,,,0,0.0,830.1,769.9,1492.8,/Users/admin/Code/typed-decision-bench/output/spark-X2.5_stats.jsonl,83
spark-X2.5,forecast_consistency,80,0.6,0.6001,3.41,0.7994,0.9998,0.3998,,,0,0.0,352.4,58.0,1310.9,/Users/admin/Code/typed-decision-bench/output/spark-X2.5_stats.jsonl,84
spark-X2.5,counterfactual_plausibility,80,1.0,0.9709,0.0303,0.0044,0.9709,0.0291,,,0,0.0,55.7,54.4,63.1,/Users/admin/Code/typed-decision-bench/output/spark-X2.5_stats.jsonl,85
spark-X2.5,base_rate_awareness,80,0.6125,0.574,1.4896,0.5585,0.7824,0.1953,,,0,0.0,60.2,55.0,64.9,/Users/admin/Code/typed-decision-bench/output/spark-X2.5_stats.jsonl,86
spark-X2.5,sampling_statistical_interpretation,80,0.9,0.8663,0.3827,0.1896,0.9498,0.0898,,,0,0.0,781.2,765.1,1462.5,/Users/admin/Code/typed-decision-bench/output/spark-X2.5_stats.jsonl,87
spark-X2.5,unit_understanding,80,0.7125,0.682,1.295,0.512,0.9154,0.2184,,,0,0.0,373.9,59.1,1336.7,/Users/admin/Code/typed-decision-bench/output/spark-X2.5_stats.jsonl,88
spark-X2.5,dimensional_consistency,80,0.6,0.6036,2.0159,0.7857,0.9964,0.3964,,,0,0.0,59.5,55.6,82.1,/Users/admin/Code/typed-decision-bench/output/spark-X2.5_stats.jsonl,89
spark-X2.5,order_of_magnitude_reasoning,80,0.575,0.5733,3.623,0.7742,0.9429,0.3768,,,0,0.0,64.0,63.5,73.8,/Users/admin/Code/typed-decision-bench/output/spark-X2.5_stats.jsonl,90
spark-X2.5,scale_plausibility,80,0.7875,0.7968,0.6718,0.3881,0.9904,0.2029,,,0,0.0,66.6,62.8,94.0,/Users/admin/Code/typed-decision-bench/output/spark-X2.5_stats.jsonl,91
spark-X2.5,geometry_and_embodied_navigation,80,0.375,0.3909,2.0596,0.8986,0.7726,0.4134,,,0,0.0,64.4,61.5,78.3,/Users/admin/Code/typed-decision-bench/output/spark-X2.5_stats.jsonl,92
spark-X2.5,spatial_relation_reasoning,80,0.4375,0.4177,4.9212,1.0353,0.9057,0.5026,,,0,0.0,762.2,740.2,1401.0,/Users/admin/Code/typed-decision-bench/output/spark-X2.5_stats.jsonl,93
spark-X2.5,route_feasibility,80,0.275,0.2654,5.3897,1.396,0.9603,0.6853,,,0,0.0,1939.4,1938.2,2861.9,/Users/admin/Code/typed-decision-bench/output/spark-X2.5_stats.jsonl,94
spark-X2.5,embodied_affordances,80,0.5,0.512,2.2032,0.9525,0.9873,0.4873,,,0,0.0,559.6,57.7,1816.4,/Users/admin/Code/typed-decision-bench/output/spark-X2.5_stats.jsonl,95
spark-X2.5,physical_commonsense,80,0.7,0.7167,0.8937,0.5235,0.9764,0.2764,,,0,0.0,103.0,55.0,451.9,/Users/admin/Code/typed-decision-bench/output/spark-X2.5_stats.jsonl,96
spark-X2.5,mechanical_system_reasoning,80,0.4,0.3705,4.844,1.0854,0.8742,0.5046,,,0,0.0,725.5,754.4,1286.1,/Users/admin/Code/typed-decision-bench/output/spark-X2.5_stats.jsonl,97
spark-X2.5,object_permanence_state_tracking,80,0.9875,0.9875,0.0481,0.0239,0.9994,0.0119,,,0,0.0,146.6,57.1,709.8,/Users/admin/Code/typed-decision-bench/output/spark-X2.5_stats.jsonl,98
spark-X2.5,temporal_ordering,80,0.8,0.7818,0.4052,0.2515,0.8699,0.1107,,,0,0.0,805.0,785.6,1501.4,/Users/admin/Code/typed-decision-bench/output/spark-X2.5_stats.jsonl,99
spark-X2.5,calendar_time_zone_understanding,80,0.5625,0.497,1.6661,0.7378,0.8222,0.3375,,,0,0.0,368.3,57.7,1278.2,/Users/admin/Code/typed-decision-bench/output/spark-X2.5_stats.jsonl,100
spark-X2.5,historical_fact_verification,80,1.0,0.9472,0.0602,0.0239,0.9472,0.0528,,,0,0.0,55.4,54.7,61.3,/Users/admin/Code/typed-decision-bench/output/spark-X2.5_stats.jsonl,101
spark-X2.5,historical_anachronism_detection,80,0.6625,0.6838,0.847,0.5482,0.953,0.2905,,,0,0.0,55.9,55.2,60.9,/Users/admin/Code/typed-decision-bench/output/spark-X2.5_stats.jsonl,102
spark-X2.5,geographical_consistency,80,0.65,0.7171,0.591,0.4199,0.8879,0.2379,,,0,0.0,55.3,54.9,59.0,/Users/admin/Code/typed-decision-bench/output/spark-X2.5_stats.jsonl,103
spark-X2.5,weather_state_interpretation,80,0.1625,0.1686,5.8169,1.651,0.9939,0.8314,,,0,0.0,56.2,55.2,60.8,/Users/admin/Code/typed-decision-bench/output/spark-X2.5_stats.jsonl,104
spark-X2.5,scientific_hypothesis_plausibility,80,0.625,0.6306,2.4921,0.6371,0.9288,0.3086,,,0,0.0,79.3,66.1,131.6,/Users/admin/Code/typed-decision-bench/output/spark-X2.5_stats.jsonl,105
spark-X2.5,experimental_design_judgement,80,0.65,0.658,1.1958,0.5343,0.8848,0.2549,,,0,0.0,170.9,149.9,369.4,/Users/admin/Code/typed-decision-bench/output/spark-X2.5_stats.jsonl,106
spark-X2.5,measurement_uncertainty_reasoning,80,0.5625,0.5053,0.7594,0.5539,0.6487,0.197,,,0,0.0,87.3,95.5,119.7,/Users/admin/Code/typed-decision-bench/output/spark-X2.5_stats.jsonl,107
spark-X2.5,biological_system_reasoning,80,0.8,0.8102,0.3493,0.2523,0.9016,0.1596,,,0,0.0,79.2,73.3,114.2,/Users/admin/Code/typed-decision-bench/output/spark-X2.5_stats.jsonl,108
spark-X2.5,biological_signal_understanding,80,0.925,0.9276,0.1697,0.115,0.9829,0.0579,,,0,0.0,98.2,97.8,127.8,/Users/admin/Code/typed-decision-bench/output/spark-X2.5_stats.jsonl,109
spark-X2.5,medical_differential_reasoning_benchmarks,80,1.0,1.0,0.0,0.0,1.0,0.0,,,0,0.0,66.8,57.0,101.0,/Users/admin/Code/typed-decision-bench/output/spark-X2.5_stats.jsonl,110
spark-X2.5,medical_chronology_consistency,80,0.675,0.6795,2.0933,0.5541,0.9317,0.3026,,,0,0.0,67.2,55.0,140.8,/Users/admin/Code/typed-decision-bench/output/spark-X2.5_stats.jsonl,111
spark-X2.5,translation_correctness,80,0.675,0.671,3.3183,0.6188,0.976,0.301,,,0,0.0,843.2,834.1,1459.5,/Users/admin/Code/typed-decision-bench/output/spark-X2.5_stats.jsonl,112
spark-X2.5,grammar_judgement,80,0.7875,0.7931,1.5823,0.394,0.9849,0.2063,,,0,0.0,1887.7,1804.1,2874.1,/Users/admin/Code/typed-decision-bench/output/spark-X2.5_stats.jsonl,113
spark-X2.5,glossary_adherence,80,0.8625,0.8109,0.7017,0.2793,0.9251,0.1598,,,0,0.0,846.6,565.7,2292.1,/Users/admin/Code/typed-decision-bench/output/spark-X2.5_stats.jsonl,114
spark-X2.5,synonym_semantic_substitution_scoring,80,0.4125,0.4132,7.66,1.1623,0.9933,0.5808,,,0,0.0,57.3,55.7,65.9,/Users/admin/Code/typed-decision-bench/output/spark-X2.5_stats.jsonl,115
spark-X2.5,word_sense_disambiguation,80,1.0,1.0,0.0,0.0,1.0,0.0,,,0,0.0,55.6,55.3,59.3,/Users/admin/Code/typed-decision-bench/output/spark-X2.5_stats.jsonl,116
spark-X2.5,language_dialect_identification,80,0.875,0.8847,0.525,0.1869,0.9666,0.1036,,,0,0.0,767.0,738.1,1354.1,/Users/admin/Code/typed-decision-bench/output/spark-X2.5_stats.jsonl,117
spark-X2.5,code_switch_understanding,80,0.4875,0.4835,6.8426,1.0026,0.9814,0.5021,,,0,0.0,153.7,55.7,688.2,/Users/admin/Code/typed-decision-bench/output/spark-X2.5_stats.jsonl,118
spark-X2.5,pragmatic_intent_understanding,80,0.8,0.807,0.7636,0.2941,0.9294,0.1368,,,0,0.0,758.1,758.8,1328.4,/Users/admin/Code/typed-decision-bench/output/spark-X2.5_stats.jsonl,119
spark-X2.5,sarcasm_and_humor_understanding,80,0.6125,0.605,2.95,0.6884,0.9258,0.3168,,,0,0.0,1820.3,1777.9,2618.6,/Users/admin/Code/typed-decision-bench/output/spark-X2.5_stats.jsonl,120
spark-X2.5,humor_explanation_correctness,80,0.975,0.9711,0.0874,0.0497,0.994,0.0286,,,0,0.0,472.6,59.2,1668.4,/Users/admin/Code/typed-decision-bench/output/spark-X2.5_stats.jsonl,121
spark-X2.5,mood_atmosphere_understanding,80,1.0,0.9901,0.0114,0.005,0.9901,0.0099,,,0,0.0,74.8,55.3,210.8,/Users/admin/Code/typed-decision-bench/output/spark-X2.5_stats.jsonl,122
spark-X2.5,tone_register_classification,80,0.925,0.9282,0.1979,0.1146,0.9811,0.0565,,,0,0.0,602.0,581.7,1197.9,/Users/admin/Code/typed-decision-bench/output/spark-X2.5_stats.jsonl,123
spark-X2.5,dialogue_coherence,80,0.825,0.8215,0.6884,0.3029,0.9607,0.1601,,,0,0.0,1627.5,1595.2,2476.2,/Users/admin/Code/typed-decision-bench/output/spark-X2.5_stats.jsonl,124
spark-X2.5,conversation_state_tracking,80,1.0,0.9903,0.0123,0.0075,0.9903,0.0097,,,0,0.0,335.6,58.3,1326.5,/Users/admin/Code/typed-decision-bench/output/spark-X2.5_stats.jsonl,125
spark-X2.5,persona_consistency,80,0.6375,0.6104,1.3485,0.5963,0.872,0.25,,,0,0.0,147.0,56.4,652.9,/Users/admin/Code/typed-decision-bench/output/spark-X2.5_stats.jsonl,126
spark-X2.5,theory_of_mind_false_belief_reasoning,80,0.8375,0.8222,0.9522,0.2799,0.9456,0.1316,,,0,0.0,891.4,892.8,1540.5,/Users/admin/Code/typed-decision-bench/output/spark-X2.5_stats.jsonl,127
spark-X2.5,embodied_unknowns,80,1.0,0.9824,0.0187,0.0036,0.9824,0.0176,,,0,0.0,171.1,55.2,790.2,/Users/admin/Code/typed-decision-bench/output/spark-X2.5_stats.jsonl,128
spark-X2.5,embodied_time_aware_world_views,80,0.75,0.6461,0.9355,0.4967,0.856,0.2957,,,0,0.0,55.5,55.2,58.6,/Users/admin/Code/typed-decision-bench/output/spark-X2.5_stats.jsonl,129
spark-X2.5,embodied_emotions,80,0.2125,0.2121,9.0241,1.5603,0.9883,0.7817,,,0,0.0,56.8,55.8,61.9,/Users/admin/Code/typed-decision-bench/output/spark-X2.5_stats.jsonl,130
spark-X2.5,emotion_cause_attribution,80,1.0,0.9994,0.0006,0.0,0.9994,0.0006,,,0,0.0,54.7,53.9,59.5,/Users/admin/Code/typed-decision-bench/output/spark-X2.5_stats.jsonl,131
spark-X2.5,social_norm_reasoning,80,0.8,0.8,2.3452,0.3884,0.9931,0.1931,,,0,0.0,56.3,55.4,61.4,/Users/admin/Code/typed-decision-bench/output/spark-X2.5_stats.jsonl,132
spark-X2.5,relationship_permission_reasoning,80,0.85,0.8787,0.2248,0.1677,0.9487,0.1084,,,0,0.0,55.3,55.1,58.4,/Users/admin/Code/typed-decision-bench/output/spark-X2.5_stats.jsonl,133
spark-X2.5,embodied_animal_understanding,80,0.575,0.5775,3.6368,0.8049,0.9724,0.3974,,,0,0.0,753.8,727.1,1453.0,/Users/admin/Code/typed-decision-bench/output/spark-X2.5_stats.jsonl,134
spark-X2.5,animal_affordance_constraint_reasoning,80,0.775,0.7253,1.3146,0.3996,0.8916,0.2022,,,0,0.0,437.1,61.1,1399.3,/Users/admin/Code/typed-decision-bench/output/spark-X2.5_stats.jsonl,135
spark-X2.5,narrative_next_event_plausibility,80,1.0,1.0,0.0,0.0,1.0,0.0,,,0,0.0,55.4,55.1,59.9,/Users/admin/Code/typed-decision-bench/output/spark-X2.5_stats.jsonl,136
spark-X2.5,character_goal_consistency,80,0.8375,0.7723,0.7813,0.3403,0.9297,0.2254,,,0,0.0,55.4,54.3,60.3,/Users/admin/Code/typed-decision-bench/output/spark-X2.5_stats.jsonl,137
spark-X2.5,ocr_ngram_based_text_recognition,80,1.0,1.0,0.0,0.0,1.0,0.0,,,0,0.0,787.0,800.5,1438.9,/Users/admin/Code/typed-decision-bench/output/spark-X2.5_stats.jsonl,138
spark-X2.5,noisy_ocr_reconstruction,80,0.8875,0.8631,0.3023,0.1932,0.9427,0.1236,,,0,0.0,399.8,58.6,1429.8,/Users/admin/Code/typed-decision-bench/output/spark-X2.5_stats.jsonl,139
spark-X2.5,document_field_association,80,1.0,1.0,0.0,0.0,1.0,0.0,,,0,0.0,764.4,731.5,1437.6,/Users/admin/Code/typed-decision-bench/output/spark-X2.5_stats.jsonl,140
spark-X2.5,document_type_classification,80,1.0,1.0,0.0,0.0,1.0,0.0,,,0,0.0,1857.9,1784.2,2720.1,/Users/admin/Code/typed-decision-bench/output/spark-X2.5_stats.jsonl,141
spark-X2.5,document_workflow_state,80,0.8375,0.8312,0.5738,0.2174,0.9121,0.0918,,,0,0.0,3088.6,2991.0,4556.4,/Users/admin/Code/typed-decision-bench/output/spark-X2.5_stats.jsonl,142
spark-X2.5,table_reasoning_from_linearized_text,80,0.4625,0.44,3.6966,0.9728,0.8959,0.4654,,,0,0.0,4140.8,3927.0,5467.9,/Users/admin/Code/typed-decision-bench/output/spark-X2.5_stats.jsonl,143
spark-X2.5,spreadsheet_formula_semantics_from_text,80,0.5625,0.5725,4.1677,0.7762,0.9421,0.387,,,0,0.0,2426.0,2303.1,4702.1,/Users/admin/Code/typed-decision-bench/output/spark-X2.5_stats.jsonl,144
spark-X2.5,form_completeness,80,0.6,0.5968,1.8219,0.6877,0.9195,0.3332,,,0,0.0,958.5,846.8,2018.7,/Users/admin/Code/typed-decision-bench/output/spark-X2.5_stats.jsonl,145
spark-X2.5,contract_clause_consistency,80,0.5625,0.5463,3.3743,0.786,0.9162,0.3711,,,0,0.0,1802.5,1811.1,2861.5,/Users/admin/Code/typed-decision-bench/output/spark-X2.5_stats.jsonl,146
spark-X2.5,requirement_traceability,80,0.55,0.5233,2.4764,0.7561,0.8627,0.3153,,,0,0.0,3255.2,3185.6,4685.2,/Users/admin/Code/typed-decision-bench/output/spark-X2.5_stats.jsonl,147
spark-X2.5,business_process_conformance,80,0.75,0.7507,1.5262,0.4342,0.9549,0.2168,,,0,0.0,3937.8,3785.3,5231.8,/Users/admin/Code/typed-decision-bench/output/spark-X2.5_stats.jsonl,148
spark-X2.5,email_thread_state_understanding,80,0.7375,0.7258,0.7427,0.3693,0.8726,0.14,,,0,0.0,4355.4,4264.6,5796.5,/Users/admin/Code/typed-decision-bench/output/spark-X2.5_stats.jsonl,149
spark-X2.5,action_item_extraction_verification,80,0.7875,0.8042,0.2982,0.2182,0.8615,0.1224,,,0,0.0,4223.5,4214.9,5608.8,/Users/admin/Code/typed-decision-bench/output/spark-X2.5_stats.jsonl,150
spark-X2.5,product_catalog_matching,80,0.8875,0.857,0.3878,0.19,0.9319,0.0965,,,0,0.0,4519.8,4470.6,5743.5,/Users/admin/Code/typed-decision-bench/output/spark-X2.5_stats.jsonl,151
spark-X2.5,compatibility_matching,80,0.825,0.8466,0.3652,0.2601,0.9722,0.1534,,,0,0.0,1494.6,1293.8,3927.2,/Users/admin/Code/typed-decision-bench/output/spark-X2.5_stats.jsonl,152
spark-X2.5,taxonomy_category_assignment,80,1.0,1.0,0.0,0.0,1.0,0.0,,,0,0.0,57.4,56.4,63.6,/Users/admin/Code/typed-decision-bench/output/spark-X2.5_stats.jsonl,153
spark-X2.5,multi_label_topic_classification,80,1.0,0.9995,0.0005,0.0,0.9995,0.0005,,,0,0.0,56.4,55.8,61.6,/Users/admin/Code/typed-decision-bench/output/spark-X2.5_stats.jsonl,154
spark-X2.5,domain_identification,80,0.9875,0.9809,0.0744,0.0264,0.9933,0.0175,,,0,0.0,56.9,55.3,65.3,/Users/admin/Code/typed-decision-bench/output/spark-X2.5_stats.jsonl,155
spark-X2.5,expertise_level_estimation_of_text,80,0.7125,0.7421,0.6969,0.4371,0.9463,0.2452,,,0,0.0,57.1,55.9,63.8,/Users/admin/Code/typed-decision-bench/output/spark-X2.5_stats.jsonl,156
spark-X2.5,explanation_necessity_judgement,80,0.825,0.8249,0.7702,0.3412,0.9955,0.1705,,,0,0.0,58.0,56.5,73.6,/Users/admin/Code/typed-decision-bench/output/spark-X2.5_stats.jsonl,157
spark-X2.5,explanation_quality_judgement,80,0.575,0.5514,3.5666,0.823,0.9498,0.4251,,,0,0.0,73.5,63.4,105.6,/Users/admin/Code/typed-decision-bench/output/spark-X2.5_stats.jsonl,158
spark-X2.5,rationale_to_answer_consistency,80,0.6125,0.6127,3.1009,0.7731,0.9992,0.3867,,,0,0.0,57.0,56.5,60.1,/Users/admin/Code/typed-decision-bench/output/spark-X2.5_stats.jsonl,159
spark-X2.5,constraint_satisfaction_judgement,80,0.9625,0.912,0.1233,0.0789,0.9261,0.0636,,,0,0.0,57.4,56.3,64.6,/Users/admin/Code/typed-decision-bench/output/spark-X2.5_stats.jsonl,160
spark-X2.5,soft_vs_hard_constraint_discrimination,80,0.95,0.9342,0.1574,0.0746,0.9539,0.0472,,,0,0.0,66.2,56.7,68.7,/Users/admin/Code/typed-decision-bench/output/spark-X2.5_stats.jsonl,161
spark-X2.5,preference_learning_from_explicit_examples,80,0.4375,0.4679,1.8429,0.9297,0.9106,0.4853,,,0,0.0,830.9,799.7,1495.9,/Users/admin/Code/typed-decision-bench/output/spark-X2.5_stats.jsonl,162
spark-X2.5,multi_criteria_scoring_consistency,80,0.3875,0.3936,2.8511,1.1823,0.984,0.5965,,,0,0.0,245.2,57.5,1021.8,/Users/admin/Code/typed-decision-bench/output/spark-X2.5_stats.jsonl,163
spark-X2.5,rubric_based_quality_assessment,80,0.4,0.4153,4.6278,1.1409,0.9845,0.5845,0.6847,0.9,0,0.0,772.0,757.9,1360.3,/Users/admin/Code/typed-decision-bench/output/spark-X2.5_stats.jsonl,164
spark-X2.5,comparative_judgement_transitivity,80,0.4125,0.4203,2.6278,1.1256,0.9823,0.5698,,,0,0.0,154.3,56.3,692.8,/Users/admin/Code/typed-decision-bench/output/spark-X2.5_stats.jsonl,165
spark-X2.5,pairwise_preference_prediction,80,0.6625,0.6412,1.9778,0.6144,0.9256,0.3016,,,0,0.0,746.7,754.8,1308.1,/Users/admin/Code/typed-decision-bench/output/spark-X2.5_stats.jsonl,166
spark-X2.5,set_coverage_diversity_judgement,80,1.0,1.0,0.0,0.0,1.0,0.0,,,0,0.0,428.3,57.8,1409.0,/Users/admin/Code/typed-decision-bench/output/spark-X2.5_stats.jsonl,167
spark-X2.5,redundancy_detection,80,0.4125,0.418,5.1467,1.1202,0.9708,0.5699,,,0,0.0,56.9,56.5,60.6,/Users/admin/Code/typed-decision-bench/output/spark-X2.5_stats.jsonl,168
spark-X2.5,information_density_judgement,80,0.825,0.7408,0.3796,0.2374,0.7917,0.0824,0.2932,1.0,0,0.0,58.1,57.0,65.0,/Users/admin/Code/typed-decision-bench/output/spark-X2.5_stats.jsonl,169
spark-X2.5,data_quality_validation,80,0.9125,0.8906,0.3815,0.1462,0.9531,0.0785,,,0,0.0,764.3,725.1,1519.9,/Users/admin/Code/typed-decision-bench/output/spark-X2.5_stats.jsonl,170
spark-X2.5,synthetic_data_plausibility,80,0.8375,0.8202,0.3345,0.2321,0.9134,0.1047,,,0,0.0,1852.0,1782.6,2948.9,/Users/admin/Code/typed-decision-bench/output/spark-X2.5_stats.jsonl,171
spark-X2.5,class_label_leakage_detection,80,0.925,0.8938,0.1402,0.081,0.9114,0.0685,,,0,0.0,817.4,378.4,2448.7,/Users/admin/Code/typed-decision-bench/output/spark-X2.5_stats.jsonl,172
spark-X2.5,dataset_example_quality,80,0.4625,0.4578,3.8503,0.9929,0.9388,0.4889,,,0,0.0,879.5,814.7,1704.7,/Users/admin/Code/typed-decision-bench/output/spark-X2.5_stats.jsonl,173
spark-X2.5,benchmark_contamination_clues,80,0.5125,0.5214,5.044,0.9403,0.9893,0.4768,,,0,0.0,1904.7,1818.7,2908.7,/Users/admin/Code/typed-decision-bench/output/spark-X2.5_stats.jsonl,174
spark-X2.5,adversarial_example_detection,80,0.4375,0.4396,5.2037,1.0526,0.9494,0.5394,,,0,0.0,3205.4,3090.8,4856.8,/Users/admin/Code/typed-decision-bench/output/spark-X2.5_stats.jsonl,175
spark-X2.5,spurious_correlation_resistance,80,0.775,0.7688,1.43,0.3895,0.9498,0.1908,,,0,0.0,4157.6,4078.4,5485.3,/Users/admin/Code/typed-decision-bench/output/spark-X2.5_stats.jsonl,176
spark-X2.5,invariant_detection,80,0.6,0.6798,0.6589,0.5018,0.9048,0.3202,,,0,0.0,1088.6,210.4,3166.6,/Users/admin/Code/typed-decision-bench/output/spark-X2.5_stats.jsonl,177
spark-X2.5,boundary_condition_judgement,80,0.575,0.5675,1.497,0.7332,0.9164,0.3622,,,0,0.0,102.7,56.9,392.3,/Users/admin/Code/typed-decision-bench/output/spark-X2.5_stats.jsonl,178
spark-X2.5,failure_mode_classification,80,0.9125,0.9142,0.8138,0.1568,0.9893,0.0844,,,0,0.0,573.6,541.7,1361.3,/Users/admin/Code/typed-decision-bench/output/spark-X2.5_stats.jsonl,179
spark-X2.5,recoverability_judgement,80,0.825,0.8245,1.2952,0.3157,0.9771,0.1694,,,0,0.0,281.8,57.3,1141.6,/Users/admin/Code/typed-decision-bench/output/spark-X2.5_stats.jsonl,180
spark-X2.5,reversibility_destructiveness,80,0.5125,0.5042,1.8131,0.7684,0.8315,0.3504,,,0,0.0,56.9,56.0,62.0,/Users/admin/Code/typed-decision-bench/output/spark-X2.5_stats.jsonl,181
spark-X2.5,operational_urgency,80,0.6375,0.6375,3.9288,0.725,1.0,0.3625,0.6625,0.7,0,0.0,58.2,56.7,66.3,/Users/admin/Code/typed-decision-bench/output/spark-X2.5_stats.jsonl,182
spark-X2.5,change_risk_judgement,80,0.275,0.2818,6.0826,1.3148,0.9092,0.6342,1.3861,0.5,0,0.0,62.3,56.3,72.5,/Users/admin/Code/typed-decision-bench/output/spark-X2.5_stats.jsonl,183
spark-X2.5,regression_likelihood_judgement,80,0.2125,0.2132,7.5731,1.5517,0.9867,0.7742,1.3114,0.5875,0,0.0,729.8,715.3,1334.5,/Users/admin/Code/typed-decision-bench/output/spark-X2.5_stats.jsonl,184
spark-X2.5,human_vs_machine_task_suitability,80,0.65,0.636,3.4269,0.6553,0.9481,0.3235,,,0,0.0,333.6,59.0,1287.4,/Users/admin/Code/typed-decision-bench/output/spark-X2.5_stats.jsonl,185
spark-X2.5,live_data_requirement,80,0.725,0.7269,0.4106,0.289,0.8093,0.1372,,,0,0.0,56.5,56.0,61.0,/Users/admin/Code/typed-decision-bench/output/spark-X2.5_stats.jsonl,186
spark-X2.5,information_acquisition_value,80,0.65,0.6129,1.5608,0.6197,0.8953,0.3081,,,0,0.0,58.6,58.1,64.3,/Users/admin/Code/typed-decision-bench/output/spark-X2.5_stats.jsonl,187
spark-X2.5,stopping_decision_sufficiency,80,0.9625,0.9594,0.4368,0.0751,0.9969,0.0344,,,0,0.0,59.6,58.3,66.7,/Users/admin/Code/typed-decision-bench/output/spark-X2.5_stats.jsonl,188
spark-X2.5,confidence_vs_evidence_consistency,80,0.8125,0.798,1.1771,0.3526,0.967,0.1804,,,0,0.0,59.4,58.1,65.8,/Users/admin/Code/typed-decision-bench/output/spark-X2.5_stats.jsonl,189
spark-X2.5,self_consistency_across_outputs,80,0.6,0.6054,1.8531,0.7494,0.9751,0.3751,,,0,0.0,58.2,57.3,64.2,/Users/admin/Code/typed-decision-bench/output/spark-X2.5_stats.jsonl,190
spark-X2.5,granularity_selection,80,0.7625,0.7572,2.8698,0.4663,0.9849,0.2227,,,0,0.0,59.1,57.6,65.3,/Users/admin/Code/typed-decision-bench/output/spark-X2.5_stats.jsonl,191
spark-X2.5,abstraction_level_matching,80,0.9,0.8001,0.3988,0.1932,0.8546,0.1292,,,0,0.0,58.7,57.7,67.0,/Users/admin/Code/typed-decision-bench/output/spark-X2.5_stats.jsonl,192
spark-X2.5,analogy_validity,80,0.65,0.6452,3.0083,0.6685,0.9758,0.3344,,,0,0.0,61.4,57.7,74.4,/Users/admin/Code/typed-decision-bench/output/spark-X2.5_stats.jsonl,193
spark-X2.5,category_error_detection,80,0.8625,0.8489,1.2474,0.257,0.9657,0.1194,,,0,0.0,685.2,672.7,1286.5,/Users/admin/Code/typed-decision-bench/output/spark-X2.5_stats.jsonl,194
spark-X2.5,cognitive_bias_illogic_detection,80,0.9125,0.9125,1.3154,0.175,1.0,0.0875,,,0,0.0,1866.3,1767.2,2788.5,/Users/admin/Code/typed-decision-bench/output/spark-X2.5_stats.jsonl,195
spark-X2.5,contradiction_resolution,80,0.8875,0.883,0.4562,0.1932,0.9766,0.0891,,,0,0.0,1370.6,1288.8,3066.2,/Users/admin/Code/typed-decision-bench/output/spark-X2.5_stats.jsonl,196
spark-X2.5,scope_reasoning,80,0.675,0.7061,1.0753,0.4929,0.9335,0.2585,,,0,0.0,870.9,752.9,1838.8,/Users/admin/Code/typed-decision-bench/output/spark-X2.5_stats.jsonl,197
spark-X2.5,quantifier_reasoning_in_natural_text,80,0.775,0.7669,2.5819,0.4553,0.9918,0.2329,,,0,0.0,1960.2,2018.7,2965.2,/Users/admin/Code/typed-decision-bench/output/spark-X2.5_stats.jsonl,198
spark-X2.5,negation_polarity_tracking,80,0.7,0.6965,3.4517,0.5955,0.9917,0.302,,,0,0.0,3251.4,3147.6,4799.8,/Users/admin/Code/typed-decision-bench/output/spark-X2.5_stats.jsonl,199
spark-X2.5,reference_coreference_resolution,80,0.6125,0.6108,2.1676,0.6621,0.9138,0.3116,,,0,0.0,4343.5,4254.9,5698.8,/Users/admin/Code/typed-decision-bench/output/spark-X2.5_stats.jsonl,200
spark-X2.5,comparative_language_reasoning,80,0.7375,0.7358,2.4883,0.4995,0.9804,0.2576,,,0,0.0,4529.3,4450.7,5769.5,/Users/admin/Code/typed-decision-bench/output/spark-X2.5_stats.jsonl,201
spark-X2.5,definition_adherence,80,0.9375,0.8825,0.2629,0.1193,0.9182,0.066,,,0,0.0,1442.6,1036.4,4636.4,/Users/admin/Code/typed-decision-bench/output/spark-X2.5_stats.jsonl,202
spark-X2.5,local_rule_over_world_knowledge_judgement,80,0.4625,0.4794,2.507,1.0151,0.9831,0.5206,,,0,0.0,70.0,59.1,80.0,/Users/admin/Code/typed-decision-bench/output/spark-X2.5_stats.jsonl,203
spark-X2.5,world_model_consistency,80,0.5,0.5221,2.2771,0.9152,0.9761,0.4761,,,0,0.0,86.1,59.1,304.1,/Users/admin/Code/typed-decision-bench/output/spark-X2.5_stats.jsonl,204
spark-X2.5,long_context_distractor_resistance,80,1.0,1.0,0.0,0.0,1.0,0.0,,,0,0.0,751.0,737.1,1365.1,/Users/admin/Code/typed-decision-bench/output/spark-X2.5_stats.jsonl,205
spark-X2.5,needle_set_retrieval,80,0.2625,0.2528,6.5246,1.3541,0.8963,0.6535,,,0,0.0,2018.7,1939.6,3046.4,/Users/admin/Code/typed-decision-bench/output/spark-X2.5_stats.jsonl,206
spark-X2.5,cross_domain_synthesis,80,0.625,0.6265,1.9049,0.7373,0.9952,0.3702,,,0,0.0,1413.5,1455.0,3318.5,/Users/admin/Code/typed-decision-bench/output/spark-X2.5_stats.jsonl,207
spark-X2.5,minimal_sufficient_explanation_selection,80,1.0,1.0,0.0,0.0,1.0,0.0,,,0,0.0,876.1,782.1,1769.4,/Users/admin/Code/typed-decision-bench/output/spark-X2.5_stats.jsonl,208
spark-X2.5,competing_hypothesis_discrimination,80,0.8625,0.8796,0.2591,0.1874,0.9671,0.1046,,,0,0.0,729.4,738.2,1698.2,/Users/admin/Code/typed-decision-bench/output/spark-X2.5_stats.jsonl,209
spark-X2.5,mechanism_vs_pattern_distinction,80,0.3875,0.3912,4.4082,1.1275,0.9426,0.5551,,,0,0.0,56.7,55.9,62.4,/Users/admin/Code/typed-decision-bench/output/spark-X2.5_stats.jsonl,210
spark-X2.5,decision_robustness,80,0.575,0.5746,3.0824,0.8482,0.9987,0.4237,,,0,0.0,56.9,56.1,62.0,/Users/admin/Code/typed-decision-bench/output/spark-X2.5_stats.jsonl,211
spark-X2.5,sensitivity_analysis,80,0.6625,0.6499,1.7926,0.5862,0.9221,0.273,,,0,0.0,755.5,754.8,1423.9,/Users/admin/Code/typed-decision-bench/output/spark-X2.5_stats.jsonl,212
spark-X2.5,dominated_information_detection,80,0.5,0.494,2.9065,0.9138,0.9439,0.4439,,,0,0.0,299.6,57.0,1285.6,/Users/admin/Code/typed-decision-bench/output/spark-X2.5_stats.jsonl,213
spark-X2.5,consistency_under_paraphrase,80,0.4875,0.4884,3.2766,1.0211,0.999,0.5115,,,0,0.0,56.6,55.8,61.3,/Users/admin/Code/typed-decision-bench/output/spark-X2.5_stats.jsonl,214
spark-X2.5,consistency_under_irrelevant_context_insertion,80,0.4625,0.4543,3.2445,1.0689,0.9878,0.5315,,,0,0.0,56.1,55.8,59.5,/Users/admin/Code/typed-decision-bench/output/spark-X2.5_stats.jsonl,215
spark-X2.5,consistency_under_option_permutation,80,1.0,0.9373,0.0707,0.0264,0.9373,0.0627,,,0,0.0,56.8,56.0,59.5,/Users/admin/Code/typed-decision-bench/output/spark-X2.5_stats.jsonl,216
spark-X2.5,calibration_under_ambiguity,80,0.45,0.4917,1.2612,0.7564,0.8026,0.3707,0.784,0.725,0,0.0,56.4,55.8,60.6,/Users/admin/Code/typed-decision-bench/output/spark-X2.5_stats.jsonl,217
spark-X2.5,support_department,80,0.85,0.8569,1.2997,0.2744,0.993,0.143,,,0,0.0,57.4,56.7,62.9,/Users/admin/Code/typed-decision-bench/output/spark-X2.5_stats.jsonl,218
spark-X2.5,email_intent,80,1.0,0.9865,0.015,0.005,0.9865,0.0135,,,0,0.0,57.2,56.1,63.8,/Users/admin/Code/typed-decision-bench/output/spark-X2.5_stats.jsonl,219
spark-X2.5,refund_eligible,80,0.8125,0.7718,0.7911,0.355,0.9354,0.167,,,0,0.0,56.3,55.6,61.4,/Users/admin/Code/typed-decision-bench/output/spark-X2.5_stats.jsonl,220
spark-X2.5,urgency,80,0.7,0.7018,0.817,0.5046,0.9433,0.2672,,,0,0.0,57.0,55.5,65.5,/Users/admin/Code/typed-decision-bench/output/spark-X2.5_stats.jsonl,221
spark-X2.5,secret_leak,80,0.575,0.5663,2.6723,0.8445,0.9868,0.4337,,,0,0.0,56.1,55.5,60.0,/Users/admin/Code/typed-decision-bench/output/spark-X2.5_stats.jsonl,222
spark-X2.5,frustration_level,80,0.8125,0.8105,0.5236,0.3242,0.9696,0.1639,0.1896,1.0,0,0.0,56.8,55.7,59.5,/Users/admin/Code/typed-decision-bench/output/spark-X2.5_stats.jsonl,223
spark-X2.5,incident_severity,80,0.75,0.7352,1.6038,0.4457,0.9329,0.2183,0.2651,1.0,0,0.0,57.2,56.9,59.9,/Users/admin/Code/typed-decision-bench/output/spark-X2.5_stats.jsonl,224
spark-X2.5,review_sentiment,80,0.7375,0.727,1.7551,0.4726,0.9457,0.259,0.2585,0.9375,0,0.0,56.3,55.8,58.6,/Users/admin/Code/typed-decision-bench/output/spark-X2.5_stats.jsonl,225
spark-X2.5,support_department_hard,80,0.7875,0.8013,1.413,0.3365,0.9583,0.1847,,,0,0.0,779.6,783.4,1423.5,/Users/admin/Code/typed-decision-bench/output/spark-X2.5_stats.jsonl,226
spark-X2.5,email_intent_hard,80,1.0,0.9944,0.0075,0.005,0.9944,0.0056,,,0,0.0,1898.1,1793.2,3005.3,/Users/admin/Code/typed-decision-bench/output/spark-X2.5_stats.jsonl,227
spark-X2.5,refund_eligible_hard,80,0.5625,0.5611,1.0373,0.6408,0.8309,0.283,,,0,0.0,3016.7,2912.4,4181.5,/Users/admin/Code/typed-decision-bench/output/spark-X2.5_stats.jsonl,228
spark-X2.5,urgency_hard,80,0.5875,0.6047,1.5038,0.6982,0.934,0.3587,,,0,0.0,4362.4,4531.2,5662.0,/Users/admin/Code/typed-decision-bench/output/spark-X2.5_stats.jsonl,229
spark-X2.5,secret_leak_hard,80,0.4625,0.4639,4.3971,1.0695,0.9986,0.5361,,,0,0.0,4400.3,4189.5,5684.1,/Users/admin/Code/typed-decision-bench/output/spark-X2.5_stats.jsonl,230
spark-X2.5,frustration_level_hard,80,0.5875,0.5707,2.6294,0.7855,0.954,0.3976,0.4342,0.85,0,0.0,4487.8,4425.5,5699.6,/Users/admin/Code/typed-decision-bench/output/spark-X2.5_stats.jsonl,231
spark-X2.5,incident_severity_hard,80,0.85,0.7966,0.5978,0.2923,0.9165,0.1591,0.2134,0.9875,0,0.0,4594.6,4537.4,5803.6,/Users/admin/Code/typed-decision-bench/output/spark-X2.5_stats.jsonl,232
spark-X2.5,review_sentiment_hard,80,0.6875,0.6812,2.2667,0.5628,0.9469,0.2848,0.3286,0.8625,0,0.0,4265.6,4200.2,5467.8,/Users/admin/Code/typed-decision-bench/output/spark-X2.5_stats.jsonl,233
spark-X2.5,expense_category,80,1.0,0.9991,0.0009,0.0001,0.9991,0.0009,,,0,0.0,3903.8,3823.5,5119.1,/Users/admin/Code/typed-decision-bench/output/spark-X2.5_stats.jsonl,234
spark-X2.5,oncall_route,80,0.9875,0.9875,0.0595,0.0246,0.9997,0.0122,,,0,0.0,4107.3,4065.6,5436.9,/Users/admin/Code/typed-decision-bench/output/spark-X2.5_stats.jsonl,235
spark-X2.5,churn_risk,80,0.9,0.8985,0.3152,0.18,0.9862,0.0995,0.289,0.9,0,0.0,3362.9,3359.8,5218.8,/Users/admin/Code/typed-decision-bench/output/spark-X2.5_stats.jsonl,236
spark-X2.5,lead_qualification,80,0.85,0.8214,0.2867,0.1761,0.8807,0.1321,0.1832,1.0,0,0.0,300.4,58.4,1547.9,/Users/admin/Code/typed-decision-bench/output/spark-X2.5_stats.jsonl,237
spark-X2.5,app_review_intent,80,1.0,0.9975,0.0027,0.0008,0.9975,0.0025,,,0,0.0,57.6,56.1,66.7,/Users/admin/Code/typed-decision-bench/output/spark-X2.5_stats.jsonl,238
spark-X2.5,content_moderation,80,0.775,0.7759,1.2972,0.4086,0.9736,0.2137,,,0,0.0,66.0,56.4,76.5,/Users/admin/Code/typed-decision-bench/output/spark-X2.5_stats.jsonl,239
spark-X2.5,code_review_intent,80,0.9625,0.9581,0.0588,0.0403,0.961,0.0036,,,0,0.0,769.6,750.8,1467.9,/Users/admin/Code/typed-decision-bench/output/spark-X2.5_stats.jsonl,240
spark-X2.5,commit_intent,80,0.9,0.8998,0.6338,0.1651,0.9739,0.0867,,,0,0.0,362.7,58.6,1424.3,/Users/admin/Code/typed-decision-bench/output/spark-X2.5_stats.jsonl,241
spark-X2.5,recipe_cuisine,80,0.95,0.9487,0.4265,0.0961,0.9964,0.0464,,,0,0.0,807.2,783.6,1443.0,/Users/admin/Code/typed-decision-bench/output/spark-X2.5_stats.jsonl,242
spark-X2.5,question_duplicate,80,0.95,0.9518,0.068,0.0438,0.9656,0.0482,,,0,0.0,437.5,59.9,1435.0,/Users/admin/Code/typed-decision-bench/output/spark-X2.5_stats.jsonl,243
spark-X2.5,sql_injection_risk,80,0.525,0.5262,4.3124,0.9455,0.9988,0.4738,,,0,0.0,57.1,55.4,63.0,/Users/admin/Code/typed-decision-bench/output/spark-X2.5_stats.jsonl,244
spark-X2.5,travel_policy_violation,80,0.5,0.5026,4.0724,0.99,0.9973,0.4973,,,0,0.0,57.6,55.6,68.8,/Users/admin/Code/typed-decision-bench/output/spark-X2.5_stats.jsonl,245
spark-X2.5,contains_pii,80,0.95,0.9268,0.1799,0.0923,0.968,0.056,,,0,0.0,56.5,55.5,63.1,/Users/admin/Code/typed-decision-bench/output/spark-X2.5_stats.jsonl,246
spark-X2.5,contains_spoiler,80,0.8625,0.843,0.5979,0.2606,0.9693,0.1281,,,0,0.0,57.5,55.7,63.8,/Users/admin/Code/typed-decision-bench/output/spark-X2.5_stats.jsonl,247
spark-X2.5,formality_level,80,0.65,0.6503,2.8855,0.6965,0.9985,0.3485,0.3498,0.975,0,0.0,57.9,56.4,65.8,/Users/admin/Code/typed-decision-bench/output/spark-X2.5_stats.jsonl,248
spark-X2.5,phishing_email,80,0.8875,0.884,0.8448,0.2251,0.9963,0.1131,,,0,0.0,62.3,56.0,104.6,/Users/admin/Code/typed-decision-bench/output/spark-X2.5_stats.jsonl,249
spark-X2.5,meeting_conflict,80,0.4625,0.4626,5.159,1.0745,0.9999,0.5374,,,0,0.0,56.4,55.5,62.0,/Users/admin/Code/typed-decision-bench/output/spark-X2.5_stats.jsonl,250
spark-X2.5,hazmat_shipping,80,1.0,0.9961,0.0042,0.0011,0.9961,0.0039,,,0,0.0,56.2,55.6,60.8,/Users/admin/Code/typed-decision-bench/output/spark-X2.5_stats.jsonl,251
spark-X2.5,dietary_vegan,80,0.85,0.8783,0.2538,0.1683,0.943,0.1037,,,0,0.0,55.9,55.3,59.5,/Users/admin/Code/typed-decision-bench/output/spark-X2.5_stats.jsonl,252
spark-X2.5,news_topic,80,0.925,0.9167,0.6166,0.1513,0.9907,0.0833,,,0,0.0,58.0,56.3,63.3,/Users/admin/Code/typed-decision-bench/output/spark-X2.5_stats.jsonl,253
spark-X2.5,document_type,80,1.0,1.0,0.0,0.0,1.0,0.0,,,0,0.0,57.7,56.4,62.6,/Users/admin/Code/typed-decision-bench/output/spark-X2.5_stats.jsonl,254
spark-X2.5,reading_level,80,0.8625,0.9152,0.1204,0.0841,0.9273,0.0829,0.0781,1.0,0,0.0,58.0,55.7,64.8,/Users/admin/Code/typed-decision-bench/output/spark-X2.5_stats.jsonl,255
spark-X2.5,insurance_claim_priority,80,0.75,0.737,2.6377,0.4961,0.9835,0.2597,0.3815,0.875,0,0.0,57.3,56.2,64.9,/Users/admin/Code/typed-decision-bench/output/spark-X2.5_stats.jsonl,256
spark-X2.5,symptom_triage,80,0.5125,0.5146,3.9152,0.8897,0.9487,0.4402,0.4348,0.9625,0,0.0,56.8,55.9,63.3,/Users/admin/Code/typed-decision-bench/output/spark-X2.5_stats.jsonl,257
spark-X2.5,delivery_exception,80,1.0,1.0,0.0,0.0,1.0,0.0,,,0,0.0,56.9,56.1,62.2,/Users/admin/Code/typed-decision-bench/output/spark-X2.5_stats.jsonl,258
spark-X2.5,city_service_request,80,0.9125,0.9267,0.3481,0.1149,0.9734,0.0733,,,0,0.0,56.7,56.1,61.9,/Users/admin/Code/typed-decision-bench/output/spark-X2.5_stats.jsonl,259
spark-X2.5,ad_policy_violation,80,0.9875,0.9881,0.038,0.0227,0.9994,0.0119,,,0,0.0,56.5,55.3,62.4,/Users/admin/Code/typed-decision-bench/output/spark-X2.5_stats.jsonl,260
spark-X2.5,fair_housing_violation,80,0.9,0.8974,0.5272,0.1939,0.9941,0.0968,,,0,0.0,56.8,55.1,61.7,/Users/admin/Code/typed-decision-bench/output/spark-X2.5_stats.jsonl,261
spark-X2.5,contract_clause_type,80,1.0,1.0,0.0,0.0,1.0,0.0,,,0,0.0,56.8,56.4,60.0,/Users/admin/Code/typed-decision-bench/output/spark-X2.5_stats.jsonl,262
spark-X2.5,voice_assistant_intent,80,0.9625,0.9654,0.0968,0.0617,0.9958,0.0334,,,0,0.0,57.7,56.2,63.9,/Users/admin/Code/typed-decision-bench/output/spark-X2.5_stats.jsonl,263
spark-X2.5,grammar_issue,80,0.5,0.5084,1.8738,0.7691,0.8505,0.3505,,,0,0.0,57.4,56.5,63.5,/Users/admin/Code/typed-decision-bench/output/spark-X2.5_stats.jsonl,264
spark-X2.5,action_item_assignment,80,0.825,0.8245,1.0322,0.3361,0.9913,0.1735,,,0,0.0,56.1,55.4,59.6,/Users/admin/Code/typed-decision-bench/output/spark-X2.5_stats.jsonl,265
spark-X2.5,suspicious_transaction,80,0.4875,0.4909,3.0594,0.9994,0.9893,0.5091,,,0,0.0,56.5,56.0,60.9,/Users/admin/Code/typed-decision-bench/output/spark-X2.5_stats.jsonl,266
spark-X2.5,return_reason,80,0.9875,0.9528,0.0928,0.0441,0.9648,0.0469,,,0,0.0,56.8,56.0,60.9,/Users/admin/Code/typed-decision-bench/output/spark-X2.5_stats.jsonl,267
spark-X2.5,allergen_present,80,0.8625,0.793,0.3902,0.2554,0.887,0.1485,,,0,0.0,56.6,55.8,62.1,/Users/admin/Code/typed-decision-bench/output/spark-X2.5_stats.jsonl,268
spark-X2.5,home_service_routing,80,0.9625,0.9387,0.103,0.0712,0.9624,0.0612,,,0,0.0,56.0,55.7,58.4,/Users/admin/Code/typed-decision-bench/output/spark-X2.5_stats.jsonl,269
spark-X2.5,gaming_report_type,80,0.7625,0.7703,1.9924,0.4251,0.9781,0.2156,,,0,0.0,56.8,56.1,62.1,/Users/admin/Code/typed-decision-bench/output/spark-X2.5_stats.jsonl,270
spark-X2.5,warranty_claim_eligible,80,0.55,0.6218,0.6497,0.4576,0.7574,0.2074,,,0,0.0,55.5,55.2,58.0,/Users/admin/Code/typed-decision-bench/output/spark-X2.5_stats.jsonl,271
spark-X2.5,weather_alert_severity,80,1.0,0.9891,0.0137,0.0056,0.9891,0.0109,0.0136,1.0,0,0.0,56.4,56.1,60.0,/Users/admin/Code/typed-decision-bench/output/spark-X2.5_stats.jsonl,272
spark-X2.5,content_type,80,0.825,0.8442,0.3075,0.2154,0.9254,0.1152,,,0,0.0,56.8,56.2,59.6,/Users/admin/Code/typed-decision-bench/output/spark-X2.5_stats.jsonl,273
spark-X2.5,veterinary_triage,80,0.4875,0.485,4.3794,0.9136,0.9112,0.4237,0.5346,0.9,0,0.0,56.4,55.8,59.4,/Users/admin/Code/typed-decision-bench/output/spark-X2.5_stats.jsonl,274
spark-X2.5,gpqa_diamond,81,0.5432,0.4546,1.2278,0.6564,0.6722,0.2309,,,0,0.0,636.8,685.5,1129.7,/Users/admin/Code/typed-decision-bench/output/spark-X2.5_stats.jsonl,275
spark-X2.5,micro,22001,0.7142,0.7097,1.7455,0.5013,0.9439,0.2297,0.4604,0.8771,0,0.0,1122.9,154.9,4684.6,/Users/admin/Code/typed-decision-bench/output/spark-X2.5_stats.jsonl,276
von-1.1,hard_reasoning,80,0.2375,0.2186,4.74,1.232,0.7701,0.5494,,,0,0.0,61.7,39.8,189.8,/Users/admin/Code/typed-decision-bench/output/von-1.1_stats.jsonl,1
von-1.1,math_quantitative_decisions,80,0.2375,0.2436,1.9156,0.9458,0.5463,0.3088,,,0,0.0,38.5,36.7,43.6,/Users/admin/Code/typed-decision-bench/output/von-1.1_stats.jsonl,2
von-1.1,oos_abstention_ambiguity,80,0.5,0.4987,2.4516,0.8158,0.8678,0.3678,,,0,0.0,38.9,38.4,42.2,/Users/admin/Code/typed-decision-bench/output/von-1.1_stats.jsonl,3
von-1.1,pii_sensitive_data_classification,80,0.525,0.5406,4.0223,0.8277,0.9363,0.4233,,,0,0.0,41.0,40.6,45.3,/Users/admin/Code/typed-decision-bench/output/von-1.1_stats.jsonl,4
von-1.1,routing_intent_support_priority,80,0.75,0.7315,2.3988,0.4636,0.9484,0.2358,0.9958,0.7368,0,0.0,40.8,40.8,45.3,/Users/admin/Code/typed-decision-bench/output/von-1.1_stats.jsonl,5
von-1.1,rule_following_formal_logic,80,0.3875,0.4005,1.3729,0.8247,0.719,0.3691,,,0,0.0,41.7,41.0,46.4,/Users/admin/Code/typed-decision-bench/output/von-1.1_stats.jsonl,6
von-1.1,security_policy_risk,80,0.5125,0.5221,5.786,0.8602,0.9348,0.4223,0.7706,0.75,0,0.0,39.2,38.2,44.1,/Users/admin/Code/typed-decision-bench/output/von-1.1_stats.jsonl,7
von-1.1,structured_schema_decisions,80,0.375,0.376,2.2805,0.9249,0.769,0.394,,,0,0.0,43.0,39.7,66.5,/Users/admin/Code/typed-decision-bench/output/von-1.1_stats.jsonl,8
von-1.1,tool_action_selection,80,0.1875,0.2016,10.449,1.4909,0.9311,0.7436,,,0,0.0,44.8,44.1,51.9,/Users/admin/Code/typed-decision-bench/output/von-1.1_stats.jsonl,9
von-1.1,typed_jev_native_replay,80,0.7,0.6892,1.6564,0.5148,0.9264,0.2327,0.9882,0.5769,0,0.0,38.4,37.3,44.7,/Users/admin/Code/typed-decision-bench/output/von-1.1_stats.jsonl,10
von-1.1,code_quality_judgements,80,0.6125,0.5824,2.566,0.7171,0.913,0.3517,0.6567,0.875,0,0.0,38.2,37.3,41.4,/Users/admin/Code/typed-decision-bench/output/von-1.1_stats.jsonl,11
von-1.1,program_behavior_prediction,80,0.45,0.4329,2.7083,0.8101,0.7569,0.3496,,,0,0.0,38.6,37.8,41.4,/Users/admin/Code/typed-decision-bench/output/von-1.1_stats.jsonl,12
von-1.1,code_requirement_satisfaction,80,0.225,0.225,20.1979,1.5497,0.9999,0.7749,,,0,0.0,40.7,39.7,44.1,/Users/admin/Code/typed-decision-bench/output/von-1.1_stats.jsonl,13
von-1.1,patch_diff_correctness,80,0.25,0.2617,3.7571,1.0394,0.6693,0.4193,,,0,0.0,41.0,40.4,45.2,/Users/admin/Code/typed-decision-bench/output/von-1.1_stats.jsonl,14
von-1.1,test_quality_and_adequacy,80,0.2875,0.2604,2.9949,1.1082,0.7302,0.498,,,0,0.0,40.4,39.7,45.7,/Users/admin/Code/typed-decision-bench/output/von-1.1_stats.jsonl,15
von-1.1,api_contract_compatibility,80,0.1875,0.1865,4.7469,1.5039,0.919,0.7315,,,0,0.0,41.3,40.4,47.7,/Users/admin/Code/typed-decision-bench/output/von-1.1_stats.jsonl,16
von-1.1,dependency_api_existence_judgements,80,0.2,0.1883,4.0006,1.358,0.804,0.6151,,,0,0.0,40.8,39.6,45.7,/Users/admin/Code/typed-decision-bench/output/von-1.1_stats.jsonl,17
von-1.1,version_compatibility,80,0.725,0.6801,0.8604,0.4546,0.8752,0.1722,,,0,0.0,39.0,38.3,44.7,/Users/admin/Code/typed-decision-bench/output/von-1.1_stats.jsonl,18
von-1.1,environment_portability_judgements,80,0.1625,0.2138,3.0397,1.1419,0.6835,0.5291,,,0,0.0,39.7,38.6,46.3,/Users/admin/Code/typed-decision-bench/output/von-1.1_stats.jsonl,19
von-1.1,concurrency_correctness,80,0.1625,0.161,6.1835,1.533,0.8972,0.7491,,,0,0.0,39.4,38.6,41.9,/Users/admin/Code/typed-decision-bench/output/von-1.1_stats.jsonl,20
von-1.1,idempotency_judgements,80,0.325,0.2942,2.6681,1.0238,0.7165,0.3983,,,0,0.0,40.1,38.7,43.9,/Users/admin/Code/typed-decision-bench/output/von-1.1_stats.jsonl,21
von-1.1,error_handling_quality,80,0.275,0.3135,2.2766,0.8885,0.6295,0.3576,,,0,0.0,38.7,38.0,42.6,/Users/admin/Code/typed-decision-bench/output/von-1.1_stats.jsonl,22
von-1.1,algorithm_data_structure_appropriateness,80,0.35,0.3767,1.883,0.9576,0.7937,0.4437,,,0,0.0,38.8,38.2,42.9,/Users/admin/Code/typed-decision-bench/output/von-1.1_stats.jsonl,23
von-1.1,complexity_estimation,80,0.3375,0.2654,2.7307,0.9189,0.5718,0.2545,,,0,0.0,39.5,38.6,44.1,/Users/admin/Code/typed-decision-bench/output/von-1.1_stats.jsonl,24
von-1.1,performance_bottleneck_attribution,80,0.2375,0.2331,3.6223,1.2825,0.8245,0.6067,,,0,0.0,39.0,38.3,43.8,/Users/admin/Code/typed-decision-bench/output/von-1.1_stats.jsonl,25
von-1.1,parallelization_suitability,80,0.225,0.2691,2.6046,1.1008,0.7373,0.5123,,,0,0.0,38.7,38.0,42.3,/Users/admin/Code/typed-decision-bench/output/von-1.1_stats.jsonl,26
von-1.1,database_query_reasoning,80,0.425,0.3717,3.1112,0.9336,0.7694,0.357,,,0,0.0,39.4,38.7,45.3,/Users/admin/Code/typed-decision-bench/output/von-1.1_stats.jsonl,27
von-1.1,regex_pattern_correctness,80,0.2,0.2175,2.1717,0.9752,0.5293,0.3293,,,0,0.0,38.8,37.6,43.2,/Users/admin/Code/typed-decision-bench/output/von-1.1_stats.jsonl,28
von-1.1,state_machine_correctness,80,0.5125,0.4614,1.7644,0.8433,0.8486,0.3703,,,0,0.0,39.1,38.3,44.7,/Users/admin/Code/typed-decision-bench/output/von-1.1_stats.jsonl,29
von-1.1,serialization_compatibility,80,0.45,0.4315,1.435,0.6748,0.6545,0.2097,,,0,0.0,39.1,38.7,43.5,/Users/admin/Code/typed-decision-bench/output/von-1.1_stats.jsonl,30
von-1.1,data_migration_correctness,80,0.325,0.2932,2.1532,0.9243,0.6346,0.3096,,,0,0.0,40.2,39.3,44.4,/Users/admin/Code/typed-decision-bench/output/von-1.1_stats.jsonl,31
von-1.1,distributed_systems_consistency,80,0.3875,0.3456,1.8785,0.801,0.6122,0.2281,,,0,0.0,40.3,39.8,44.1,/Users/admin/Code/typed-decision-bench/output/von-1.1_stats.jsonl,32
von-1.1,cache_correctness,80,0.1625,0.1771,3.3277,1.3093,0.7719,0.6251,,,0,0.0,40.4,39.2,46.2,/Users/admin/Code/typed-decision-bench/output/von-1.1_stats.jsonl,33
von-1.1,observability_adequacy,80,0.3,0.3083,2.4581,0.9708,0.6891,0.3891,,,0,0.0,41.4,39.0,53.9,/Users/admin/Code/typed-decision-bench/output/von-1.1_stats.jsonl,34
von-1.1,log_event_sequence_diagnosis,80,0.6375,0.5731,1.4409,0.5153,0.7528,0.1632,,,0,0.0,39.7,39.3,43.7,/Users/admin/Code/typed-decision-bench/output/von-1.1_stats.jsonl,35
von-1.1,configuration_correctness,80,0.45,0.4126,2.3524,0.8336,0.7518,0.3193,,,0,0.0,40.0,39.1,44.3,/Users/admin/Code/typed-decision-bench/output/von-1.1_stats.jsonl,36
von-1.1,command_line_semantics,80,0.4875,0.4717,2.0827,0.8635,0.869,0.3929,,,0,0.0,39.7,39.0,43.9,/Users/admin/Code/typed-decision-bench/output/von-1.1_stats.jsonl,37
von-1.1,open_source_license_compatibility,80,0.375,0.3665,3.7309,1.0678,0.8578,0.5024,,,0,0.0,40.0,39.1,45.8,/Users/admin/Code/typed-decision-bench/output/von-1.1_stats.jsonl,38
von-1.1,accessibility_semantics_from_source,80,0.6375,0.5955,2.6709,0.5788,0.8266,0.221,,,0,0.0,40.2,39.4,46.5,/Users/admin/Code/typed-decision-bench/output/von-1.1_stats.jsonl,39
von-1.1,graph_logic,80,0.3375,0.3383,5.8911,1.2636,0.9669,0.6294,,,0,0.0,41.4,40.5,45.9,/Users/admin/Code/typed-decision-bench/output/von-1.1_stats.jsonl,40
von-1.1,graph_knowledge,80,0.9125,0.84,0.3365,0.1644,0.8922,0.0983,,,0,0.0,39.3,38.9,42.0,/Users/admin/Code/typed-decision-bench/output/von-1.1_stats.jsonl,41
von-1.1,ontology_taxonomy_consistency,80,0.3,0.2995,2.2237,0.9798,0.6906,0.3967,,,0,0.0,41.9,40.2,54.3,/Users/admin/Code/typed-decision-bench/output/von-1.1_stats.jsonl,42
von-1.1,graph_path_relevance,80,0.775,0.5814,0.7049,0.4513,0.7114,0.2861,,,0,0.0,41.6,40.0,52.1,/Users/admin/Code/typed-decision-bench/output/von-1.1_stats.jsonl,43
von-1.1,temporal_graph_consistency,80,0.5,0.5002,3.6007,0.9983,0.9994,0.4994,,,0,0.0,40.4,39.3,48.8,/Users/admin/Code/typed-decision-bench/output/von-1.1_stats.jsonl,44
von-1.1,causal_chain_validation,80,0.2,0.2066,2.6688,1.1636,0.6875,0.4875,,,0,0.0,40.3,39.2,49.6,/Users/admin/Code/typed-decision-bench/output/von-1.1_stats.jsonl,45
von-1.1,root_cause_attribution,80,0.925,0.8879,0.3236,0.1147,0.933,0.0605,,,0,0.0,39.2,38.6,42.9,/Users/admin/Code/typed-decision-bench/output/von-1.1_stats.jsonl,46
von-1.1,evidence_provenance,80,1.0,0.9964,0.0036,0.0002,0.9964,0.0036,,,0,0.0,39.2,38.5,43.0,/Users/admin/Code/typed-decision-bench/output/von-1.1_stats.jsonl,47
von-1.1,source_reliability_in_context,80,0.825,0.798,0.4025,0.2342,0.8731,0.113,,,0,0.0,38.8,37.6,44.5,/Users/admin/Code/typed-decision-bench/output/von-1.1_stats.jsonl,48
von-1.1,semantic_similarity_and_factual_correctness,80,0.3375,0.3202,2.9602,1.1021,0.8169,0.4903,,,0,0.0,42.2,39.9,46.0,/Users/admin/Code/typed-decision-bench/output/von-1.1_stats.jsonl,49
von-1.1,summary_completeness,80,0.7875,0.79,2.1924,0.3885,0.9813,0.1989,,,0,0.0,41.3,39.6,50.4,/Users/admin/Code/typed-decision-bench/output/von-1.1_stats.jsonl,50
von-1.1,claim_entailment,80,0.5375,0.4277,2.3873,0.7734,0.7276,0.2422,,,0,0.0,42.2,39.6,55.8,/Users/admin/Code/typed-decision-bench/output/von-1.1_stats.jsonl,51
von-1.1,unknown_known_state_classification,80,0.5875,0.4639,1.3979,0.6085,0.6618,0.1314,,,0,0.0,39.2,38.1,45.6,/Users/admin/Code/typed-decision-bench/output/von-1.1_stats.jsonl,52
von-1.1,answerability_from_provided_context,80,0.3625,0.2964,2.9985,1.0384,0.7416,0.4008,,,0,0.0,38.5,37.8,42.2,/Users/admin/Code/typed-decision-bench/output/von-1.1_stats.jsonl,53
von-1.1,evidence_sufficiency,80,0.3875,0.3885,4.3089,1.2205,0.9987,0.6112,,,0,0.0,38.4,37.8,41.0,/Users/admin/Code/typed-decision-bench/output/von-1.1_stats.jsonl,54
von-1.1,fact_vs_inference_classification,80,0.5125,0.4602,1.5787,0.7131,0.7284,0.2802,,,0,0.0,39.3,39.1,41.9,/Users/admin/Code/typed-decision-bench/output/von-1.1_stats.jsonl,55
von-1.1,hallucination_detection,80,0.275,0.2751,2.6547,1.1046,0.749,0.4995,,,0,0.0,40.2,39.7,43.3,/Users/admin/Code/typed-decision-bench/output/von-1.1_stats.jsonl,56
von-1.1,topic_keyword_fidelity,80,0.8125,0.7901,0.4233,0.2396,0.8689,0.0891,,,0,0.0,38.3,37.4,41.7,/Users/admin/Code/typed-decision-bench/output/von-1.1_stats.jsonl,57
von-1.1,information_retrieval_relevance,80,0.0,0.0001,21.5045,1.8989,0.9378,0.9378,,,0,0.0,39.6,38.1,45.4,/Users/admin/Code/typed-decision-bench/output/von-1.1_stats.jsonl,58
von-1.1,recommendation_reranking_quality,80,0.35,0.3404,3.5853,1.1104,0.8494,0.5145,,,0,0.0,44.2,43.9,47.4,/Users/admin/Code/typed-decision-bench/output/von-1.1_stats.jsonl,59
von-1.1,entity_resolution,80,0.675,0.6796,1.3284,0.6238,0.9913,0.3163,,,0,0.0,39.1,38.8,42.5,/Users/admin/Code/typed-decision-bench/output/von-1.1_stats.jsonl,60
von-1.1,record_deduplication,80,0.2125,0.2294,3.4276,1.3015,0.8252,0.6297,,,0,0.0,38.9,37.9,44.2,/Users/admin/Code/typed-decision-bench/output/von-1.1_stats.jsonl,61
von-1.1,cross_document_reconciliation,80,0.1625,0.2234,2.3556,1.2471,0.7925,0.63,,,0,0.0,38.3,37.8,41.7,/Users/admin/Code/typed-decision-bench/output/von-1.1_stats.jsonl,62
von-1.1,document_consistency,80,0.5,0.4748,5.4287,0.9227,0.9089,0.4268,,,0,0.0,40.8,39.2,47.8,/Users/admin/Code/typed-decision-bench/output/von-1.1_stats.jsonl,63
von-1.1,booking_accounting_mapping,80,0.525,0.5146,3.8336,0.8028,0.8782,0.3532,,,0,0.0,38.0,37.5,42.3,/Users/admin/Code/typed-decision-bench/output/von-1.1_stats.jsonl,64
von-1.1,accounting_reasonableness,80,0.525,0.5177,4.0888,0.8593,0.9262,0.4246,,,0,0.0,41.4,38.5,57.1,/Users/admin/Code/typed-decision-bench/output/von-1.1_stats.jsonl,65
von-1.1,invoice_anomaly_detection,80,0.3375,0.3292,3.5934,1.0871,0.8225,0.5159,,,0,0.0,38.5,37.4,46.2,/Users/admin/Code/typed-decision-bench/output/von-1.1_stats.jsonl,66
von-1.1,fraud_scam_likelihood,80,0.15,0.1899,3.1514,1.3098,0.7864,0.6364,1.3249,0.4625,0,0.0,39.7,38.6,44.9,/Users/admin/Code/typed-decision-bench/output/von-1.1_stats.jsonl,67
von-1.1,transaction_anomaly_detection,80,0.05,0.0701,13.279,1.8008,0.961,0.911,,,0,0.0,38.4,37.4,43.8,/Users/admin/Code/typed-decision-bench/output/von-1.1_stats.jsonl,68
von-1.1,commercial_price_plausibility,80,0.15,0.1894,3.5042,1.3979,0.8533,0.7033,,,0,0.0,40.7,39.4,50.6,/Users/admin/Code/typed-decision-bench/output/von-1.1_stats.jsonl,69
von-1.1,budget_consistency,80,0.525,0.5248,2.7808,0.9444,0.997,0.472,,,0,0.0,38.4,37.7,44.1,/Users/admin/Code/typed-decision-bench/output/von-1.1_stats.jsonl,70
von-1.1,resource_planning,80,0.35,0.2896,3.5659,1.1065,0.7715,0.4913,,,0,0.0,37.7,36.5,47.0,/Users/admin/Code/typed-decision-bench/output/von-1.1_stats.jsonl,71
von-1.1,capacity_planning,80,0.1375,0.1898,2.5948,1.1333,0.629,0.4915,,,0,0.0,39.0,38.5,42.7,/Users/admin/Code/typed-decision-bench/output/von-1.1_stats.jsonl,72
von-1.1,inventory_decisions,80,0.5,0.4243,1.6083,0.7773,0.723,0.2579,,,0,0.0,39.8,38.8,45.4,/Users/admin/Code/typed-decision-bench/output/von-1.1_stats.jsonl,73
von-1.1,scheduling_feasibility,80,0.3375,0.3334,3.8789,1.3107,0.986,0.6627,,,0,0.0,37.9,37.3,41.4,/Users/admin/Code/typed-decision-bench/output/von-1.1_stats.jsonl,74
von-1.1,prioritization_under_constraints,80,0.3875,0.3164,1.8787,0.8884,0.6382,0.2845,,,0,0.0,45.5,44.4,53.1,/Users/admin/Code/typed-decision-bench/output/von-1.1_stats.jsonl,75
von-1.1,pareto_optimal_decision_taking,80,0.7875,0.7536,0.5106,0.3344,0.8786,0.1391,,,0,0.0,39.9,38.9,44.9,/Users/admin/Code/typed-decision-bench/output/von-1.1_stats.jsonl,76
von-1.1,expected_utility_decisions,80,0.3875,0.3743,1.723,0.8907,0.7325,0.368,,,0,0.0,44.8,44.3,49.1,/Users/admin/Code/typed-decision-bench/output/von-1.1_stats.jsonl,77
von-1.1,bayesian_evidence_updating,80,0.55,0.5535,2.187,0.8179,0.9476,0.407,,,0,0.0,37.7,37.2,40.9,/Users/admin/Code/typed-decision-bench/output/von-1.1_stats.jsonl,78
von-1.1,game_theory_judgements,80,0.6,0.6104,1.2958,0.6138,0.8926,0.3443,,,0,0.0,39.3,38.0,46.2,/Users/admin/Code/typed-decision-bench/output/von-1.1_stats.jsonl,79
von-1.1,adversarial_agent_reasoning,80,0.35,0.3629,2.4813,0.9242,0.7468,0.3968,,,0,0.0,39.9,37.2,54.1,/Users/admin/Code/typed-decision-bench/output/von-1.1_stats.jsonl,80
von-1.1,negotiation_judgements,80,0.325,0.3229,3.2308,1.057,0.7912,0.4662,,,0,0.0,37.8,37.3,41.9,/Users/admin/Code/typed-decision-bench/output/von-1.1_stats.jsonl,81
von-1.1,probability_support_judgement,80,0.2625,0.3305,1.8059,1.1332,0.8552,0.5927,,,0,0.0,39.5,38.6,45.1,/Users/admin/Code/typed-decision-bench/output/von-1.1_stats.jsonl,82
von-1.1,probability_calibration_language,80,0.375,0.3785,1.5083,0.7789,0.6594,0.2844,,,0,0.0,39.9,38.6,50.1,/Users/admin/Code/typed-decision-bench/output/von-1.1_stats.jsonl,83
von-1.1,forecast_consistency,80,0.6,0.5999,3.282,0.7996,0.9997,0.3997,,,0,0.0,37.0,36.4,40.9,/Users/admin/Code/typed-decision-bench/output/von-1.1_stats.jsonl,84
von-1.1,counterfactual_plausibility,80,0.25,0.2724,4.0544,1.4138,0.9771,0.7271,,,0,0.0,37.2,36.7,40.2,/Users/admin/Code/typed-decision-bench/output/von-1.1_stats.jsonl,85
von-1.1,base_rate_awareness,80,0.2875,0.2848,4.348,1.1779,0.8148,0.5299,,,0,0.0,37.7,36.8,41.6,/Users/admin/Code/typed-decision-bench/output/von-1.1_stats.jsonl,86
von-1.1,sampling_statistical_interpretation,80,0.325,0.3016,2.5552,1.0188,0.7282,0.4325,,,0,0.0,38.4,37.5,47.6,/Users/admin/Code/typed-decision-bench/output/von-1.1_stats.jsonl,87
von-1.1,unit_understanding,80,0.3375,0.2982,4.1992,1.2345,0.8873,0.5917,,,0,0.0,38.1,36.8,41.6,/Users/admin/Code/typed-decision-bench/output/von-1.1_stats.jsonl,88
von-1.1,dimensional_consistency,80,0.4125,0.5341,0.9405,0.6883,0.8286,0.4161,,,0,0.0,37.1,36.7,39.4,/Users/admin/Code/typed-decision-bench/output/von-1.1_stats.jsonl,89
von-1.1,order_of_magnitude_reasoning,80,0.2625,0.2581,3.3452,1.3081,0.8986,0.6361,,,0,0.0,38.0,36.9,44.3,/Users/admin/Code/typed-decision-bench/output/von-1.1_stats.jsonl,90
von-1.1,scale_plausibility,80,0.925,0.9087,0.1301,0.0887,0.9262,0.0384,,,0,0.0,43.9,37.6,58.4,/Users/admin/Code/typed-decision-bench/output/von-1.1_stats.jsonl,91
von-1.1,geometry_and_embodied_navigation,80,0.1625,0.2247,2.1842,0.938,0.4926,0.3301,,,0,0.0,37.6,36.9,42.5,/Users/admin/Code/typed-decision-bench/output/von-1.1_stats.jsonl,92
von-1.1,spatial_relation_reasoning,80,0.2,0.2057,4.0805,1.208,0.7165,0.5165,,,0,0.0,38.7,37.9,43.8,/Users/admin/Code/typed-decision-bench/output/von-1.1_stats.jsonl,93
von-1.1,route_feasibility,80,0.425,0.4371,1.294,0.7522,0.714,0.3095,,,0,0.0,49.3,45.0,79.6,/Users/admin/Code/typed-decision-bench/output/von-1.1_stats.jsonl,94
von-1.1,embodied_affordances,80,0.6125,0.6182,0.9878,0.6143,0.9119,0.2994,,,0,0.0,37.8,36.9,42.7,/Users/admin/Code/typed-decision-bench/output/von-1.1_stats.jsonl,95
von-1.1,physical_commonsense,80,0.8375,0.8275,1.1586,0.3147,0.9826,0.1624,,,0,0.0,38.2,36.9,47.1,/Users/admin/Code/typed-decision-bench/output/von-1.1_stats.jsonl,96
von-1.1,mechanical_system_reasoning,80,0.075,0.0817,4.8436,1.3643,0.6401,0.5651,,,0,0.0,39.9,38.6,45.5,/Users/admin/Code/typed-decision-bench/output/von-1.1_stats.jsonl,97
von-1.1,object_permanence_state_tracking,80,0.3875,0.3515,1.8663,0.8729,0.6932,0.3166,,,0,0.0,37.9,37.1,42.0,/Users/admin/Code/typed-decision-bench/output/von-1.1_stats.jsonl,98
von-1.1,temporal_ordering,80,0.3625,0.3445,3.0756,1.0284,0.7919,0.4294,,,0,0.0,57.3,42.6,123.2,/Users/admin/Code/typed-decision-bench/output/von-1.1_stats.jsonl,99
von-1.1,calendar_time_zone_understanding,80,0.2625,0.2725,4.2027,1.3282,0.919,0.6565,,,0,0.0,38.5,37.3,47.8,/Users/admin/Code/typed-decision-bench/output/von-1.1_stats.jsonl,100
von-1.1,historical_fact_verification,80,1.0,0.9735,0.0278,0.0047,0.9735,0.0265,,,0,0.0,40.0,37.3,47.8,/Users/admin/Code/typed-decision-bench/output/von-1.1_stats.jsonl,101
von-1.1,historical_anachronism_detection,80,0.2375,0.2342,5.1579,1.5031,0.985,0.7541,,,0,0.0,37.6,36.5,46.4,/Users/admin/Code/typed-decision-bench/output/von-1.1_stats.jsonl,102
von-1.1,geographical_consistency,80,0.8,0.7982,1.3118,0.3989,0.9976,0.1976,,,0,0.0,38.0,36.8,42.6,/Users/admin/Code/typed-decision-bench/output/von-1.1_stats.jsonl,103
von-1.1,weather_state_interpretation,80,0.1625,0.1667,5.2355,1.6582,0.9957,0.8332,,,0,0.0,37.4,36.9,40.1,/Users/admin/Code/typed-decision-bench/output/von-1.1_stats.jsonl,104
von-1.1,scientific_hypothesis_plausibility,80,0.3,0.3449,3.1482,1.0548,0.8075,0.5075,,,0,0.0,37.5,37.0,40.2,/Users/admin/Code/typed-decision-bench/output/von-1.1_stats.jsonl,105
von-1.1,experimental_design_judgement,80,0.3625,0.3202,2.3606,0.9491,0.6975,0.3376,,,0,0.0,37.2,36.6,40.3,/Users/admin/Code/typed-decision-bench/output/von-1.1_stats.jsonl,106
von-1.1,measurement_uncertainty_reasoning,80,0.3375,0.3789,1.9865,1.15,0.9479,0.6104,,,0,0.0,37.4,36.9,41.0,/Users/admin/Code/typed-decision-bench/output/von-1.1_stats.jsonl,107
von-1.1,biological_system_reasoning,80,0.625,0.5983,1.8785,0.7336,0.9444,0.3712,,,0,0.0,37.5,36.7,40.7,/Users/admin/Code/typed-decision-bench/output/von-1.1_stats.jsonl,108
von-1.1,biological_signal_understanding,80,0.3875,0.3225,2.3032,0.9765,0.7299,0.3713,,,0,0.0,40.5,37.9,47.0,/Users/admin/Code/typed-decision-bench/output/von-1.1_stats.jsonl,109
von-1.1,medical_differential_reasoning_benchmarks,80,1.0,0.9202,0.0942,0.0355,0.9202,0.0798,,,0,0.0,37.9,36.6,45.2,/Users/admin/Code/typed-decision-bench/output/von-1.1_stats.jsonl,110
von-1.1,medical_chronology_consistency,80,0.6,0.6195,1.6655,0.7184,0.9756,0.3756,,,0,0.0,37.2,36.5,41.3,/Users/admin/Code/typed-decision-bench/output/von-1.1_stats.jsonl,111
von-1.1,translation_correctness,80,0.225,0.1971,2.6334,0.9885,0.5214,0.3171,,,0,0.0,38.9,37.3,42.8,/Users/admin/Code/typed-decision-bench/output/von-1.1_stats.jsonl,112
von-1.1,grammar_judgement,80,0.2375,0.2551,2.1981,1.0105,0.6401,0.4026,,,0,0.0,39.7,37.6,52.1,/Users/admin/Code/typed-decision-bench/output/von-1.1_stats.jsonl,113
von-1.1,glossary_adherence,80,0.6125,0.6188,1.7504,0.7471,0.9921,0.3796,,,0,0.0,41.9,37.6,67.6,/Users/admin/Code/typed-decision-bench/output/von-1.1_stats.jsonl,114
von-1.1,synonym_semantic_substitution_scoring,80,0.3625,0.338,7.2069,1.189,0.9078,0.5729,,,0,0.0,40.0,38.0,48.2,/Users/admin/Code/typed-decision-bench/output/von-1.1_stats.jsonl,115
von-1.1,word_sense_disambiguation,80,0.8625,0.7968,0.3091,0.2038,0.8594,0.0344,,,0,0.0,37.1,36.7,41.3,/Users/admin/Code/typed-decision-bench/output/von-1.1_stats.jsonl,116
von-1.1,language_dialect_identification,80,0.2125,0.1987,2.9732,1.152,0.6782,0.4657,,,0,0.0,38.4,38.2,43.1,/Users/admin/Code/typed-decision-bench/output/von-1.1_stats.jsonl,117
von-1.1,code_switch_understanding,80,0.1625,0.192,3.2237,1.2672,0.7467,0.6002,,,0,0.0,37.9,37.0,42.1,/Users/admin/Code/typed-decision-bench/output/von-1.1_stats.jsonl,118
von-1.1,pragmatic_intent_understanding,80,0.1875,0.218,2.6117,1.1208,0.6587,0.4904,,,0,0.0,39.0,37.8,46.6,/Users/admin/Code/typed-decision-bench/output/von-1.1_stats.jsonl,119
von-1.1,sarcasm_and_humor_understanding,80,0.2125,0.2235,2.9631,1.2664,0.796,0.5835,,,0,0.0,37.9,37.3,41.7,/Users/admin/Code/typed-decision-bench/output/von-1.1_stats.jsonl,120
von-1.1,humor_explanation_correctness,80,1.0,0.9861,0.0147,0.0026,0.9861,0.0139,,,0,0.0,37.8,37.0,41.5,/Users/admin/Code/typed-decision-bench/output/von-1.1_stats.jsonl,121
von-1.1,mood_atmosphere_understanding,80,0.45,0.3313,1.4588,0.6864,0.471,0.1625,,,0,0.0,37.6,36.9,40.8,/Users/admin/Code/typed-decision-bench/output/von-1.1_stats.jsonl,122
von-1.1,tone_register_classification,80,0.7375,0.6635,0.932,0.3841,0.7944,0.1268,,,0,0.0,38.1,37.3,45.4,/Users/admin/Code/typed-decision-bench/output/von-1.1_stats.jsonl,123
von-1.1,dialogue_coherence,80,0.4625,0.4093,1.9503,0.8212,0.7396,0.3266,,,0,0.0,38.4,37.3,44.9,/Users/admin/Code/typed-decision-bench/output/von-1.1_stats.jsonl,124
von-1.1,conversation_state_tracking,80,0.475,0.387,1.4061,0.7081,0.6155,0.2279,,,0,0.0,38.9,37.2,48.6,/Users/admin/Code/typed-decision-bench/output/von-1.1_stats.jsonl,125
von-1.1,persona_consistency,80,0.6625,0.5728,0.904,0.4774,0.7253,0.1625,,,0,0.0,37.6,36.7,44.1,/Users/admin/Code/typed-decision-bench/output/von-1.1_stats.jsonl,126
von-1.1,theory_of_mind_false_belief_reasoning,80,0.5125,0.4972,2.5243,0.755,0.826,0.3295,,,0,0.0,40.2,39.2,47.5,/Users/admin/Code/typed-decision-bench/output/von-1.1_stats.jsonl,127
von-1.1,embodied_unknowns,80,0.4375,0.4193,4.243,1.1316,0.981,0.5766,,,0,0.0,37.5,36.8,41.7,/Users/admin/Code/typed-decision-bench/output/von-1.1_stats.jsonl,128
von-1.1,embodied_time_aware_world_views,80,0.5375,0.5655,1.2255,0.6914,0.8707,0.3606,,,0,0.0,38.1,37.4,42.8,/Users/admin/Code/typed-decision-bench/output/von-1.1_stats.jsonl,129
von-1.1,embodied_emotions,80,0.4,0.3881,2.3204,0.8955,0.7625,0.366,,,0,0.0,38.3,38.0,42.4,/Users/admin/Code/typed-decision-bench/output/von-1.1_stats.jsonl,130
von-1.1,emotion_cause_attribution,80,0.45,0.535,1.0134,0.6983,0.8202,0.3702,,,0,0.0,37.8,37.1,41.6,/Users/admin/Code/typed-decision-bench/output/von-1.1_stats.jsonl,131
von-1.1,social_norm_reasoning,80,0.45,0.4075,1.7283,0.7642,0.6975,0.277,,,0,0.0,38.0,37.3,43.4,/Users/admin/Code/typed-decision-bench/output/von-1.1_stats.jsonl,132
von-1.1,relationship_permission_reasoning,80,0.875,0.8837,0.2,0.152,0.9372,0.0927,,,0,0.0,37.8,37.1,43.0,/Users/admin/Code/typed-decision-bench/output/von-1.1_stats.jsonl,133
von-1.1,embodied_animal_understanding,80,0.4125,0.4244,1.6422,0.8278,0.7659,0.3683,,,0,0.0,38.5,37.1,50.1,/Users/admin/Code/typed-decision-bench/output/von-1.1_stats.jsonl,134
von-1.1,animal_affordance_constraint_reasoning,80,0.725,0.7195,1.0336,0.4628,0.9267,0.2141,,,0,0.0,37.5,36.7,41.7,/Users/admin/Code/typed-decision-bench/output/von-1.1_stats.jsonl,135
von-1.1,narrative_next_event_plausibility,80,0.5875,0.5065,1.0801,0.608,0.7195,0.2186,,,0,0.0,38.1,37.1,43.3,/Users/admin/Code/typed-decision-bench/output/von-1.1_stats.jsonl,136
von-1.1,character_goal_consistency,80,0.8375,0.847,0.469,0.264,0.9713,0.1529,,,0,0.0,37.3,36.4,41.7,/Users/admin/Code/typed-decision-bench/output/von-1.1_stats.jsonl,137
von-1.1,ocr_ngram_based_text_recognition,80,0.4375,0.4203,2.1737,0.9275,0.8387,0.4174,,,0,0.0,39.8,38.8,43.8,/Users/admin/Code/typed-decision-bench/output/von-1.1_stats.jsonl,138
von-1.1,noisy_ocr_reconstruction,80,0.175,0.2013,2.7568,1.2515,0.7529,0.5779,,,0,0.0,37.7,36.6,43.5,/Users/admin/Code/typed-decision-bench/output/von-1.1_stats.jsonl,139
von-1.1,document_field_association,80,0.3375,0.312,4.9254,1.1428,0.8359,0.5338,,,0,0.0,39.6,38.5,46.4,/Users/admin/Code/typed-decision-bench/output/von-1.1_stats.jsonl,140
von-1.1,document_type_classification,80,0.475,0.4347,2.2031,0.8796,0.8193,0.361,,,0,0.0,37.7,37.0,42.5,/Users/admin/Code/typed-decision-bench/output/von-1.1_stats.jsonl,141
von-1.1,document_workflow_state,80,0.375,0.3191,3.0082,1.0385,0.7728,0.4056,,,0,0.0,37.7,36.8,42.1,/Users/admin/Code/typed-decision-bench/output/von-1.1_stats.jsonl,142
von-1.1,table_reasoning_from_linearized_text,80,0.2375,0.2375,8.31,1.5217,0.9983,0.7608,,,0,0.0,41.5,40.6,47.9,/Users/admin/Code/typed-decision-bench/output/von-1.1_stats.jsonl,143
von-1.1,spreadsheet_formula_semantics_from_text,80,0.275,0.2413,2.6674,1.0465,0.6457,0.3768,,,0,0.0,37.6,37.1,41.6,/Users/admin/Code/typed-decision-bench/output/von-1.1_stats.jsonl,144
von-1.1,form_completeness,80,0.45,0.4252,3.1273,0.8785,0.8012,0.3512,,,0,0.0,39.7,38.5,46.1,/Users/admin/Code/typed-decision-bench/output/von-1.1_stats.jsonl,145
von-1.1,contract_clause_consistency,80,0.6375,0.5008,1.3588,0.5805,0.68,0.1796,,,0,0.0,37.4,36.8,41.2,/Users/admin/Code/typed-decision-bench/output/von-1.1_stats.jsonl,146
von-1.1,requirement_traceability,80,0.325,0.3172,3.2455,0.9991,0.7247,0.3997,,,0,0.0,37.9,37.3,42.2,/Users/admin/Code/typed-decision-bench/output/von-1.1_stats.jsonl,147
von-1.1,business_process_conformance,80,0.25,0.2384,1.908,0.9403,0.5337,0.3021,,,0,0.0,38.9,37.9,46.2,/Users/admin/Code/typed-decision-bench/output/von-1.1_stats.jsonl,148
von-1.1,email_thread_state_understanding,80,0.35,0.3185,3.3717,1.0346,0.7726,0.4451,,,0,0.0,37.6,37.3,42.4,/Users/admin/Code/typed-decision-bench/output/von-1.1_stats.jsonl,149
von-1.1,action_item_extraction_verification,80,0.6,0.6073,1.8793,0.7701,0.992,0.392,,,0,0.0,37.4,36.8,41.6,/Users/admin/Code/typed-decision-bench/output/von-1.1_stats.jsonl,150
von-1.1,product_catalog_matching,80,0.275,0.2827,3.2821,1.2278,0.8558,0.5911,,,0,0.0,42.3,42.1,45.1,/Users/admin/Code/typed-decision-bench/output/von-1.1_stats.jsonl,151
von-1.1,compatibility_matching,80,0.5625,0.5864,1.8622,0.7856,0.976,0.4135,,,0,0.0,37.2,36.6,42.1,/Users/admin/Code/typed-decision-bench/output/von-1.1_stats.jsonl,152
von-1.1,taxonomy_category_assignment,80,0.3,0.3417,1.8315,0.9988,0.7843,0.4941,,,0,0.0,38.2,37.5,42.9,/Users/admin/Code/typed-decision-bench/output/von-1.1_stats.jsonl,153
von-1.1,multi_label_topic_classification,80,1.0,0.9995,0.0005,0.0,0.9995,0.0005,,,0,0.0,37.9,37.1,42.3,/Users/admin/Code/typed-decision-bench/output/von-1.1_stats.jsonl,154
von-1.1,domain_identification,80,0.4625,0.3885,2.4499,0.8102,0.6966,0.2341,,,0,0.0,37.7,36.6,42.1,/Users/admin/Code/typed-decision-bench/output/von-1.1_stats.jsonl,155
von-1.1,expertise_level_estimation_of_text,80,0.625,0.6109,2.1962,0.6742,0.9382,0.3132,,,0,0.0,37.4,37.0,41.9,/Users/admin/Code/typed-decision-bench/output/von-1.1_stats.jsonl,156
von-1.1,explanation_necessity_judgement,80,0.5625,0.5719,1.0704,0.701,0.8933,0.371,,,0,0.0,38.1,36.7,41.5,/Users/admin/Code/typed-decision-bench/output/von-1.1_stats.jsonl,157
von-1.1,explanation_quality_judgement,80,0.3375,0.3361,1.9343,0.8166,0.6105,0.2826,,,0,0.0,37.8,36.9,42.0,/Users/admin/Code/typed-decision-bench/output/von-1.1_stats.jsonl,158
von-1.1,rationale_to_answer_consistency,80,0.4625,0.5053,1.6413,0.8738,0.9148,0.4648,,,0,0.0,37.4,36.9,41.1,/Users/admin/Code/typed-decision-bench/output/von-1.1_stats.jsonl,159
von-1.1,constraint_satisfaction_judgement,80,0.35,0.3391,3.7149,1.2371,0.9407,0.6214,,,0,0.0,37.8,37.3,41.0,/Users/admin/Code/typed-decision-bench/output/von-1.1_stats.jsonl,160
von-1.1,soft_vs_hard_constraint_discrimination,80,0.6375,0.5858,1.3282,0.5956,0.821,0.2538,,,0,0.0,37.2,36.7,40.1,/Users/admin/Code/typed-decision-bench/output/von-1.1_stats.jsonl,161
von-1.1,preference_learning_from_explicit_examples,80,0.575,0.4974,1.9877,0.8628,0.9109,0.4953,,,0,0.0,39.7,39.0,44.2,/Users/admin/Code/typed-decision-bench/output/von-1.1_stats.jsonl,162
von-1.1,multi_criteria_scoring_consistency,80,0.4125,0.4047,2.4434,1.0784,0.9263,0.5427,,,0,0.0,40.4,37.5,54.2,/Users/admin/Code/typed-decision-bench/output/von-1.1_stats.jsonl,163
von-1.1,rubric_based_quality_assessment,80,0.425,0.3898,1.3093,0.6409,0.5563,0.2302,0.7633,0.7375,0,0.0,43.2,39.9,55.8,/Users/admin/Code/typed-decision-bench/output/von-1.1_stats.jsonl,164
von-1.1,comparative_judgement_transitivity,80,0.4125,0.4129,4.1449,1.1727,0.9992,0.5867,,,0,0.0,44.5,38.1,76.2,/Users/admin/Code/typed-decision-bench/output/von-1.1_stats.jsonl,165
von-1.1,pairwise_preference_prediction,80,0.675,0.6655,0.9807,0.4723,0.8574,0.2004,,,0,0.0,48.2,40.2,97.3,/Users/admin/Code/typed-decision-bench/output/von-1.1_stats.jsonl,166
von-1.1,set_coverage_diversity_judgement,80,1.0,0.9398,0.0636,0.0101,0.9398,0.0602,,,0,0.0,39.4,37.5,52.5,/Users/admin/Code/typed-decision-bench/output/von-1.1_stats.jsonl,167
von-1.1,redundancy_detection,80,0.25,0.2445,2.298,1.036,0.6478,0.3978,,,0,0.0,37.9,36.8,41.9,/Users/admin/Code/typed-decision-bench/output/von-1.1_stats.jsonl,168
von-1.1,information_density_judgement,80,0.0375,0.221,3.0172,1.0597,0.5465,0.509,1.0131,0.475,0,0.0,41.4,38.8,57.0,/Users/admin/Code/typed-decision-bench/output/von-1.1_stats.jsonl,169
von-1.1,data_quality_validation,80,0.275,0.2889,3.4821,1.2633,0.8912,0.6315,,,0,0.0,43.2,39.8,53.6,/Users/admin/Code/typed-decision-bench/output/von-1.1_stats.jsonl,170
von-1.1,synthetic_data_plausibility,80,0.4125,0.4353,2.6769,1.0876,0.9769,0.5644,,,0,0.0,37.6,36.9,41.7,/Users/admin/Code/typed-decision-bench/output/von-1.1_stats.jsonl,171
von-1.1,class_label_leakage_detection,80,0.8125,0.8145,0.7199,0.3483,0.9845,0.1831,,,0,0.0,37.8,37.1,42.4,/Users/admin/Code/typed-decision-bench/output/von-1.1_stats.jsonl,172
von-1.1,dataset_example_quality,80,0.15,0.1604,9.6504,1.5727,0.9286,0.7786,,,0,0.0,37.4,36.9,41.0,/Users/admin/Code/typed-decision-bench/output/von-1.1_stats.jsonl,173
von-1.1,benchmark_contamination_clues,80,0.4375,0.3987,3.7242,1.0534,0.9002,0.5084,,,0,0.0,39.1,38.3,44.8,/Users/admin/Code/typed-decision-bench/output/von-1.1_stats.jsonl,174
von-1.1,adversarial_example_detection,80,0.3375,0.3683,2.1078,0.9423,0.7799,0.4424,,,0,0.0,38.0,37.1,42.1,/Users/admin/Code/typed-decision-bench/output/von-1.1_stats.jsonl,175
von-1.1,spurious_correlation_resistance,80,0.0875,0.1155,4.4405,1.4446,0.7756,0.7017,,,0,0.0,38.5,37.8,44.2,/Users/admin/Code/typed-decision-bench/output/von-1.1_stats.jsonl,176
von-1.1,invariant_detection,80,0.5875,0.5948,1.9433,0.7813,0.9846,0.3971,,,0,0.0,37.4,36.8,41.5,/Users/admin/Code/typed-decision-bench/output/von-1.1_stats.jsonl,177
von-1.1,boundary_condition_judgement,80,0.2375,0.2381,5.7995,1.5226,0.9994,0.7619,,,0,0.0,38.4,36.6,42.1,/Users/admin/Code/typed-decision-bench/output/von-1.1_stats.jsonl,178
von-1.1,failure_mode_classification,80,0.225,0.2132,2.6418,1.1752,0.717,0.4943,,,0,0.0,37.6,37.2,40.9,/Users/admin/Code/typed-decision-bench/output/von-1.1_stats.jsonl,179
von-1.1,recoverability_judgement,80,0.325,0.2614,2.0894,0.8756,0.5251,0.215,,,0,0.0,37.1,36.6,40.0,/Users/admin/Code/typed-decision-bench/output/von-1.1_stats.jsonl,180
von-1.1,reversibility_destructiveness,80,0.475,0.4054,2.1825,0.8464,0.7469,0.3222,,,0,0.0,37.7,37.0,41.7,/Users/admin/Code/typed-decision-bench/output/von-1.1_stats.jsonl,181
von-1.1,operational_urgency,80,0.6375,0.6298,2.0182,0.7094,0.9838,0.3463,0.6743,0.7,0,0.0,39.7,39.2,44.2,/Users/admin/Code/typed-decision-bench/output/von-1.1_stats.jsonl,182
von-1.1,change_risk_judgement,80,0.225,0.2033,2.6827,1.1805,0.7314,0.5379,1.0796,0.45,0,0.0,37.7,36.7,41.2,/Users/admin/Code/typed-decision-bench/output/von-1.1_stats.jsonl,183
von-1.1,regression_likelihood_judgement,80,0.15,0.2266,1.8425,0.9235,0.4648,0.3371,0.9297,0.5875,0,0.0,39.3,38.7,43.3,/Users/admin/Code/typed-decision-bench/output/von-1.1_stats.jsonl,184
von-1.1,human_vs_machine_task_suitability,80,0.4625,0.4274,1.585,0.7004,0.673,0.2105,,,0,0.0,38.8,36.7,45.1,/Users/admin/Code/typed-decision-bench/output/von-1.1_stats.jsonl,185
von-1.1,live_data_requirement,80,0.625,0.6239,8.0601,0.75,0.9989,0.3739,,,0,0.0,37.2,36.5,41.7,/Users/admin/Code/typed-decision-bench/output/von-1.1_stats.jsonl,186
von-1.1,information_acquisition_value,80,0.6,0.5532,1.7991,0.6342,0.8234,0.227,,,0,0.0,37.4,36.8,40.8,/Users/admin/Code/typed-decision-bench/output/von-1.1_stats.jsonl,187
von-1.1,stopping_decision_sufficiency,80,0.25,0.2881,2.3379,1.2841,0.9043,0.6872,,,0,0.0,37.3,36.7,40.9,/Users/admin/Code/typed-decision-bench/output/von-1.1_stats.jsonl,188
von-1.1,confidence_vs_evidence_consistency,80,0.275,0.2827,2.606,1.2324,0.8554,0.5945,,,0,0.0,37.6,36.7,41.3,/Users/admin/Code/typed-decision-bench/output/von-1.1_stats.jsonl,189
von-1.1,self_consistency_across_outputs,80,0.6,0.6303,1.3652,0.6705,0.9513,0.3513,,,0,0.0,37.0,36.4,40.4,/Users/admin/Code/typed-decision-bench/output/von-1.1_stats.jsonl,190
von-1.1,granularity_selection,80,0.45,0.4142,1.9058,0.8014,0.7392,0.3191,,,0,0.0,37.7,37.4,41.4,/Users/admin/Code/typed-decision-bench/output/von-1.1_stats.jsonl,191
von-1.1,abstraction_level_matching,80,0.3375,0.3567,1.3795,0.7682,0.5853,0.2478,,,0,0.0,37.1,36.6,39.9,/Users/admin/Code/typed-decision-bench/output/von-1.1_stats.jsonl,192
von-1.1,analogy_validity,80,0.4,0.3542,1.8081,0.811,0.6368,0.2847,,,0,0.0,38.7,37.0,47.8,/Users/admin/Code/typed-decision-bench/output/von-1.1_stats.jsonl,193
von-1.1,category_error_detection,80,0.725,0.6516,0.9727,0.4078,0.7915,0.103,,,0,0.0,38.0,37.3,41.5,/Users/admin/Code/typed-decision-bench/output/von-1.1_stats.jsonl,194
von-1.1,cognitive_bias_illogic_detection,80,0.1375,0.1481,4.4794,1.633,0.9625,0.825,,,0,0.0,38.8,38.2,43.4,/Users/admin/Code/typed-decision-bench/output/von-1.1_stats.jsonl,195
von-1.1,contradiction_resolution,80,0.425,0.3746,1.8724,0.9024,0.7549,0.3791,,,0,0.0,37.6,37.0,40.7,/Users/admin/Code/typed-decision-bench/output/von-1.1_stats.jsonl,196
von-1.1,scope_reasoning,80,0.2875,0.3399,2.1849,1.1035,0.8533,0.5658,,,0,0.0,39.0,38.5,42.9,/Users/admin/Code/typed-decision-bench/output/von-1.1_stats.jsonl,197
von-1.1,quantifier_reasoning_in_natural_text,80,0.475,0.4615,1.695,0.763,0.7681,0.2931,,,0,0.0,39.6,38.6,45.3,/Users/admin/Code/typed-decision-bench/output/von-1.1_stats.jsonl,198
von-1.1,negation_polarity_tracking,80,0.4375,0.4536,1.9221,0.8036,0.7911,0.3536,,,0,0.0,41.8,39.0,48.6,/Users/admin/Code/typed-decision-bench/output/von-1.1_stats.jsonl,199
von-1.1,reference_coreference_resolution,80,0.3625,0.3592,3.6814,0.8805,0.6962,0.3483,,,0,0.0,44.2,39.2,69.7,/Users/admin/Code/typed-decision-bench/output/von-1.1_stats.jsonl,200
von-1.1,comparative_language_reasoning,80,0.4,0.3625,2.8362,0.9998,0.8154,0.468,,,0,0.0,40.3,38.7,53.3,/Users/admin/Code/typed-decision-bench/output/von-1.1_stats.jsonl,201
von-1.1,definition_adherence,80,0.775,0.7766,1.711,0.4351,0.9925,0.2204,,,0,0.0,37.4,36.3,41.0,/Users/admin/Code/typed-decision-bench/output/von-1.1_stats.jsonl,202
von-1.1,local_rule_over_world_knowledge_judgement,80,0.775,0.7905,0.8686,0.3469,0.9478,0.1854,,,0,0.0,37.2,36.8,39.9,/Users/admin/Code/typed-decision-bench/output/von-1.1_stats.jsonl,203
von-1.1,world_model_consistency,80,0.5625,0.5563,2.9533,0.8562,0.9749,0.4305,,,0,0.0,37.6,36.7,41.2,/Users/admin/Code/typed-decision-bench/output/von-1.1_stats.jsonl,204
von-1.1,long_context_distractor_resistance,80,0.2125,0.2427,3.0986,1.2826,0.8394,0.6274,,,0,0.0,43.7,43.2,48.5,/Users/admin/Code/typed-decision-bench/output/von-1.1_stats.jsonl,205
von-1.1,needle_set_retrieval,80,0.4125,0.3514,1.8706,0.7572,0.5645,0.1741,,,0,0.0,41.3,40.3,47.5,/Users/admin/Code/typed-decision-bench/output/von-1.1_stats.jsonl,206
von-1.1,cross_domain_synthesis,80,0.625,0.6237,1.9534,0.7417,0.9945,0.3695,,,0,0.0,38.9,38.0,42.7,/Users/admin/Code/typed-decision-bench/output/von-1.1_stats.jsonl,207
von-1.1,minimal_sufficient_explanation_selection,80,1.0,0.8719,0.1649,0.0715,0.8719,0.1281,,,0,0.0,42.5,39.2,47.8,/Users/admin/Code/typed-decision-bench/output/von-1.1_stats.jsonl,208
von-1.1,competing_hypothesis_discrimination,80,0.2625,0.2839,2.0706,1.0749,0.7452,0.4827,,,0,0.0,37.2,36.9,40.0,/Users/admin/Code/typed-decision-bench/output/von-1.1_stats.jsonl,209
von-1.1,mechanism_vs_pattern_distinction,80,0.3,0.3235,2.5573,1.0722,0.7915,0.5161,,,0,0.0,39.2,37.7,45.8,/Users/admin/Code/typed-decision-bench/output/von-1.1_stats.jsonl,210
von-1.1,decision_robustness,80,0.5375,0.5173,2.74,0.9047,0.9557,0.453,,,0,0.0,37.1,36.6,40.4,/Users/admin/Code/typed-decision-bench/output/von-1.1_stats.jsonl,211
von-1.1,sensitivity_analysis,80,0.35,0.3685,2.623,1.042,0.8378,0.4945,,,0,0.0,39.3,38.9,43.5,/Users/admin/Code/typed-decision-bench/output/von-1.1_stats.jsonl,212
von-1.1,dominated_information_detection,80,0.5125,0.5132,2.6035,0.9574,0.9902,0.4865,,,0,0.0,37.4,36.3,41.3,/Users/admin/Code/typed-decision-bench/output/von-1.1_stats.jsonl,213
von-1.1,consistency_under_paraphrase,80,0.35,0.3654,3.9599,1.1645,0.9164,0.5827,,,0,0.0,38.5,36.7,51.2,/Users/admin/Code/typed-decision-bench/output/von-1.1_stats.jsonl,214
von-1.1,consistency_under_irrelevant_context_insertion,80,0.45,0.4452,2.5274,1.0363,0.9573,0.525,,,0,0.0,39.4,38.2,44.0,/Users/admin/Code/typed-decision-bench/output/von-1.1_stats.jsonl,215
von-1.1,consistency_under_option_permutation,80,0.9625,0.9343,0.0829,0.0434,0.9417,0.056,,,0,0.0,37.5,36.6,42.3,/Users/admin/Code/typed-decision-bench/output/von-1.1_stats.jsonl,216
von-1.1,calibration_under_ambiguity,80,0.2125,0.2294,3.5459,1.353,0.8823,0.6698,1.0268,0.4875,0,0.0,37.0,36.2,43.1,/Users/admin/Code/typed-decision-bench/output/von-1.1_stats.jsonl,217
von-1.1,support_department,80,0.825,0.8187,1.0842,0.3457,0.9906,0.1744,,,0,0.0,37.4,36.6,41.2,/Users/admin/Code/typed-decision-bench/output/von-1.1_stats.jsonl,218
von-1.1,email_intent,80,0.9625,0.9721,0.0407,0.0277,0.9746,0.0125,,,0,0.0,36.9,36.5,39.0,/Users/admin/Code/typed-decision-bench/output/von-1.1_stats.jsonl,219
von-1.1,refund_eligible,80,0.825,0.8249,1.4993,0.3499,0.9999,0.1749,,,0,0.0,43.9,43.5,48.5,/Users/admin/Code/typed-decision-bench/output/von-1.1_stats.jsonl,220
von-1.1,urgency,80,0.5625,0.5822,1.4533,0.7666,0.9557,0.4096,,,0,0.0,41.5,41.2,44.7,/Users/admin/Code/typed-decision-bench/output/von-1.1_stats.jsonl,221
von-1.1,secret_leak,80,0.625,0.5951,1.3572,0.6825,0.9125,0.3418,,,0,0.0,43.3,42.7,46.9,/Users/admin/Code/typed-decision-bench/output/von-1.1_stats.jsonl,222
von-1.1,frustration_level,80,1.0,0.9428,0.0627,0.0191,0.9428,0.0572,0.0572,1.0,0,0.0,35.7,34.9,39.6,/Users/admin/Code/typed-decision-bench/output/von-1.1_stats.jsonl,223
von-1.1,incident_severity,80,0.9125,0.882,2.451,0.1846,0.9695,0.1162,0.118,1.0,0,0.0,37.7,37.2,40.7,/Users/admin/Code/typed-decision-bench/output/von-1.1_stats.jsonl,224
von-1.1,review_sentiment,80,0.825,0.8059,0.3654,0.2657,0.9168,0.1937,0.1932,1.0,0,0.0,37.4,36.7,42.6,/Users/admin/Code/typed-decision-bench/output/von-1.1_stats.jsonl,225
von-1.1,support_department_hard,80,0.35,0.3421,12.6749,1.2469,0.9509,0.6185,,,0,0.0,42.1,41.3,48.2,/Users/admin/Code/typed-decision-bench/output/von-1.1_stats.jsonl,226
von-1.1,email_intent_hard,80,0.425,0.4037,10.7821,1.0495,0.8949,0.4914,,,0,0.0,43.2,41.5,52.4,/Users/admin/Code/typed-decision-bench/output/von-1.1_stats.jsonl,227
von-1.1,refund_eligible_hard,80,0.5375,0.5315,4.8518,0.8425,0.935,0.421,,,0,0.0,48.0,46.9,53.5,/Users/admin/Code/typed-decision-bench/output/von-1.1_stats.jsonl,228
von-1.1,urgency_hard,80,0.55,0.5772,1.3858,0.7148,0.9089,0.3768,,,0,0.0,47.2,45.7,54.5,/Users/admin/Code/typed-decision-bench/output/von-1.1_stats.jsonl,229
von-1.1,secret_leak_hard,80,0.5,0.5018,1.4751,0.8188,0.883,0.3944,,,0,0.0,49.4,47.1,55.5,/Users/admin/Code/typed-decision-bench/output/von-1.1_stats.jsonl,230
von-1.1,frustration_level_hard,80,0.45,0.456,12.332,1.042,0.9701,0.5277,0.6063,0.725,0,0.0,40.1,39.1,45.0,/Users/admin/Code/typed-decision-bench/output/von-1.1_stats.jsonl,231
von-1.1,incident_severity_hard,80,0.3625,0.3511,11.1434,1.2232,0.952,0.5895,0.968,0.5625,0,0.0,42.3,41.0,49.2,/Users/admin/Code/typed-decision-bench/output/von-1.1_stats.jsonl,232
von-1.1,review_sentiment_hard,80,0.4375,0.4218,5.2982,1.0043,0.9011,0.4636,0.9917,0.65,0,0.0,40.5,39.4,45.4,/Users/admin/Code/typed-decision-bench/output/von-1.1_stats.jsonl,233
von-1.1,expense_category,80,0.975,0.9589,0.1226,0.0579,0.9809,0.0381,,,0,0.0,37.2,36.7,41.2,/Users/admin/Code/typed-decision-bench/output/von-1.1_stats.jsonl,234
von-1.1,oncall_route,80,0.9875,0.9476,0.0727,0.0286,0.9486,0.0389,,,0,0.0,37.5,36.9,41.4,/Users/admin/Code/typed-decision-bench/output/von-1.1_stats.jsonl,235
von-1.1,churn_risk,80,0.95,0.9513,0.1694,0.0719,0.9816,0.0316,0.061,0.9875,0,0.0,38.0,37.2,43.9,/Users/admin/Code/typed-decision-bench/output/von-1.1_stats.jsonl,236
von-1.1,lead_qualification,80,0.825,0.8298,1.0103,0.2631,0.9431,0.1181,0.2512,0.875,0,0.0,39.4,37.4,49.0,/Users/admin/Code/typed-decision-bench/output/von-1.1_stats.jsonl,237
von-1.1,app_review_intent,80,1.0,0.9892,0.0117,0.003,0.9892,0.0108,,,0,0.0,37.5,36.4,43.4,/Users/admin/Code/typed-decision-bench/output/von-1.1_stats.jsonl,238
von-1.1,content_moderation,80,0.75,0.7218,2.7489,0.4672,0.9283,0.2416,,,0,0.0,38.0,37.6,42.5,/Users/admin/Code/typed-decision-bench/output/von-1.1_stats.jsonl,239
von-1.1,code_review_intent,80,0.6625,0.7035,3.0252,0.5195,0.9402,0.2866,,,0,0.0,43.9,38.4,79.5,/Users/admin/Code/typed-decision-bench/output/von-1.1_stats.jsonl,240
von-1.1,commit_intent,80,0.5125,0.5185,3.6697,0.8247,0.9092,0.4158,,,0,0.0,44.5,43.7,53.6,/Users/admin/Code/typed-decision-bench/output/von-1.1_stats.jsonl,241
von-1.1,recipe_cuisine,80,0.8125,0.7905,0.3981,0.2051,0.851,0.0914,,,0,0.0,43.5,43.0,49.4,/Users/admin/Code/typed-decision-bench/output/von-1.1_stats.jsonl,242
von-1.1,question_duplicate,80,0.9625,0.9103,0.2225,0.0868,0.9356,0.0396,,,0,0.0,44.1,42.9,52.1,/Users/admin/Code/typed-decision-bench/output/von-1.1_stats.jsonl,243
von-1.1,sql_injection_risk,80,0.475,0.475,9.1533,1.0498,0.9999,0.5249,,,0,0.0,43.7,42.9,48.5,/Users/admin/Code/typed-decision-bench/output/von-1.1_stats.jsonl,244
von-1.1,travel_policy_violation,80,0.725,0.6588,0.6927,0.4297,0.8247,0.1855,,,0,0.0,46.1,44.7,51.9,/Users/admin/Code/typed-decision-bench/output/von-1.1_stats.jsonl,245
von-1.1,contains_pii,80,0.7,0.7102,1.7918,0.5444,0.9761,0.2799,,,0,0.0,42.6,42.5,44.8,/Users/admin/Code/typed-decision-bench/output/von-1.1_stats.jsonl,246
von-1.1,contains_spoiler,80,0.55,0.5794,3.1029,0.7904,0.9625,0.4203,,,0,0.0,42.0,41.8,44.3,/Users/admin/Code/typed-decision-bench/output/von-1.1_stats.jsonl,247
von-1.1,formality_level,80,0.5125,0.5057,5.8345,0.9329,0.9649,0.4524,0.8441,0.775,0,0.0,37.3,36.8,40.3,/Users/admin/Code/typed-decision-bench/output/von-1.1_stats.jsonl,248
von-1.1,phishing_email,80,0.5,0.4898,2.9166,0.9832,0.98,0.4834,,,0,0.0,46.7,45.3,54.1,/Users/admin/Code/typed-decision-bench/output/von-1.1_stats.jsonl,249
von-1.1,meeting_conflict,80,0.4375,0.442,2.2589,1.0558,0.9627,0.5293,,,0,0.0,43.2,42.7,47.8,/Users/admin/Code/typed-decision-bench/output/von-1.1_stats.jsonl,250
von-1.1,hazmat_shipping,80,0.6375,0.6429,2.0786,0.6727,0.9768,0.3393,,,0,0.0,45.2,43.4,52.2,/Users/admin/Code/typed-decision-bench/output/von-1.1_stats.jsonl,251
von-1.1,dietary_vegan,80,0.7875,0.7392,0.5247,0.3397,0.8773,0.1387,,,0,0.0,42.4,41.9,46.8,/Users/admin/Code/typed-decision-bench/output/von-1.1_stats.jsonl,252
von-1.1,news_topic,80,0.9875,0.9873,0.0767,0.0248,0.9998,0.0123,,,0,0.0,37.5,36.6,42.8,/Users/admin/Code/typed-decision-bench/output/von-1.1_stats.jsonl,253
von-1.1,document_type,80,0.85,0.7822,1.6799,0.3306,0.9214,0.199,,,0,0.0,37.7,37.2,42.0,/Users/admin/Code/typed-decision-bench/output/von-1.1_stats.jsonl,254
von-1.1,reading_level,80,0.825,0.8486,0.626,0.2095,0.9399,0.1149,0.1673,0.9875,0,0.0,37.9,37.1,41.5,/Users/admin/Code/typed-decision-bench/output/von-1.1_stats.jsonl,255
von-1.1,insurance_claim_priority,80,0.375,0.4251,5.6881,0.912,0.8237,0.4572,1.0275,0.6375,0,0.0,37.9,37.8,41.8,/Users/admin/Code/typed-decision-bench/output/von-1.1_stats.jsonl,256
von-1.1,symptom_triage,80,0.9375,0.9651,0.0498,0.0366,0.9701,0.0349,0.0349,1.0,0,0.0,36.8,36.6,39.4,/Users/admin/Code/typed-decision-bench/output/von-1.1_stats.jsonl,257
von-1.1,delivery_exception,80,0.9125,0.9208,0.2038,0.1409,0.9902,0.0792,,,0,0.0,37.9,37.1,40.9,/Users/admin/Code/typed-decision-bench/output/von-1.1_stats.jsonl,258
von-1.1,city_service_request,80,0.9875,0.9871,0.3458,0.025,0.9996,0.0121,,,0,0.0,38.9,37.5,47.5,/Users/admin/Code/typed-decision-bench/output/von-1.1_stats.jsonl,259
von-1.1,ad_policy_violation,80,0.575,0.542,8.7852,0.8428,0.9504,0.446,,,0,0.0,45.4,43.1,49.9,/Users/admin/Code/typed-decision-bench/output/von-1.1_stats.jsonl,260
von-1.1,fair_housing_violation,80,0.8125,0.8045,1.4301,0.2872,0.9287,0.1813,,,0,0.0,43.3,42.6,48.5,/Users/admin/Code/typed-decision-bench/output/von-1.1_stats.jsonl,261
von-1.1,contract_clause_type,80,1.0,0.9985,0.0016,0.0002,0.9985,0.0015,,,0,0.0,37.4,36.4,40.9,/Users/admin/Code/typed-decision-bench/output/von-1.1_stats.jsonl,262
von-1.1,voice_assistant_intent,80,0.9375,0.927,0.1049,0.0722,0.943,0.0259,,,0,0.0,38.1,37.3,42.6,/Users/admin/Code/typed-decision-bench/output/von-1.1_stats.jsonl,263
von-1.1,grammar_issue,80,0.475,0.4309,1.5637,0.7533,0.719,0.2947,,,0,0.0,37.2,36.5,41.1,/Users/admin/Code/typed-decision-bench/output/von-1.1_stats.jsonl,264
von-1.1,action_item_assignment,80,0.7,0.7035,0.7237,0.4646,0.9135,0.2135,,,0,0.0,42.1,41.0,47.7,/Users/admin/Code/typed-decision-bench/output/von-1.1_stats.jsonl,265
von-1.1,suspicious_transaction,80,0.7375,0.7363,2.0944,0.4701,0.9667,0.2328,,,0,0.0,43.4,42.5,47.4,/Users/admin/Code/typed-decision-bench/output/von-1.1_stats.jsonl,266
von-1.1,return_reason,80,0.4875,0.4864,5.6033,0.9833,0.9737,0.4954,,,0,0.0,38.9,37.8,48.7,/Users/admin/Code/typed-decision-bench/output/von-1.1_stats.jsonl,267
von-1.1,allergen_present,80,0.775,0.7615,2.0097,0.4417,0.98,0.2166,,,0,0.0,45.3,43.0,55.4,/Users/admin/Code/typed-decision-bench/output/von-1.1_stats.jsonl,268
von-1.1,home_service_routing,80,0.9875,0.9454,0.0764,0.0468,0.9514,0.0543,,,0,0.0,37.9,37.5,41.1,/Users/admin/Code/typed-decision-bench/output/von-1.1_stats.jsonl,269
von-1.1,gaming_report_type,80,0.8625,0.8513,0.6732,0.2554,0.9741,0.1251,,,0,0.0,39.4,39.1,42.5,/Users/admin/Code/typed-decision-bench/output/von-1.1_stats.jsonl,270
von-1.1,warranty_claim_eligible,80,0.5375,0.5684,2.24,0.7488,0.9194,0.3819,,,0,0.0,43.4,42.6,49.9,/Users/admin/Code/typed-decision-bench/output/von-1.1_stats.jsonl,271
von-1.1,weather_alert_severity,80,0.4125,0.4643,1.5474,0.8374,0.8422,0.4297,0.7628,0.6625,0,0.0,37.8,37.4,40.7,/Users/admin/Code/typed-decision-bench/output/von-1.1_stats.jsonl,272
von-1.1,content_type,80,0.6625,0.6546,5.6602,0.6704,0.9854,0.3397,,,0,0.0,37.7,36.8,44.0,/Users/admin/Code/typed-decision-bench/output/von-1.1_stats.jsonl,273
von-1.1,veterinary_triage,80,0.8875,0.8381,0.9586,0.2376,0.9458,0.1405,0.1661,1.0,0,0.0,37.1,36.0,43.4,/Users/admin/Code/typed-decision-bench/output/von-1.1_stats.jsonl,274
von-1.1,gpqa_diamond,81,0.2099,0.1929,4.0508,1.1645,0.6571,0.4472,,,0,0.0,41.0,39.2,51.6,/Users/admin/Code/typed-decision-bench/output/von-1.1_stats.jsonl,275
von-1.1,micro,22001,0.4958,0.4857,2.7345,0.8137,0.8437,0.3479,0.6337,0.749,0,0.0,39.7,38.3,47.1,/Users/admin/Code/typed-decision-bench/output/von-1.1_stats.jsonl,276
